2025 2 4 13 53 14 959
202.30 210.34 194.37 12.50 7.40 15.10 47.98 23.98 51.32 36.25 178.57 65.05 184.55 208.12 221.94 197.52
0.00 -0.50 -0.20
0.00 0.20 -0.20
0.60 0.20 -0.20
-0.30 -0.20 0.10
0.60 0.80 -0.20
0.00 -0.50 -0.20
-0.30 0.20 0.10
0.00 0.20 0.10
0.60 -0.50 -0.20
-0.30 0.20 0.10
0.00 -0.20 0.10
0.00 -0.20 -0.20
0.60 -0.50 -0.20
-0.30 0.20 0.10
0.60 -0.20 -0.20
0.00 -0.50 -0.20
0.00 1.10 -0.20
0.60 -1.40 -0.20
0.00 0.20 0.10
0.00 0.20 -0.20
-0.30 -0.50 0.10
-0.30 0.20 -0.20
0.60 -0.50 0.10
0.00 0.20 -0.20
0.00 -0.20 -0.20
-0.30 -0.50 -0.20
0.60 0.20 -0.20
0.00 -0.20 -0.20
0.00 0.20 -0.20
0.00 -0.50 0.10
0.00 0.80 -0.20
0.00 -0.50 -0.20
0.60 -0.20 0.10
-0.30 0.80 -0.20
-0.30 -0.80 -0.20
0.00 0.80 -0.20
0.60 -0.50 -0.20
-0.30 0.20 -0.20
0.60 1.10 -0.20
0.00 -0.80 0.10
0.60 0.20 -0.20
0.00 -0.50 -0.20
0.60 -0.50 0.10
0.00 0.20 1.00
0.00 -0.50 -0.20
0.00 -0.20 -0.20
0.00 -0.20 0.10
-0.30 -0.80 0.10
-0.30 -0.20 1.30
0.00 -0.20 4.20
0.60 -0.20 6.30
0.60 -0.50 10.10
2.50 0.20 11.70
4.00 0.20 12.90
6.20 1.10 14.50
7.80 3.00 15.10
9.40 3.90 15.10
10.60 4.90 15.10
11.30 5.80 15.10
11.60 6.40 14.50
12.50 6.70 14.20
12.50 6.40 14.20
12.50 7.40 13.60
12.50 6.70 13.60
11.60 6.70 12.90
11.60 7.40 12.60
11.00 7.40 12.30
11.00 7.40 12.30
11.60 6.70 11.10
10.60 6.40 10.70
10.60 6.70 11.10
10.00 5.80 10.10
10.00 7.40 9.80
9.70 5.50 9.80
9.40 6.70 9.80
9.70 6.40 9.50
9.40 5.20 8.50
8.80 5.80 9.50
8.80 5.20 8.20
8.40 5.20 8.50
8.40 5.80 8.20
8.10 4.20 7.90
8.10 5.20 8.20
8.10 4.90 7.90
7.80 4.20 7.30
7.20 4.90 7.00
7.20 3.90 6.70
7.20 3.90 7.00
7.20 4.90 6.30
6.20 3.60 6.30
6.90 3.90 5.70
6.90 4.20 6.30
6.20 3.00 5.70
5.60 4.20 5.40
6.60 3.00 5.40
6.20 3.00 5.40
5.60 3.90 5.10
5.30 2.70 5.10
5.30 3.00 5.10
5.00 2.40 5.10
5.30 3.00 4.50
5.00 2.70 4.20
4.40 3.00 4.20
5.00 2.70 4.20
4.40 2.70 3.80
4.00 2.70 4.20
4.00 2.00 3.80
3.70 2.40 4.20
4.40 2.40 3.80
3.70 2.00 3.80
3.70 2.00 3.50
3.70 1.10 2.90
3.70 2.40 2.90
3.40 1.10 2.90
3.70 2.00 2.60
3.40 1.40 2.90
3.70 1.10 2.60
3.40 1.40 2.90
3.40 1.10 2.90
2.80 2.00 2.60
3.70 1.10 2.60
2.80 0.80 2.30
2.80 2.00 2.30
2.50 0.80 2.90
2.80 1.10 2.30
2.50 1.10 2.30
2.50 0.80 2.30
2.50 1.10 2.30
2.80 1.10 2.30
2.50 0.80 1.60
2.80 2.00 1.60
2.50 1.10 2.30
2.20 1.10 1.60
2.20 0.20 2.30
2.20 0.80 1.30
1.20 1.10 1.60
2.50 0.80 1.60
1.20 0.20 2.30
2.20 1.10 1.30
1.20 1.10 1.60
1.20 0.20 1.30
2.20 0.80 1.30
1.20 1.10 1.30
1.20 0.80 1.30
1.20 0.80 1.30
1.20 0.20 1.30
1.20 0.20 1.00
0.90 0.80 1.30
0.90 0.20 1.60
0.90 0.80 1.30
1.20 1.10 1.30
0.90 -0.20 1.00
1.20 0.20 1.30
0.60 0.20 1.30
1.20 0.80 1.00
0.60 0.80 1.30
1.20 -0.20 1.00
1.20 0.80 1.30
2.20 0.20 1.00
1.20 0.80 1.00
1.20 0.20 1.00
0.90 0.20 1.30
1.20 0.80 0.10
0.90 -0.50 1.30
0.90 0.20 0.10
0.90 -0.20 1.30
0.90 0.80 1.00
1.20 0.80 1.00
0.90 -0.50 1.00
0.90 -0.20 1.30
1.20 0.20 1.00
0.90 0.20 1.00
1.20 1.10 1.00
0.60 -0.80 1.00
1.20 1.10 1.00
0.60 -0.20 1.00
1.20 -0.20 1.00
0.60 0.20 1.00
0.60 0.20 0.10
0.60 -0.20 1.00
0.90 -0.20 1.00
0.60 0.20 0.10
0.90 0.20 1.00
0.90 -0.20 0.10
1.20 -0.20 0.10
0.60 -0.50 0.10
0.60 0.20 1.00
0.60 -0.20 1.00
0.90 -0.50 -0.20
0.60 0.20 0.10
0.60 -0.20 0.10
0.90 -0.50 0.10
1.20 -0.20 1.00
0.60 -0.50 0.10
0.60 0.20 -0.20
0.60 -0.50 0.10
0.90 -0.50 0.10
0.60 -0.20 0.10
0.60 -0.20 0.10
0.60 -0.20 1.00
2025 2 4 13 56 24 55
209.41 200.01 196.15 23.90 12.90 21.80 83.48 45.76 77.82 46.02 101.46 40.19 114.87 209.73 204.06 196.73
0.40 0.60 0.10
0.40 -0.30 0.10
-0.20 0.60 -0.20
-0.20 0.30 0.10
0.40 0.60 0.10
-0.20 0.60 -0.20
-0.20 0.30 -0.20
-0.50 0.60 0.10
0.40 0.30 -0.20
-0.20 1.20 0.10
0.40 0.00 -0.20
-0.50 0.30 -0.20
0.40 0.60 -0.20
-0.50 -1.30 0.10
-0.20 0.60 0.10
-0.20 -1.00 0.10
-0.20 0.00 0.10
-0.50 0.00 -0.20
-0.20 -1.60 -0.20
-0.20 0.60 0.10
-0.20 -1.30 -0.20
-0.50 0.00 -0.20
-0.50 0.00 -0.20
-0.50 -1.00 -0.20
-0.20 0.30 -0.20
-0.20 -1.30 1.10
-0.20 0.60 0.10
-0.20 -0.30 0.10
0.40 0.30 1.10
-0.20 0.30 -0.20
0.40 0.00 0.10
-0.20 1.20 -0.20
0.40 -0.30 -0.20
-0.20 0.60 0.10
-0.20 1.20 -0.20
-0.20 -0.30 0.10
-0.20 1.60 -0.20
-0.20 -0.30 -0.20
-0.20 0.60 -0.20
-0.20 0.00 -0.20
-0.20 -0.30 0.10
-0.50 0.30 1.10
-0.20 -1.00 -0.20
-0.50 -0.30 0.10
-0.20 -0.30 0.10
-0.20 -1.00 0.10
-0.50 0.30 -0.20
-0.20 -0.30 0.10
-0.20 0.60 0.10
-0.50 -1.00 4.20
-0.20 0.30 8.60
-0.20 1.20 12.40
0.70 3.40 15.80
2.60 5.90 18.60
5.40 8.80 20.80
9.80 9.70 21.80
15.20 10.00 21.80
17.00 10.00 21.50
19.20 11.60 21.50
21.10 11.60 20.80
22.40 12.90 20.80
23.60 12.50 20.20
23.90 12.90 20.20
23.90 11.90 19.90
23.60 12.50 18.60
22.40 11.90 18.30
22.40 11.60 18.00
22.10 11.60 17.40
21.10 10.00 17.10
20.80 10.30 16.40
20.50 10.70 16.40
19.60 10.00 15.50
19.90 9.70 15.50
18.60 9.70 14.60
18.60 9.70 14.60
18.30 9.10 14.60
18.00 9.70 13.90
17.00 9.10 13.60
17.00 8.50 13.60
16.40 8.80 13.00
16.40 7.80 12.70
15.50 9.10 12.40
15.20 8.50 11.70
14.20 6.90 11.10
14.80 9.10 10.80
13.60 6.90 10.80
13.60 8.50 10.20
13.30 7.20 9.80
13.30 6.30 9.80
12.30 7.80 9.50
11.40 5.90 8.90
11.10 6.30 8.30
11.40 5.60 8.30
10.50 5.60 8.30
10.50 5.90 8.00
10.80 4.70 8.00
10.80 5.60 8.00
9.50 4.10 7.00
9.50 5.30 7.00
9.20 4.70 7.00
9.20 4.10 7.00
8.60 5.30 6.70
8.60 3.40 6.70
8.30 5.30 6.70
8.30 4.10 6.40
7.60 3.40 6.40
7.60 4.70 5.80
7.90 2.80 5.50
7.90 4.40 5.80
7.00 3.10 5.80
7.00 4.10 5.50
6.70 4.10 5.10
6.70 3.10 5.10
6.70 3.40 4.50
6.40 3.10 4.50
6.40 3.40 4.20
6.10 2.80 4.20
5.40 2.80 4.20
5.40 3.40 4.20
5.40 1.60 4.20
5.40 3.40 3.90
4.80 1.90 3.90
5.10 2.50 4.20
4.80 2.50 4.20
5.10 1.20 3.60
4.80 1.90 2.90
4.20 1.90 3.60
4.20 2.50 3.60
4.80 1.90 2.90
4.20 1.60 2.90
3.90 1.90 2.90
3.90 2.50 2.90
4.20 1.90 2.90
3.90 1.20 2.60
3.90 1.90 2.60
3.60 1.60 3.60
3.90 2.50 2.60
3.60 2.50 2.30
3.60 1.20 2.30
2.60 1.90 2.30
3.60 1.60 2.30
2.60 1.20 2.60
3.20 1.90 2.30
2.60 1.20 2.30
2.60 1.60 2.30
3.20 0.60 2.30
2.60 1.20 1.70
2.60 0.60 1.70
2.60 0.60 2.30
2.30 1.20 1.70
2.60 0.60 1.70
2.30 1.60 2.30
2.30 0.30 1.70
2.30 0.60 2.30
2.00 1.20 1.70
1.00 0.30 2.30
2.30 1.20 1.70
2.00 0.30 1.70
1.00 1.60 1.70
1.00 0.30 1.40
2.00 0.60 1.70
1.00 0.60 1.40
1.00 0.30 1.40
1.00 1.60 2.30
2.00 0.00 1.40
1.00 0.60 1.40
2.00 1.60 1.10
0.70 0.00 1.40
1.00 1.60 1.40
0.70 0.30 1.70
0.70 0.60 1.40
0.70 1.20 1.40
0.70 -0.30 1.40
0.70 1.20 1.10
0.70 0.30 1.10
0.70 0.30 1.40
1.00 0.60 1.40
0.70 -0.30 1.40
0.70 1.20 1.10
0.40 -0.30 1.10
1.00 0.60 1.40
0.70 0.00 1.40
0.70 0.60 1.40
0.40 0.60 1.40
0.70 0.30 1.40
0.70 1.20 1.40
0.40 0.00 1.40
0.40 1.20 1.40
0.70 0.60 1.10
0.40 -0.30 1.10
0.70 1.60 1.10
0.40 -0.30 1.40
0.70 1.20 1.40
0.40 0.00 1.10
0.40 0.60 1.10
0.40 0.60 1.10
0.70 -0.30 1.10
-0.20 0.60 1.10
0.40 0.00 1.10
0.40 0.30 1.40
2025 2 4 14 3 13 608
194.79 198.49 191.38 13.70 61.80 8.30 54.61 216.68 27.70 15.26 180.28 9.26 69.01 198.01 194.78 196.33
-0.10 -0.60 0.80
0.50 -0.30 -0.20
-0.40 -0.30 -0.50
0.50 -0.30 -0.50
-0.10 0.00 -0.20
0.50 0.00 -0.20
-0.10 -0.60 -0.50
0.90 0.30 -0.50
-0.10 0.00 -0.20
0.50 -0.30 -0.50
-0.10 -0.30 -0.50
-0.10 0.00 -0.20
-0.10 0.00 0.80
-0.10 0.00 -0.20
-0.40 -0.30 -0.20
0.50 0.00 -0.20
0.50 0.00 0.80
0.50 0.00 -0.50
-0.10 -0.30 -0.20
0.50 0.00 0.80
0.50 -0.30 -0.20
0.50 -0.60 -0.20
-0.10 0.00 -0.50
0.50 -0.60 -0.20
0.50 -0.60 -0.50
-0.10 0.00 -0.50
0.50 -1.20 -0.20
0.50 0.00 -0.20
-0.10 0.00 -0.50
-0.10 -0.60 -0.50
0.50 0.00 -0.50
0.50 -0.60 -0.50
-0.40 -0.30 -0.50
0.50 0.00 -0.20
-0.40 -0.60 -0.50
-0.10 0.30 -0.20
-0.40 -0.30 -0.50
0.50 0.00 -0.20
-0.10 -0.30 -0.50
0.50 -0.30 -0.50
-0.40 0.30 -0.50
-0.10 -0.60 -0.50
-0.10 0.00 -0.80
-0.10 -0.30 -0.50
-0.10 -0.30 -0.50
-0.10 -0.30 0.80
-0.10 -1.20 -0.20
-0.10 1.00 -0.20
-0.40 -0.60 2.00
1.20 0.30 4.90
2.40 2.80 6.10
5.20 9.70 7.10
8.10 20.40 8.00
9.30 32.30 8.30
9.90 42.40 8.00
11.50 50.20 8.30
12.80 52.70 8.30
13.70 57.70 8.00
13.40 57.40 8.00
13.40 61.20 8.00
13.70 60.60 7.70
13.40 61.80 7.70
12.50 61.20 7.10
13.40 60.30 6.70
13.40 61.20 6.70
12.80 58.40 6.40
12.80 57.70 6.40
12.50 56.20 6.40
11.50 54.30 6.40
12.80 53.40 6.10
10.90 50.50 6.10
10.90 50.20 6.10
10.60 49.00 5.50
10.60 46.80 5.20
10.60 46.10 5.20
9.60 45.20 5.20
9.60 43.90 4.90
9.60 42.40 4.20
9.30 41.70 4.90
9.30 40.50 4.20
8.70 39.90 4.20
8.70 38.90 4.20
8.10 37.00 4.20
8.10 37.00 3.90
7.80 35.50 3.60
7.80 33.90 3.60
6.80 33.00 3.90
7.10 31.70 3.90
6.80 31.10 3.60
7.80 30.10 3.30
6.80 29.50 3.30
6.80 28.60 2.70
6.20 28.60 3.30
6.20 26.70 3.30
6.20 26.10 3.30
5.60 26.10 2.70
5.60 24.20 2.70
6.50 24.20 2.40
5.60 22.60 2.70
5.20 22.60 2.00
5.20 22.30 2.70
5.20 21.00 2.00
5.20 21.00 2.40
4.90 20.10 2.00
4.90 19.50 2.40
4.90 18.80 2.00
4.00 18.20 2.00
4.30 18.50 1.40
4.30 17.00 2.00
4.30 17.30 1.40
4.00 15.70 2.00
3.70 15.70 1.10
4.00 15.40 2.00
3.70 13.20 2.00
3.70 14.50 1.40
4.00 13.20 2.00
3.70 12.90 1.40
3.70 13.80 2.00
2.70 11.60 1.40
2.70 12.60 1.40
3.40 11.60 1.10
2.70 11.00 1.10
2.70 11.60 1.40
2.70 10.10 0.80
3.40 10.40 1.40
3.40 9.70 1.10
2.70 9.70 1.10
2.70 9.70 1.10
2.70 8.50 1.10
2.70 9.70 1.10
2.70 7.50 2.00
2.70 9.40 1.40
2.70 7.50 1.10
2.40 7.50 1.10
2.40 9.40 1.10
2.40 5.70 1.40
2.40 7.50 2.00
2.40 6.00 1.10
2.40 5.70 1.10
2.70 6.90 1.10
2.70 5.40 2.00
2.40 6.90 0.80
2.40 5.00 0.80
2.40 5.70 1.40
2.10 5.70 1.10
2.40 5.00 0.80
2.40 5.40 1.10
1.20 5.00 1.10
2.10 5.40 1.40
2.10 4.40 1.10
2.10 4.10 1.10
2.10 5.00 1.10
0.90 3.80 1.10
2.10 5.40 0.80
0.50 3.80 0.80
1.20 4.10 1.10
2.10 3.80 1.10
0.90 3.20 0.80
0.90 3.80 0.80
2.10 3.20 0.80
1.20 3.20 0.80
2.10 3.20 0.80
0.90 2.80 0.80
0.90 3.20 0.80
1.20 2.50 1.10
1.20 3.80 -0.20
0.90 1.60 0.80
0.90 3.20 0.80
0.90 2.50 0.80
1.20 2.50 -0.20
0.90 2.80 0.80
0.90 2.20 0.80
0.50 3.20 -0.20
0.90 2.20 -0.20
0.50 2.50 -0.20
0.50 2.50 -0.20
0.50 1.60 0.80
1.20 2.80 -0.20
0.50 1.30 -0.20
0.50 1.60 -0.50
0.50 1.60 0.80
1.20 2.50 0.80
0.50 1.60 0.80
0.90 1.00 -0.50
0.50 2.20 0.80
1.20 1.00 -0.20
0.90 1.30 -0.20
0.90 2.50 -0.50
0.50 1.00 -0.20
0.90 2.50 -0.50
0.90 0.30 -0.20
0.90 1.30 -0.20
0.50 1.60 -0.20
1.20 1.30 -0.20
0.50 1.30 -0.20
1.20 1.30 -0.20
0.50 1.60 -0.20
0.50 1.60 -0.20
0.50 1.60 -0.50
0.50 1.30 -0.50
2025 2 4 14 3 37 774
191.84 188.00 203.45 18.00 8.30 9.50 62.04 30.11 33.14 38.87 335.73 41.15 294.03 193.99 199.96 207.20
-0.20 -0.20 0.00
-0.50 -0.50 1.00
-0.20 0.10 0.00
-0.50 -0.50 -0.30
-0.50 0.10 -0.30
-0.50 -0.20 0.00
-0.20 0.50 -0.30
-0.50 -0.20 0.00
-0.20 0.10 -0.30
-0.50 -0.20 -0.30
-0.20 0.10 0.00
-0.50 0.10 0.00
-0.20 0.50 -0.30
0.50 -0.50 0.00
0.50 0.10 -0.30
-0.20 -0.20 0.00
0.50 -0.20 1.00
-0.20 0.50 -0.30
0.50 -0.50 -0.30
-0.20 0.50 0.00
0.50 -0.20 0.00
0.50 -0.50 -0.30
0.50 1.10 -0.30
0.50 -0.50 0.00
-0.20 0.50 0.00
0.50 -0.20 -0.30
0.50 -0.50 -0.30
0.50 0.10 0.00
0.80 -0.20 0.00
0.50 0.10 0.00
0.80 0.10 -0.30
0.50 0.10 -0.30
0.80 -0.20 -0.30
0.50 -0.50 -0.30
0.80 0.50 0.00
-0.50 -1.10 0.00
0.50 1.10 -0.30
0.50 -0.20 -0.30
0.50 -0.50 -0.30
0.50 1.10 -0.30
0.50 -0.50 1.00
-0.20 0.50 0.00
0.50 -0.20 -0.30
0.50 -0.50 0.00
0.80 1.10 0.00
-0.20 -0.50 -0.30
-0.20 0.10 -0.30
-0.20 -0.20 -0.30
0.50 0.10 0.00
2.60 2.60 -0.30
5.20 3.30 0.00
8.00 4.20 2.20
10.80 5.50 5.70
13.30 6.70 8.20
14.90 7.00 8.50
16.50 7.00 8.80
17.70 8.30 8.50
17.70 7.00 8.80
18.00 8.30 8.50
17.10 7.00 9.50
17.10 7.00 8.50
17.10 8.30 8.50
16.80 7.00 8.50
16.50 6.70 8.20
16.10 7.70 8.20
15.20 6.70 7.90
15.20 7.00 7.90
14.30 7.00 7.30
14.30 6.70 7.00
13.90 7.00 7.00
13.60 6.10 6.60
12.70 6.10 6.60
13.30 6.70 6.30
11.40 5.50 6.30
12.40 6.10 6.30
11.10 5.80 5.70
11.10 5.80 5.70
11.40 5.80 6.30
11.10 5.80 6.30
9.90 5.50 5.40
10.50 5.20 5.40
9.90 5.20 5.10
9.20 5.20 4.40
9.20 4.20 4.40
9.20 5.50 4.40
9.20 3.30 5.10
9.20 4.20 4.40
8.60 4.20 4.40
8.30 3.30 4.10
8.00 4.20 4.10
8.00 3.30 4.10
7.00 4.20 4.10
7.70 4.20 3.80
6.70 3.00 3.80
7.00 3.90 3.80
6.70 2.60 3.80
6.70 3.90 3.50
6.40 3.00 2.90
6.40 2.60 2.90
6.10 3.30 2.90
6.40 2.30 2.90
5.50 3.30 3.50
6.10 1.70 2.90
5.20 1.70 2.90
5.20 3.30 2.90
5.20 1.40 2.60
6.10 3.00 2.20
4.80 1.40 2.90
4.80 2.30 2.60
3.90 1.70 2.20
4.20 1.10 2.60
3.90 2.60 2.20
3.90 1.70 2.60
3.90 2.60 2.60
4.20 2.30 2.20
3.60 1.40 2.60
3.60 2.60 2.20
3.60 1.70 2.60
3.60 2.60 1.60
2.60 1.70 2.20
3.30 2.30 1.60
2.60 3.00 2.20
3.30 1.40 2.20
2.60 2.60 2.20
2.60 1.40 2.20
2.60 1.40 2.20
2.60 2.30 2.20
2.60 0.50 2.20
2.60 2.30 1.60
2.30 1.40 2.20
2.60 1.40 1.60
2.00 1.40 1.60
2.30 1.70 1.30
2.00 1.40 1.60
2.60 1.40 1.30
2.00 1.40 1.30
2.00 1.10 1.00
2.30 2.30 1.30
2.30 0.50 1.30
2.00 1.40 1.30
2.30 2.30 1.00
2.00 0.10 1.30
2.30 1.70 1.00
2.00 0.50 1.30
2.00 1.10 1.30
1.10 1.40 1.60
2.30 0.50 1.30
1.10 0.50 1.30
2.00 1.40 1.00
1.10 1.10 1.30
1.10 0.50 1.00
1.10 1.40 1.00
1.10 0.10 1.00
1.10 0.50 1.30
2.00 1.10 1.00
0.80 0.10 1.00
1.10 1.40 1.00
0.80 -0.20 1.00
0.80 0.50 1.00
0.80 1.10 0.00
0.50 0.10 1.00
0.50 1.10 1.00
1.10 0.10 1.00
0.50 0.50 1.00
0.80 0.50 1.00
0.50 0.10 1.00
0.80 1.10 1.00
0.80 -0.20 1.00
1.10 1.10 1.00
0.50 -0.20 1.00
1.10 -0.20 1.00
0.50 1.10 1.00
0.50 -0.50 1.00
0.50 1.10 1.00
1.10 0.10 1.00
0.50 -0.20 1.00
0.80 1.70 0.00
0.50 -0.50 -0.30
0.80 1.10 0.00
0.50 0.10 0.00
0.50 -0.50 0.00
0.50 1.40 0.00
0.80 -0.20 1.00
0.50 -0.20 1.00
0.80 -0.20 0.00
0.50 0.50 0.00
0.50 1.10 1.00
0.50 -0.50 1.00
-0.20 0.50 0.00
0.80 -0.50 0.00
0.80 0.50 1.00
-0.50 -0.20 0.00
0.50 -0.20 0.00
0.50 0.50 0.00
0.50 -1.10 0.00
0.50 0.50 -0.30
0.50 -0.20 0.00
0.50 -0.20 1.00
0.50 1.10 0.00
-0.50 -1.10 0.00
2025 2 4 14 5 50 707
203.58 194.58 211.93 72.70 69.90 13.40 339.17 252.19 51.18 39.96 0.03 68.34 347.23 200.06 190.68 215.17
-0.40 0.50 -0.40
0.50 -0.40 -0.40
-0.40 0.20 -0.10
-0.10 0.20 -0.40
-0.40 -0.40 -0.40
0.50 0.20 -0.10
-0.10 -0.40 -0.10
0.50 0.20 -0.10
0.50 0.20 -0.10
0.50 -0.10 -0.40
0.50 0.50 -0.10
0.50 -0.40 0.90
0.90 0.20 -0.10
0.50 0.20 -0.10
0.90 -0.10 -0.10
0.50 -0.10 -0.10
0.50 -0.10 -0.40
0.50 -0.10 -0.10
0.50 0.20 -0.10
0.50 -0.10 -0.10
-0.10 0.20 -0.40
0.90 0.20 -0.10
0.50 -0.40 -0.40
0.50 0.20 -0.10
0.50 -0.10 -0.40
0.50 0.20 -0.10
0.50 -0.10 0.90
0.50 -0.10 -0.40
0.50 0.20 -0.40
0.90 -0.10 -0.40
-0.10 0.20 -0.40
0.50 -0.10 -0.40
-0.10 -0.10 -0.10
0.50 0.50 -0.40
0.50 -0.40 -0.40
0.50 0.50 -0.10
-0.10 -0.10 -0.40
0.50 -0.10 -0.10
-0.10 0.20 -0.10
-0.10 -0.40 -0.40
-0.10 0.20 -0.10
0.90 -0.10 -0.40
0.50 -0.10 -0.40
0.50 0.50 -0.40
0.50 -0.40 -0.10
-0.10 0.50 -0.40
-0.10 -0.40 -0.40
0.50 0.50 -0.40
-0.10 -0.10 -0.10
0.50 2.40 -0.10
-0.10 11.20 -0.40
2.10 21.50 -0.40
8.70 34.70 1.50
26.90 42.90 2.70
44.50 53.50 5.60
58.90 60.40 7.80
72.40 64.50 8.70
72.70 67.30 9.70
72.70 67.70 10.90
72.70 68.60 12.20
72.70 69.90 12.20
72.70 69.20 12.50
72.70 68.60 12.50
72.70 67.00 12.50
72.70 65.50 12.80
72.70 64.50 13.40
72.70 62.00 12.80
72.70 60.40 12.80
72.70 59.80 13.40
72.70 57.60 12.80
72.70 56.40 12.50
72.70 55.40 12.50
72.70 53.50 12.20
72.70 52.90 10.90
72.70 51.30 10.90
72.70 49.80 10.00
72.70 48.50 10.60
72.70 47.90 10.00
72.40 46.00 10.00
71.40 44.10 9.70
69.60 44.10 9.30
67.00 41.90 8.70
65.80 41.30 8.70
63.00 40.40 8.70
61.10 38.50 8.40
59.50 37.90 7.80
57.30 36.90 8.10
56.40 35.70 8.10
54.50 34.40 8.10
52.90 33.20 6.80
51.40 32.50 7.10
50.70 31.30 6.80
48.50 31.30 6.50
47.90 29.70 6.80
45.70 28.80 6.50
44.50 28.80 6.20
42.60 27.20 6.20
41.60 27.80 5.60
40.70 25.30 5.60
39.40 25.30 5.60
37.90 24.70 5.60
37.20 23.40 5.30
36.30 24.10 5.30
35.40 22.50 4.30
34.40 21.50 4.90
32.50 21.90 4.30
31.60 20.30 4.30
31.00 20.60 4.00
29.70 19.70 4.00
29.70 18.40 3.70
28.10 18.70 4.00
27.80 17.80 4.00
26.60 17.50 3.70
25.60 16.20 3.70
25.30 15.90 3.70
24.40 15.60 3.40
23.80 15.30 3.70
22.50 14.60 3.70
21.60 13.40 3.40
21.20 14.00 3.40
20.90 13.40 3.70
20.90 12.40 4.00
20.00 12.80 4.00
18.70 11.20 4.00
18.40 11.80 3.70
18.10 11.80 3.40
17.20 10.20 3.40
17.20 11.50 3.40
16.90 9.90 3.70
16.20 10.20 2.40
15.30 9.90 2.70
15.60 9.60 2.70
15.00 10.20 2.40
14.30 9.90 2.40
14.00 9.60 3.40
14.00 9.60 2.10
13.40 8.70 2.40
13.40 8.70 2.10
12.80 7.70 2.40
12.80 8.40 2.40
12.80 7.70 2.40
12.50 8.40 2.10
11.50 7.10 2.10
11.20 7.10 2.10
10.90 7.10 2.40
10.90 6.20 2.10
10.00 6.20 2.10
10.00 6.20 2.10
9.60 6.20 2.10
9.60 5.90 2.10
9.30 6.80 2.10
8.70 6.20 1.50
8.40 6.20 1.50
8.70 5.50 1.50
8.10 5.20 2.10
8.10 5.90 1.50
7.10 5.20 1.50
7.80 5.20 1.50
7.10 5.20 1.50
7.10 5.20 1.20
6.80 5.20 1.50
7.10 4.30 1.50
6.80 5.20 1.20
6.80 4.30 1.20
6.50 5.20 1.50
6.20 4.30 1.20
6.20 3.30 1.50
6.20 5.20 -0.10
5.60 3.00 1.50
6.20 4.30 0.90
4.90 3.30 1.20
5.20 3.30 0.90
4.90 4.00 1.20
5.20 2.70 1.20
4.90 4.30 1.20
4.90 3.30 0.90
4.30 2.70 0.90
4.30 4.00 0.90
3.70 1.80 0.90
4.30 3.30 -0.10
3.70 2.70 0.90
4.30 3.00 0.90
4.00 3.00 0.90
4.00 3.00 -0.10
3.70 3.30 0.90
4.00 2.40 -0.10
3.70 3.00 0.90
4.00 3.00 0.90
2.70 2.70 0.90
3.70 3.00 0.90
2.70 1.80 -0.10
3.40 3.00 -0.10
3.40 1.80 0.90
3.40 1.80 -0.10
3.40 2.70 -0.10
3.40 1.80 -0.10
2.70 1.50 -0.10
3.70 1.80 -0.10
2.70 1.80 -0.10
3.40 1.80 -0.10
2025 2 4 14 6 14 927
195.92 197.61 209.46 72.80 51.40 18.50 315.47 183.06 61.67 40.81 312.16 67.41 310.68 191.58 194.47 210.73
-0.30 -0.30 0.90
0.00 0.60 -0.30
-0.30 0.30 -0.30
0.00 0.00 -0.30
0.00 0.00 -0.30
0.00 0.30 -0.30
0.00 0.00 0.00
0.00 0.00 0.00
0.70 -0.30 -0.30
-0.30 0.00 -0.30
0.00 0.30 -0.30
0.00 -0.30 0.90
-0.30 0.30 -0.30
0.70 0.60 0.00
0.00 0.00 -0.30
0.70 0.30 -0.30
0.00 -0.90 -0.30
0.70 0.30 -0.30
-0.30 0.00 -0.30
0.00 0.30 0.00
0.00 0.00 0.90
0.70 0.30 -0.60
-0.30 0.60 0.00
0.00 0.00 0.00
0.70 0.00 0.00
0.00 0.00 -0.30
0.00 0.30 0.00
0.00 -0.30 -0.30
0.00 0.00 -0.30
0.70 0.30 -0.30
-0.30 -0.30 -0.30
0.00 0.30 0.00
0.00 0.30 -0.30
0.00 0.30 -0.30
0.00 0.00 -0.30
0.70 0.00 0.00
-0.30 0.00 -0.30
0.00 0.30 -0.30
0.00 0.00 0.00
0.00 0.00 -0.30
0.70 0.30 -0.30
0.00 0.30 -0.30
0.00 0.00 -0.30
0.70 0.30 -0.30
-0.30 0.00 -0.30
0.00 0.00 -0.60
0.00 0.00 -0.30
0.00 0.00 -0.30
0.00 0.00 0.00
2.80 1.20 0.00
9.70 3.40 0.00
21.70 10.00 0.90
38.00 20.10 2.20
51.50 30.10 6.30
66.80 37.30 8.50
72.80 41.70 12.60
72.80 46.10 14.40
72.80 50.20 16.30
72.80 50.50 16.90
72.80 51.40 17.90
72.80 51.40 18.50
72.80 51.40 18.50
72.80 50.80 18.20
72.80 50.20 17.30
72.80 49.20 16.90
72.80 47.70 17.30
72.80 47.70 16.60
72.80 46.40 16.60
72.80 45.50 16.30
72.80 44.20 15.10
72.80 42.00 15.10
72.80 41.70 14.10
72.80 40.20 14.40
71.60 38.90 13.50
70.00 38.00 13.50
68.40 36.40 12.60
66.80 35.80 12.60
65.30 34.80 12.20
63.70 34.20 12.60
62.50 32.90 12.20
60.90 31.70 12.20
58.70 31.40 11.60
56.80 29.80 10.70
54.60 30.10 11.00
52.70 27.90 10.70
51.50 27.90 10.00
49.90 27.30 9.70
48.70 26.30 9.40
47.10 25.70 9.40
45.80 24.50 9.40
44.60 24.20 8.50
43.00 22.90 8.50
41.70 22.60 8.50
40.20 22.00 7.20
38.90 21.60 7.80
38.60 20.70 7.20
37.40 20.40 7.20
36.40 19.80 6.90
34.50 19.10 6.60
34.20 18.50 6.60
32.70 17.60 6.60
32.30 17.20 6.30
31.10 17.20 6.30
30.10 15.70 5.70
28.60 15.70 5.70
28.30 14.70 5.30
27.30 14.70 5.30
26.70 14.10 5.30
25.40 14.10 5.00
25.10 13.50 4.40
24.50 13.20 4.10
23.90 12.90 4.40
22.60 12.50 4.10
21.70 11.90 4.40
21.00 11.90 4.10
20.70 10.70 3.80
19.50 11.60 4.10
19.50 10.00 3.50
18.50 10.30 3.80
18.50 10.30 3.50
17.30 9.10 3.80
17.30 10.30 3.50
17.00 8.80 3.80
16.30 9.10 3.50
15.70 8.80 3.50
15.40 8.50 2.50
14.50 7.80 3.50
14.50 7.80 2.50
14.10 7.80 2.80
13.50 7.20 2.50
12.60 7.20 2.80
12.90 6.90 2.50
12.60 6.30 2.80
11.60 6.90 2.20
11.00 6.00 2.20
11.00 6.90 2.20
10.70 5.60 2.20
10.70 5.60 2.20
10.70 6.00 2.20
9.70 5.30 2.20
9.70 5.30 2.20
9.70 5.60 2.20
8.80 4.70 2.20
9.40 5.30 1.60
8.50 4.40 2.20
8.50 4.40 1.60
8.50 4.40 1.60
8.20 4.70 1.60
7.90 4.40 1.30
7.90 3.40 1.30
6.90 4.10 1.60
7.20 3.40 1.60
6.60 4.10 1.30
6.60 3.40 1.30
6.60 3.10 1.60
6.30 3.40 1.30
6.30 2.80 0.90
6.30 3.40 0.90
5.40 3.40 1.30
5.40 3.10 0.90
5.40 3.40 1.30
5.40 3.10 1.30
5.00 2.80 1.30
5.40 3.10 0.90
5.00 2.80 1.30
5.00 3.10 0.90
4.40 2.80 0.90
5.00 2.80 0.90
4.10 2.50 0.90
4.40 2.50 0.00
3.80 1.90 0.90
4.40 2.50 0.90
3.80 2.50 1.30
4.10 2.50 0.00
4.10 2.50 0.90
4.10 1.90 0.00
3.50 1.90 0.00
3.50 2.50 0.00
3.50 1.90 0.00
3.50 2.50 -0.30
2.80 2.80 0.00
2.80 2.50 0.00
2.80 1.90 0.00
2.50 2.50 -0.30
2.80 2.50 0.90
2.80 1.90 0.00
2.80 2.50 0.90
2.50 1.60 0.90
2.50 1.90 0.90
2.50 1.90 0.90
2.20 1.60 0.00
2.20 2.50 0.00
2.20 1.60 0.90
2.50 1.60 -0.30
2.20 1.20 0.90
2.20 1.20 0.00
2.20 1.60 0.00
2.20 1.20 0.00
1.30 1.90 0.00
2.20 1.20 0.00
2025 2 4 14 20 53 952
194.28 200.35 196.29 42.40 45.60 14.30 149.70 154.38 49.16 16.70 238.47 29.12 279.48 191.32 197.96 200.13
0.30 -0.50 -0.50
-0.30 0.10 -0.50
-0.30 -0.50 -0.10
-0.30 0.40 -0.10
-0.30 -0.50 -0.50
0.30 -0.20 -0.50
-0.30 0.10 -0.50
-0.30 -0.50 -0.50
-0.30 0.40 -0.10
-0.30 -0.50 -0.10
-0.30 -0.20 -0.50
-0.30 1.00 -0.50
-0.30 -1.20 -0.10
0.30 0.40 -0.50
-0.30 -0.50 -0.50
0.30 0.40 -0.10
0.30 0.10 -0.80
0.30 -1.20 -0.50
-0.30 0.10 -0.50
0.30 -0.50 -0.50
-0.30 0.10 -0.10
0.30 -0.20 -0.10
-0.30 -0.50 -0.10
-0.30 0.40 -0.10
0.30 -1.50 -0.50
0.60 1.00 -0.50
0.30 -1.50 -0.50
0.30 0.10 -0.10
0.60 -0.20 0.80
0.30 -1.50 -0.10
0.30 1.00 -0.10
0.30 -1.20 -0.50
0.30 -0.20 -0.50
0.30 0.40 -0.50
-0.30 -0.50 -0.50
0.30 0.10 -0.10
0.30 -1.20 -0.50
0.60 0.40 -0.50
0.30 -0.50 0.80
0.30 0.10 -0.50
0.30 -0.20 -0.10
0.60 -1.20 -0.10
0.30 0.40 -0.10
0.30 -1.20 -0.10
0.30 0.10 0.80
0.30 -0.20 -0.80
-0.30 -0.50 -0.50
0.30 0.40 -0.10
0.30 -1.50 0.80
3.80 0.40 2.70
8.50 1.40 4.90
14.80 4.20 8.00
21.30 11.10 9.30
27.60 20.20 11.50
31.40 28.60 13.40
35.50 34.00 13.40
39.20 37.70 14.00
40.80 41.50 13.70
42.40 43.40 14.00
41.40 44.30 14.30
40.80 45.60 13.70
40.80 45.60 13.70
39.50 44.30 12.70
38.60 45.30 12.70
38.30 43.40 12.40
37.70 42.50 12.10
37.00 41.80 12.10
36.10 40.60 10.80
35.50 39.90 10.50
35.20 38.70 10.50
33.60 37.40 9.90
33.60 36.80 9.90
31.40 35.90 9.60
31.10 34.00 8.60
30.40 33.00 9.30
29.50 32.70 9.30
29.20 31.20 8.60
28.30 30.50 8.30
27.60 29.90 8.00
27.00 28.60 8.00
26.40 29.00 8.00
25.40 26.80 7.70
25.10 25.50 7.10
23.50 26.80 6.80
23.50 24.30 6.80
22.30 24.30 7.10
21.30 23.00 6.80
21.30 22.70 6.50
21.00 22.70 6.50
20.70 21.10 6.50
19.50 21.10 6.10
19.50 19.90 6.10
19.20 20.50 6.10
18.20 19.60 6.10
17.60 18.60 4.90
17.00 18.90 4.90
16.30 15.80 4.90
16.30 18.30 4.30
15.40 15.80 4.90
16.00 15.50 4.90
15.10 15.80 4.90
14.80 13.30 4.30
14.10 15.50 3.90
13.80 13.90 3.90
13.20 13.30 3.90
13.20 13.90 3.60
12.60 12.30 3.60
12.30 13.30 3.60
11.30 11.40 3.60
11.00 12.30 3.60
10.70 11.40 3.60
10.70 10.50 3.30
10.70 11.40 3.30
10.40 9.80 2.70
9.40 11.40 2.70
9.40 9.80 2.70
9.10 9.50 2.40
9.10 9.80 2.40
8.50 7.60 2.40
8.50 10.10 2.40
7.90 8.30 2.10
7.90 8.60 2.40
6.90 7.60 2.40
6.90 7.60 2.10
6.90 8.30 2.40
6.90 6.70 2.40
6.60 7.00 2.40
6.30 7.00 2.40
6.60 5.70 2.10
6.30 7.00 2.10
6.00 5.70 2.10
6.00 6.70 2.40
5.30 4.50 1.40
6.00 5.70 1.40
5.30 5.70 2.10
5.00 5.10 1.40
5.00 5.40 1.40
5.30 4.50 1.40
4.10 4.50 1.10
5.00 4.50 1.10
4.10 4.50 2.10
4.70 4.20 1.10
4.10 4.20 1.10
4.10 4.20 1.10
3.80 3.20 1.10
4.70 4.20 0.80
3.80 3.20 1.10
3.80 3.90 1.10
3.20 3.20 1.10
3.80 2.90 1.40
3.20 3.20 1.10
3.20 2.90 1.10
2.50 2.90 1.10
3.20 3.20 0.80
3.20 2.90 1.10
3.20 2.90 1.10
2.50 2.60 1.40
3.20 2.90 2.10
2.50 2.30 1.40
2.50 2.90 1.10
2.50 2.30 1.40
2.50 2.30 1.10
2.20 2.90 0.80
2.50 1.40 1.40
2.20 2.60 1.10
2.50 1.70 1.10
2.20 1.40 1.40
1.90 2.90 1.10
1.90 1.00 1.10
2.50 2.30 1.10
1.90 2.30 1.10
1.90 1.00 1.10
1.00 2.30 1.40
1.90 1.70 1.10
1.00 1.70 1.40
0.60 1.70 1.10
1.00 1.40 1.10
1.00 1.70 0.80
0.60 1.40 1.10
1.00 1.70 1.10
1.00 1.40 1.40
1.90 1.70 1.10
0.60 1.40 1.10
0.60 1.00 1.10
1.00 1.70 1.10
1.90 0.40 1.40
1.00 1.40 1.10
1.00 1.40 1.40
0.60 0.40 0.80
1.00 1.70 0.80
0.60 0.40 1.40
0.60 1.40 1.10
0.30 1.40 0.80
1.00 0.40 1.10
1.00 1.40 0.80
1.00 0.40 0.80
0.60 0.40 0.80
1.90 0.40 0.80
0.60 1.00 1.10
0.60 1.00 0.80
2025 2 4 14 22 31 264
195.26 194.56 191.47 22.10 43.50 6.80 79.41 153.95 25.34 10.54 128.67 26.19 346.47 195.95 191.61 203.20
-0.50 -0.50 0.20
-0.20 1.10 -0.10
-0.20 0.20 -0.10
0.40 -0.20 -0.10
-0.20 0.50 0.20
-0.20 -0.50 0.20
0.40 -0.20 -0.10
0.40 0.20 0.20
-0.20 -0.20 0.20
-0.20 0.20 -0.10
-0.20 0.20 0.20
-0.20 0.50 -0.10
0.40 -0.20 0.20
0.40 0.50 0.20
-0.50 -0.50 0.20
0.40 0.50 0.20
-0.50 0.20 -0.10
-0.20 -0.20 -0.10
-0.20 1.10 -0.10
-0.20 -0.50 -0.10
-0.20 0.50 0.20
-0.20 0.50 -0.10
-0.20 -1.10 -0.10
0.40 0.50 0.20
-0.20 -0.50 0.20
-0.20 1.10 0.20
-0.20 -0.20 0.20
0.40 -0.20 -0.10
0.40 -0.20 -0.10
-0.20 -0.20 -0.10
-0.20 1.10 -0.10
-0.20 -0.50 0.20
-0.20 0.20 -0.10
-0.20 -0.20 0.20
-0.20 -0.50 0.20
-0.20 1.10 -0.10
-0.20 -1.10 -0.10
-0.20 0.20 0.20
-0.20 -0.20 0.20
0.40 -0.50 0.20
-0.50 0.50 0.20
-0.20 -0.20 0.20
-0.20 1.10 0.20
0.40 0.20 0.20
-0.20 -0.20 1.10
-0.20 0.20 0.20
0.40 -0.20 1.10
-0.20 0.50 0.20
0.40 -0.50 1.70
0.80 3.00 3.60
3.60 6.80 4.20
7.00 14.00 5.20
10.80 22.40 5.50
14.20 28.40 6.40
17.70 34.40 6.40
19.90 37.20 6.40
19.90 40.00 6.80
20.80 41.90 6.40
21.50 42.80 5.80
22.10 43.10 6.40
21.50 43.50 6.40
22.10 43.10 6.40
22.10 42.80 6.40
21.50 41.90 5.80
21.10 41.30 5.80
21.10 40.00 5.50
20.80 39.70 5.20
20.50 38.40 5.20
19.90 37.20 5.20
19.30 36.20 5.20
18.30 35.60 4.60
18.00 34.00 4.60
17.10 32.80 4.20
16.40 31.80 4.60
16.40 31.20 4.60
16.40 30.60 4.20
15.50 29.00 4.20
15.50 29.00 4.20
14.90 27.80 4.20
14.20 26.80 3.90
14.20 26.20 3.90
13.60 25.60 3.60
13.60 24.30 3.90
13.60 24.30 4.20
12.70 23.10 3.90
12.70 23.10 3.60
12.40 22.40 3.00
11.40 21.50 3.60
11.10 21.80 3.00
10.80 20.20 3.00
10.80 20.20 3.00
10.80 19.90 3.60
9.90 19.00 3.00
9.50 18.40 2.70
9.50 17.70 2.70
9.50 18.40 2.70
8.60 15.80 3.00
8.30 17.10 2.40
8.30 15.80 2.70
8.30 15.20 2.40
8.00 14.60 2.70
7.70 14.00 2.40
7.00 14.60 1.70
7.00 13.00 2.40
6.70 12.40 2.40
6.70 13.30 2.40
6.40 11.50 2.40
6.70 12.70 2.40
6.40 11.50 1.70
6.40 10.50 1.70
5.10 11.10 1.70
6.10 10.20 2.40
5.50 9.90 2.40
5.10 9.90 1.70
5.10 9.90 1.70
4.80 9.60 1.70
4.80 9.60 1.70
4.80 9.90 1.70
4.20 7.70 1.40
4.20 9.60 1.40
4.20 7.70 1.70
3.90 7.70 1.40
3.90 8.60 1.40
3.90 6.10 1.40
3.60 8.30 1.40
3.90 6.80 1.70
3.60 6.80 1.40
3.60 7.10 1.10
3.60 5.50 1.10
3.30 6.80 1.10
2.60 5.50 1.40
3.60 5.50 1.40
2.60 5.50 1.10
2.60 5.50 1.10
2.60 5.20 0.20
2.60 4.60 1.10
2.60 5.50 0.20
2.60 3.90 1.10
2.30 4.60 1.10
2.30 4.60 1.10
2.30 3.30 1.10
2.60 5.20 1.10
2.30 3.30 0.20
2.30 3.90 1.10
2.00 3.30 0.20
2.30 3.90 0.20
2.30 3.30 -0.10
2.30 3.90 1.10
2.00 3.90 1.10
2.30 3.30 1.10
2.00 3.90 1.10
2.00 3.00 0.20
2.00 3.30 1.10
2.00 3.30 1.10
1.10 2.70 1.40
2.00 3.90 0.20
0.80 2.70 0.20
1.10 3.30 -0.10
1.10 3.00 1.10
2.00 3.00 -0.10
0.80 2.70 -0.10
1.10 2.70 0.20
0.80 2.70 0.20
1.10 2.70 0.20
0.80 2.70 0.20
1.10 1.70 0.20
0.80 2.40 0.20
0.80 2.70 0.20
0.80 1.70 0.20
1.10 2.70 -0.10
0.40 1.40 0.20
0.40 2.40 0.20
1.10 1.70 0.20
0.80 1.70 0.20
0.40 1.70 1.10
1.10 1.70 0.20
0.40 1.70 0.20
0.80 1.70 -0.10
0.40 1.40 0.20
0.40 1.70 0.20
0.80 1.40 -0.10
0.40 1.70 0.20
0.40 1.70 -0.10
0.80 1.70 0.20
0.40 1.10 0.20
0.40 1.40 -0.10
0.40 1.40 1.10
0.40 1.10 -0.10
0.40 1.10 -0.10
0.40 1.40 0.20
0.40 1.10 -0.10
0.80 1.10 -0.10
0.40 1.10 0.20
0.40 1.40 -0.10
0.40 1.10 -0.10
0.40 1.10 -0.10
-0.20 1.10 -0.10
0.40 1.40 -0.10
-0.20 1.40 0.20
0.40 0.50 0.20
2025 2 4 14 22 32 899
189.92 191.79 201.63 15.30 12.50 11.60 59.07 43.38 41.24 34.37 310.21 39.29 305.53 192.43 195.61 205.55
-0.10 0.20 0.00
-0.40 -0.40 0.00
-0.40 -0.40 0.00
-0.40 0.20 0.00
-0.10 -0.40 0.00
-0.10 0.50 -0.30
-0.10 0.20 -0.30
-0.10 -0.40 0.00
-0.10 0.50 0.00
-0.40 -1.00 1.00
-0.10 0.50 -0.30
-0.40 -0.10 1.00
0.50 0.20 0.00
-0.10 -0.10 0.00
-0.10 -0.10 -0.30
-0.40 -0.10 -0.30
-0.10 -0.10 0.00
-0.40 0.20 0.00
-0.40 -0.10 0.00
-0.40 -0.40 0.00
-0.40 0.50 0.00
-0.10 -1.00 -0.30
-0.10 0.50 -0.30
-0.40 -0.10 -0.30
0.50 -0.40 0.00
-0.40 0.20 0.00
-0.10 -0.40 -0.30
-0.40 -0.10 -0.30
-0.10 -0.10 0.00
-0.40 -0.40 1.00
-0.40 0.20 -0.30
-0.40 0.20 -0.30
-0.10 -0.10 1.00
-0.40 -0.10 0.00
-0.10 0.50 1.30
-0.10 -0.40 1.00
-0.10 0.20 1.00
-0.10 -0.10 1.00
-0.10 0.20 0.00
-0.40 0.20 1.00
-0.10 -0.10 1.00
-0.40 -0.10 0.00
-0.10 0.50 0.00
-0.10 -0.10 1.00
-0.40 -0.40 0.00
-0.40 0.20 1.00
-0.40 -0.10 0.00
-0.40 -0.40 1.00
0.80 0.20 0.00
3.30 0.50 1.30
6.50 4.00 1.30
9.30 5.90 3.80
11.20 7.80 6.90
12.70 10.60 8.50
13.40 10.30 9.40
14.00 11.50 9.80
15.30 11.80 10.10
14.90 11.20 11.60
15.30 11.80 11.60
14.30 11.50 11.60
15.30 12.50 11.00
15.30 11.80 11.00
14.30 11.80 10.70
14.30 11.80 10.10
13.70 11.80 10.10
14.00 11.80 10.10
13.70 10.60 9.40
13.40 10.60 9.40
13.40 10.60 8.80
13.40 9.90 8.80
13.40 11.20 8.20
12.40 9.00 8.50
12.40 9.90 7.90
11.20 9.00 8.20
11.20 8.70 7.90
10.90 9.60 7.90
10.90 7.80 7.90
10.50 8.40 7.30
10.50 8.70 7.30
9.90 7.80 6.90
9.90 7.80 6.30
9.30 6.80 6.60
9.30 7.10 6.30
8.70 5.90 6.30
8.70 6.80 5.70
8.40 5.90 5.70
8.00 6.20 5.40
8.00 6.20 5.70
8.00 5.20 5.10
6.80 5.60 5.10
7.10 5.90 5.10
6.80 4.30 5.10
6.80 5.90 5.10
6.50 4.00 4.40
6.80 5.60 4.10
6.50 5.20 4.40
6.80 4.00 3.80
6.50 4.60 4.40
6.20 3.40 3.80
5.50 4.00 4.10
6.50 3.40 4.10
5.20 3.00 3.50
5.50 4.00 3.80
5.20 3.00 3.50
5.20 3.40 2.90
4.90 2.70 3.50
5.20 4.00 2.90
4.90 3.00 2.90
4.30 3.40 2.90
4.00 3.00 3.50
4.30 1.80 2.90
4.00 4.00 2.50
4.30 3.00 2.50
4.00 2.70 2.90
4.30 3.40 2.20
3.60 2.70 2.50
4.00 3.00 2.90
4.00 2.40 2.50
3.30 2.70 2.20
3.30 3.00 2.20
3.60 2.70 2.20
2.70 2.40 2.20
2.70 2.40 2.20
2.70 2.70 1.60
3.30 1.80 2.20
2.70 2.70 1.60
2.70 1.80 1.60
2.10 1.50 2.20
2.70 2.70 1.60
2.40 1.50 2.20
2.40 2.40 1.60
2.40 1.80 2.20
2.40 2.40 1.30
2.40 1.50 2.20
2.40 1.80 2.20
2.70 1.80 1.60
2.70 1.20 1.30
2.40 1.80 1.30
2.70 1.50 1.60
2.10 1.50 1.30
2.70 1.50 1.30
2.40 0.50 1.30
2.40 1.80 1.30
2.10 0.50 1.00
2.70 1.50 1.00
2.10 1.50 1.30
2.10 1.50 1.00
1.10 1.50 1.30
2.10 0.50 1.30
2.10 1.20 1.00
1.10 1.20 1.30
2.10 0.50 0.00
2.40 1.50 1.30
1.10 -0.10 1.30
1.10 1.50 1.00
1.10 -0.10 1.30
2.10 0.50 1.00
0.80 0.50 1.00
1.10 0.20 0.00
1.10 1.20 1.00
1.10 0.20 1.00
1.10 0.20 1.00
1.10 1.20 0.00
0.80 0.20 1.00
2.10 1.20 1.00
0.80 0.20 1.00
0.80 0.50 1.00
1.10 0.20 0.00
0.80 0.50 1.00
0.80 0.20 1.00
0.80 0.20 0.00
1.10 1.20 1.00
0.80 0.20 0.00
0.80 0.20 1.00
0.80 0.50 1.00
1.10 -0.40 1.00
1.10 1.20 1.00
0.80 0.20 0.00
1.10 0.20 0.00
0.80 0.50 1.00
0.80 -0.40 0.00
0.80 0.20 1.00
1.10 0.50 1.00
0.80 0.20 0.00
1.10 0.50 0.00
1.10 0.20 1.00
0.80 0.20 0.00
0.80 -0.10 -0.30
1.10 1.20 1.00
0.50 -0.10 0.00
0.50 0.50 1.00
0.50 0.50 1.00
1.10 -0.40 0.00
0.80 1.50 1.00
0.50 -0.40 0.00
0.50 0.20 1.00
0.80 0.50 1.00
0.50 -0.40 0.00
0.80 0.50 0.00
0.50 -0.10 1.30
2025 2 4 14 30 13 519
190.85 187.77 198.23 11.10 9.60 18.80 39.61 29.02 68.16 24.42 339.51 4.64 280.40 198.52 199.61 200.00
0.50 -0.40 -0.30
-0.20 -0.10 -0.30
0.50 -0.40 -0.30
-0.50 -0.70 -0.30
-0.20 0.20 -0.30
0.50 -0.40 -0.30
-0.20 -0.40 -0.30
-0.20 -0.40 -0.30
0.50 -0.40 -0.30
-0.20 -0.10 0.00
-0.20 -0.40 -0.30
0.50 -0.10 -0.30
-0.20 -0.70 -0.30
0.50 -0.70 0.00
-0.20 0.20 -0.30
-0.50 -1.30 -0.30
0.50 0.90 -0.30
-0.20 -0.70 -0.30
0.50 -0.40 -0.30
0.50 0.20 -0.30
0.50 -1.30 -0.30
0.50 0.20 -0.30
0.50 -0.40 -0.30
-0.20 -0.70 -0.30
0.50 0.90 0.00
0.50 -1.30 -0.30
0.50 -0.10 -0.30
0.50 -0.10 -0.30
0.50 -0.10 -0.30
-0.50 0.20 -0.30
0.50 -0.10 -0.30
-0.50 -0.70 0.00
0.50 0.20 -0.30
-0.20 -0.10 -0.30
0.50 -0.70 -0.30
-0.20 -0.10 -0.30
-0.20 -0.40 -0.30
-0.20 -0.40 -0.30
0.50 0.20 0.00
-0.20 -0.70 0.00
0.50 -0.10 0.00
-0.20 -0.40 -0.30
-0.20 -0.40 -0.30
-0.20 -0.40 -0.30
0.50 -0.10 -0.30
-0.20 -0.10 1.00
0.50 -0.70 -0.30
0.50 -0.10 0.00
0.80 0.90 -0.30
2.00 2.70 2.20
3.60 3.70 5.00
4.90 4.00 12.30
6.70 5.90 15.10
8.60 5.30 15.70
9.90 8.10 17.00
10.50 7.40 18.50
11.10 8.70 18.20
10.80 8.70 18.80
10.80 8.10 18.80
10.80 9.60 18.80
10.80 8.10 18.80
10.50 9.30 18.50
9.90 8.40 17.30
9.60 7.40 17.30
9.60 9.30 17.00
9.30 6.50 17.00
9.30 8.70 16.30
8.60 6.80 15.70
8.60 6.50 15.70
8.30 7.40 15.40
8.00 5.60 14.50
7.70 7.40 14.50
7.70 5.90 14.10
7.70 5.90 13.80
7.10 5.90 12.60
6.70 4.90 12.90
7.10 6.50 12.90
6.70 4.90 12.30
6.70 5.30 12.60
6.40 5.30 12.30
6.10 4.90 11.60
5.50 5.60 11.00
6.10 4.00 10.10
6.10 5.30 10.10
6.10 4.30 9.40
5.20 4.00 9.40
5.50 4.90 9.40
5.20 3.10 9.40
5.50 4.90 8.20
4.90 3.70 8.50
4.90 3.70 8.50
4.90 3.70 8.20
4.20 3.10 7.20
4.20 3.70 7.20
4.20 3.10 7.20
4.20 2.70 7.20
4.20 3.10 6.90
3.60 2.70 6.60
4.20 3.10 6.60
3.90 2.10 6.60
3.60 3.70 6.30
3.60 3.10 5.70
3.90 2.70 5.70
3.60 3.10 5.70
3.60 2.40 5.40
2.70 2.70 5.40
3.30 2.70 5.40
2.70 1.50 5.00
2.70 2.70 5.00
2.70 2.10 4.40
3.30 2.10 4.40
2.70 2.70 4.40
2.70 2.40 4.40
2.70 2.10 4.10
2.70 2.40 4.10
2.40 1.20 4.40
2.40 1.50 4.10
2.70 2.70 4.10
2.40 1.50 3.80
2.40 2.40 3.80
2.40 1.50 4.10
2.00 1.50 3.80
2.40 2.40 3.80
1.10 1.50 3.50
2.00 1.50 3.80
2.40 1.50 3.50
2.00 2.10 2.80
1.10 1.20 2.80
2.00 1.50 2.80
1.10 1.20 2.80
2.40 1.20 2.80
1.10 1.50 2.50
2.40 0.20 2.80
2.00 1.50 2.50
2.00 1.20 2.50
0.80 -0.40 2.50
1.10 2.40 2.20
1.10 0.90 2.50
2.00 1.20 2.20
0.80 1.20 2.50
2.00 -0.10 2.50
0.80 1.50 2.50
1.10 -0.40 2.20
0.80 1.20 2.20
1.10 0.90 2.20
0.80 -0.10 2.20
0.80 1.20 1.60
0.80 -0.10 2.20
1.10 2.40 2.20
0.50 -0.10 2.20
1.10 0.20 1.30
0.50 0.90 1.30
0.50 -0.40 1.60
0.80 1.50 1.60
0.80 -0.70 1.30
0.50 1.20 1.30
0.80 0.20 1.30
0.50 -0.40 1.60
0.80 1.20 1.30
1.10 -0.70 1.60
0.50 1.20 1.00
0.80 -0.10 1.60
0.80 0.20 1.30
0.50 0.90 1.00
0.50 -0.10 1.00
0.50 0.90 1.30
0.80 -0.10 1.00
0.80 -0.10 1.00
0.50 -0.10 1.00
0.80 -0.40 1.60
0.80 0.90 1.00
0.50 -0.40 1.30
0.80 1.20 1.30
-0.20 -0.10 1.30
0.50 -0.10 1.30
0.50 1.20 1.30
-0.20 -0.40 1.30
-0.20 0.90 1.00
0.80 0.20 1.00
0.50 -0.40 1.30
0.80 0.20 1.00
0.50 0.20 1.00
0.80 0.20 1.30
0.80 0.20 1.00
0.80 0.20 1.30
0.50 0.20 1.30
1.10 0.20 1.00
0.50 -0.10 1.30
0.80 0.20 1.00
0.50 0.20 1.00
1.10 -0.10 1.30
0.80 0.20 1.30
0.50 0.20 0.00
0.50 0.20 1.00
0.80 -0.10 1.30
0.50 -0.10 1.00
0.50 0.20 0.00
0.50 -0.10 0.00
0.80 0.20 0.00
-0.20 -0.10 0.00
2025 2 4 14 32 34 152
194.58 188.41 194.67 35.00 7.70 7.40 122.52 23.79 30.84 17.07 37.97 45.94 294.86 192.72 199.04 207.20
-0.10 -0.20 -0.20
0.50 1.10 0.10
-0.10 0.20 -0.20
-0.10 -0.20 -0.20
-0.10 0.50 0.10
-0.10 -0.20 -0.20
-0.10 0.20 -0.20
-0.10 -0.20 -0.20
-0.10 -0.50 0.10
-0.10 0.20 0.10
-0.40 0.20 -0.20
0.50 -0.20 -0.20
-0.40 -0.20 0.10
-0.10 1.10 0.10
-0.40 0.20 1.40
-0.40 0.20 1.40
-0.10 0.50 1.10
-0.40 0.20 1.40
0.50 1.10 1.10
0.50 -0.50 1.10
-0.10 -0.20 1.10
-0.10 1.10 1.10
-0.10 -0.50 1.10
-0.10 0.50 1.10
-0.10 -0.20 1.40
-0.40 0.20 1.10
-0.40 0.20 0.10
-0.10 0.20 1.10
-0.40 0.20 -0.20
-0.10 0.20 1.10
-0.40 0.50 1.10
-0.40 -0.50 1.10
-0.10 0.50 1.10
-0.70 -0.20 0.10
-0.40 0.20 1.40
-0.10 1.10 1.10
-0.10 -1.10 1.10
-0.10 1.40 1.40
-0.10 -0.50 1.10
-0.10 -0.20 0.10
-0.10 0.50 1.10
-0.10 -0.50 0.10
-0.40 0.50 0.10
0.50 -0.20 1.10
-0.40 0.20 1.10
-0.10 -0.20 0.10
-0.40 -0.50 1.10
-0.10 1.10 -0.20
-0.10 -0.50 1.10
2.70 2.30 1.70
6.50 2.70 3.60
13.70 4.50 4.20
18.10 5.80 5.20
23.40 5.50 5.80
26.90 7.10 7.00
29.70 5.80 7.40
32.50 7.10 7.00
34.10 7.10 6.70
33.80 7.10 7.40
35.00 7.70 7.00
34.10 6.10 7.40
32.80 7.10 6.70
34.10 5.50 6.40
33.80 6.70 6.40
32.80 6.10 6.40
32.20 5.50 5.80
31.30 5.80 6.40
30.90 4.50 5.50
29.70 5.80 5.80
28.70 5.50 5.20
28.10 4.50 5.20
27.80 5.50 5.50
26.50 3.90 5.20
26.20 5.20 5.20
25.00 4.50 5.20
25.00 3.90 4.20
24.00 4.20 5.20
23.70 3.90 4.20
22.20 4.20 3.90
22.50 3.90 4.50
21.20 3.30 4.20
20.90 3.90 3.90
20.00 3.30 4.20
20.00 3.30 3.60
18.70 2.70 3.90
18.70 3.90 3.90
18.10 2.70 3.60
17.10 3.00 3.90
16.80 2.70 3.60
16.20 3.00 3.00
16.20 3.30 3.00
15.30 2.30 3.00
15.30 3.00 3.00
14.90 2.30 2.70
14.00 2.70 2.70
14.00 3.00 2.70
13.40 2.30 3.00
12.40 2.30 3.00
12.70 1.70 2.30
12.40 2.30 3.00
11.20 1.70 2.30
10.90 2.30 1.70
11.20 2.30 2.70
11.20 1.70 2.30
10.50 1.70 2.30
9.90 2.30 1.70
9.60 1.40 2.30
9.90 1.70 1.70
8.70 1.40 2.30
9.30 1.40 2.30
8.70 1.70 1.70
8.30 1.40 2.30
8.30 0.50 2.30
7.70 1.70 1.70
8.00 1.40 1.40
8.00 1.40 1.70
7.10 1.40 1.70
7.10 1.40 1.70
6.80 1.10 2.70
7.10 2.30 1.70
6.50 -0.20 2.30
6.50 1.40 2.30
6.20 1.10 2.30
6.20 0.20 1.70
5.50 1.40 2.30
6.20 0.20 1.70
5.50 1.40 2.30
5.50 0.50 2.30
5.20 -0.20 2.30
5.20 1.70 1.70
4.90 0.50 2.30
4.90 1.40 1.70
4.30 0.20 1.70
4.30 1.10 1.70
4.30 0.20 1.70
4.90 0.50 1.40
4.00 1.40 1.70
4.00 -0.20 1.70
4.00 1.40 1.40
3.30 0.50 1.40
3.30 -0.20 1.70
3.30 1.40 1.70
2.70 0.20 1.40
3.60 0.50 1.70
2.70 0.20 1.40
3.30 0.50 1.10
2.70 1.10 1.40
3.30 0.50 1.40
2.40 0.50 1.10
2.70 0.50 1.40
2.40 1.10 1.10
2.70 -0.20 1.10
2.70 0.20 1.40
3.30 1.10 1.10
2.40 -0.20 1.10
2.40 1.70 1.10
2.40 -0.50 1.40
2.10 0.20 1.10
2.40 1.10 1.40
2.40 -0.50 0.10
2.40 0.50 1.40
2.40 0.20 1.10
2.10 0.20 1.40
2.40 0.50 1.10
2.10 0.20 1.10
1.10 0.20 1.10
2.10 1.10 0.10
2.10 0.50 1.10
0.80 0.20 0.10
1.10 1.40 1.10
0.80 -0.20 0.10
2.10 0.50 -0.20
1.10 0.20 1.10
1.10 -0.20 0.10
0.80 1.10 0.10
2.10 -0.20 0.10
0.50 0.50 0.10
2.10 0.50 0.10
0.80 0.20 -0.20
0.80 0.20 0.10
0.80 0.20 0.10
0.80 0.50 0.10
0.50 0.20 0.10
1.10 1.10 0.10
0.80 -0.20 0.10
0.50 0.50 0.10
0.80 0.50 0.10
1.10 -0.20 0.10
0.80 0.50 0.10
0.80 0.50 -0.20
0.80 -0.20 -0.20
1.10 0.50 0.10
0.50 0.20 0.10
0.50 0.50 0.10
0.80 -0.20 -0.20
0.80 0.20 0.10
0.50 0.50 0.10
0.80 -0.20 -0.20
0.50 0.20 0.10
0.80 -0.20 -0.20
2025 2 4 14 37 31 747
203.17 195.58 205.39 43.50 71.60 44.10 159.74 319.21 153.62 23.26 23.07 29.41 22.01 200.90 191.55 203.85
0.60 -0.50 -0.10
-0.40 0.40 0.20
-0.10 -0.20 -0.10
-0.40 -0.20 -0.10
-0.10 0.40 -0.10
-0.40 -1.20 -0.10
-0.10 0.40 -0.10
-0.40 -0.20 0.20
0.60 -0.20 -0.10
-0.10 0.40 -0.10
-0.10 -0.20 -0.10
-0.10 0.40 -0.40
-0.10 -0.50 -0.10
-0.40 -0.20 -0.10
0.60 0.40 -0.10
-0.10 -0.50 -0.10
-0.10 0.10 -0.10
-0.10 -0.50 -0.10
0.60 1.00 -0.10
-0.10 -0.20 -0.10
0.60 -0.50 -0.10
-0.40 0.10 0.20
-0.10 -1.20 -0.10
-0.40 0.40 -0.10
-0.10 -0.50 -0.10
-0.10 -0.20 -0.10
0.60 1.00 -0.10
0.60 -1.20 -0.10
0.60 0.10 -0.10
-0.10 -0.50 0.20
0.60 0.10 -0.10
-0.40 -0.20 -0.10
0.90 -0.20 -0.10
-0.40 -0.20 -0.10
-0.10 0.10 -0.10
-0.40 0.10 -0.10
0.60 -0.50 -0.10
-0.10 0.10 -0.10
-0.10 0.10 -0.10
-0.10 -0.20 1.10
-0.10 0.40 -0.10
-0.40 -0.50 -0.10
0.60 0.10 -0.10
-0.40 -0.20 -0.10
-0.10 0.10 -0.10
0.60 -0.50 0.20
-0.40 0.10 -0.10
-0.10 0.10 -0.10
-0.10 -0.20 -0.10
-0.10 2.90 -0.10
-0.40 7.00 -0.10
0.90 21.10 5.20
7.20 35.90 15.60
14.10 51.20 25.30
23.50 63.50 32.50
28.50 71.60 37.20
32.60 71.60 40.00
37.90 71.60 42.60
39.80 71.60 44.10
42.30 71.60 43.20
43.50 71.60 42.90
42.90 71.60 41.90
43.50 71.60 41.60
42.60 71.60 41.00
41.70 71.60 40.40
41.70 71.60 39.10
41.00 71.60 37.50
40.70 71.60 37.20
39.80 71.60 36.60
38.50 71.60 35.30
37.90 71.60 34.10
36.60 71.60 32.50
35.70 71.60 31.60
34.50 71.60 31.00
34.10 71.60 30.30
32.30 70.00 29.10
32.30 70.00 29.10
31.00 66.00 28.40
31.00 66.30 28.40
29.70 62.80 26.90
29.70 60.60 26.60
28.20 60.30 25.30
28.20 57.80 24.70
27.20 57.20 24.40
25.70 54.40 23.10
25.70 53.10 21.90
24.40 51.50 21.20
24.10 49.70 21.20
23.80 49.00 20.00
22.20 46.80 20.00
22.20 46.20 19.00
21.30 44.30 18.70
21.00 42.80 18.40
20.00 41.80 17.50
19.70 40.20 16.80
19.40 39.90 17.10
18.50 38.40 16.80
17.80 36.80 16.50
17.80 36.80 15.60
16.90 34.60 15.90
16.90 34.00 14.60
16.30 32.70 14.30
16.30 31.80 14.00
15.60 31.10 14.00
15.30 30.20 13.70
15.00 29.90 13.70
14.10 28.30 13.10
13.40 27.40 12.80
13.40 27.10 11.80
12.50 25.50 12.40
12.80 26.10 11.80
11.20 24.60 11.80
12.50 23.90 11.20
10.90 23.30 10.90
10.90 22.70 9.90
10.90 22.40 10.20
10.60 21.70 9.90
9.70 20.50 9.60
10.00 20.50 9.00
9.40 20.20 8.70
9.40 18.90 8.40
8.10 18.90 8.70
8.70 18.30 8.00
7.80 16.10 8.40
8.10 17.70 7.40
7.20 15.10 7.40
7.80 16.10 7.10
6.80 15.10 6.80
7.20 14.20 6.80
6.80 14.50 6.80
6.50 13.30 6.50
6.50 14.20 6.50
6.50 12.60 6.50
6.20 13.30 5.90
6.50 12.30 5.50
6.20 11.70 5.90
6.50 12.30 5.50
5.30 11.10 5.20
5.60 12.30 4.60
5.00 10.40 5.20
5.60 10.40 4.30
5.00 10.10 4.60
5.00 9.50 4.30
4.30 10.10 4.60
5.00 8.60 4.30
4.30 8.90 4.00
4.30 9.50 4.30
4.00 7.60 4.30
4.30 9.50 4.30
3.70 6.70 4.30
4.00 8.90 4.00
3.70 7.00 4.00
4.00 7.60 3.70
3.40 7.60 3.70
3.40 5.40 3.70
3.40 8.20 3.70
3.70 5.70 3.70
2.80 6.00 3.70
3.40 7.00 3.00
3.40 4.50 3.00
3.40 6.70 3.00
2.80 4.50 4.00
3.40 5.40 3.00
2.80 5.70 3.00
3.40 4.20 2.70
2.50 5.40 3.00
2.50 4.50 3.00
2.80 4.20 3.00
2.80 4.20 2.40
2.50 3.90 3.00
2.50 4.20 2.70
2.50 3.20 2.40
2.80 4.20 2.70
2.10 3.20 2.40
2.10 4.50 2.40
2.80 3.20 2.70
2.80 3.20 2.40
2.50 4.20 2.40
2.50 2.90 2.40
1.20 3.20 2.70
2.80 3.20 2.40
2.50 2.30 2.40
2.50 3.20 1.80
2.50 2.60 1.80
2.50 2.90 1.80
1.20 2.60 1.80
2.10 2.90 1.80
1.20 2.30 2.40
2.50 2.90 1.50
1.20 2.30 1.50
2.10 2.60 1.50
1.20 2.60 1.80
2.50 1.70 2.40
1.20 2.30 1.50
1.20 1.70 1.50
0.90 2.60 1.50
2.10 2.30 1.80
1.20 1.30 1.80
1.20 2.30 1.80
1.20 1.30 1.50
2025 2 4 14 50 15 21
197.75 204.72 198.44 72.60 71.60 50.30 539.72 427.36 188.51 19.07 224.61 18.80 230.08 195.13 202.02 196.44
0.50 0.10 -0.20
-0.20 0.10 -0.20
0.50 -0.60 -0.20
-0.20 0.10 -0.20
-0.20 -0.60 -0.20
-0.20 0.10 0.10
-0.20 0.10 -0.20
-0.50 -1.20 -0.20
0.50 0.40 -0.20
-0.50 -1.20 -0.20
0.50 0.10 -0.20
-0.50 0.10 -0.20
-0.20 -0.60 -0.50
-0.20 0.10 1.10
0.50 -0.30 -0.20
-0.50 -0.60 -0.20
-0.20 0.10 -0.20
-0.50 -0.60 -0.20
-0.50 0.10 -0.20
-0.50 -0.60 -0.20
-0.20 -0.30 -0.20
-0.50 -0.30 0.10
-0.50 0.10 -0.20
-0.20 -0.30 -0.20
0.50 -0.30 0.10
-0.80 0.10 1.10
-0.50 -0.60 -0.20
-0.20 -0.30 0.10
-0.20 -0.60 -0.20
-0.20 -0.60 0.10
0.50 0.40 -0.20
-0.20 -0.60 -0.20
-0.50 0.10 -0.20
-0.20 -0.60 0.10
-0.20 -0.30 -0.20
-0.50 0.10 -0.20
-0.20 -0.30 0.10
-0.80 -0.60 -0.20
-0.50 -0.60 -0.20
0.50 0.10 -0.20
-0.50 -0.60 -0.20
-0.20 0.40 -0.20
-0.20 0.10 0.10
-0.20 -0.30 0.10
-0.20 1.00 -0.20
-0.80 -1.20 0.10
-0.20 0.10 -0.20
-0.20 -0.60 -0.20
-0.20 -0.30 0.10
-0.20 0.10 3.90
2.00 -1.20 14.00
16.50 1.00 27.40
53.50 3.20 34.70
72.60 17.00 41.20
72.60 41.50 46.90
72.60 69.70 48.50
72.60 71.60 49.70
72.60 71.60 50.30
72.60 71.60 50.00
72.60 71.60 50.30
72.60 71.60 50.30
72.60 71.60 49.10
72.60 71.60 48.80
72.60 71.60 47.20
72.60 71.60 46.90
72.60 71.60 46.00
72.60 71.60 44.40
72.60 71.60 43.10
72.60 71.60 41.90
72.60 71.60 40.90
72.60 71.60 39.10
72.60 71.60 38.70
72.60 71.60 38.10
72.60 71.60 37.20
72.60 71.60 35.90
72.60 71.60 35.90
72.60 71.60 35.60
72.60 71.60 34.70
72.60 71.60 33.10
72.60 71.60 31.80
72.60 71.60 31.20
72.60 71.60 31.20
72.60 71.60 30.30
72.60 71.60 29.60
72.60 71.60 28.40
72.60 71.60 28.40
72.60 71.60 27.10
72.60 71.60 26.80
72.60 71.60 25.20
72.60 71.60 25.20
72.60 71.60 24.00
72.60 71.60 23.10
72.60 71.60 22.70
72.60 71.60 21.50
72.60 71.60 21.20
72.60 71.60 20.90
72.60 70.30 19.60
72.60 69.10 19.60
72.60 66.30 19.00
72.60 64.70 18.70
72.60 62.50 18.30
72.60 60.30 18.00
72.60 59.00 16.80
72.60 56.20 16.80
72.60 56.20 16.50
72.60 53.40 15.80
72.60 52.80 15.50
72.60 51.20 14.60
72.60 49.00 14.60
72.60 49.60 14.00
72.60 46.80 13.00
72.60 46.20 13.00
72.60 45.20 13.00
72.60 42.40 12.70
70.10 43.40 12.70
68.20 40.20 12.40
66.70 39.90 12.40
63.80 39.00 11.80
62.60 37.40 11.10
60.70 36.10 11.10
58.80 35.50 10.20
56.90 33.90 10.20
55.70 33.00 9.90
54.10 32.40 9.60
52.50 30.20 8.90
51.30 30.20 8.60
49.70 29.60 8.60
48.50 27.00 8.60
46.90 28.60 8.30
45.60 25.50 8.30
43.80 26.70 7.40
42.50 25.50 7.40
41.30 23.30 8.00
40.00 24.50 7.10
39.40 22.60 7.10
37.80 22.60 7.10
36.50 22.30 7.10
36.20 20.50 7.10
35.30 21.40 6.70
34.00 19.80 6.40
32.80 21.10 5.80
31.50 18.90 6.40
31.50 18.90 6.40
30.00 18.30 5.80
29.30 17.30 5.80
28.40 17.60 5.80
27.80 15.70 4.50
26.80 17.00 5.20
26.20 16.10 5.20
24.90 15.10 5.50
24.90 15.70 4.20
23.70 13.20 4.20
23.70 15.10 4.20
22.40 12.90 4.20
21.50 13.90 3.60
21.20 12.60 4.20
20.90 12.60 3.60
19.60 12.60 3.90
19.60 11.70 3.60
19.30 11.70 3.90
18.40 11.00 3.60
17.70 10.10 3.60
17.70 11.40 3.00
16.80 8.80 3.00
16.80 10.40 3.00
16.20 8.80 2.70
16.20 8.80 2.30
15.20 9.80 3.00
15.20 8.20 2.30
14.30 8.50 2.70
14.00 8.20 2.70
13.60 7.60 2.70
13.30 8.20 2.70
12.40 7.60 2.30
13.30 7.60 2.30
11.40 6.60 2.30
11.40 7.60 2.30
10.80 5.70 2.30
11.10 7.60 2.30
10.50 5.70 2.70
10.50 5.70 1.70
10.50 6.60 2.30
9.90 5.70 1.70
9.90 6.00 2.30
9.60 6.60 2.30
8.30 5.70 1.70
8.60 6.60 1.70
8.30 5.40 1.70
8.00 5.70 1.70
7.70 5.70 1.70
8.00 5.40 1.70
8.00 5.70 1.70
8.30 5.40 1.40
7.70 5.40 1.70
7.70 5.10 1.70
7.10 4.50 1.70
7.70 5.40 1.40
6.70 3.80 1.70
6.70 5.10 1.40
6.40 4.50 1.40
2025 2 4 14 51 57 94
196.30 191.69 201.33 72.50 33.10 7.10 277.86 113.10 25.21 20.95 356.11 74.18 322.32 191.87 190.71 211.29
-0.60 0.50 -0.20
-0.30 -1.10 1.10
-0.30 0.20 0.20
-0.60 -0.50 0.20
-0.30 -0.10 0.20
-0.30 0.50 0.20
0.40 -0.50 -0.20
-0.30 0.20 -0.20
0.40 -0.10 0.20
-0.60 -0.50 -0.20
0.40 0.20 -0.20
0.40 -0.10 1.10
-0.60 -0.50 0.20
-0.30 -0.10 -0.20
-0.60 -0.10 -0.20
-0.30 -0.50 0.20
-0.30 0.20 -0.20
-0.60 -0.10 0.20
-0.30 -0.10 -0.20
-0.30 0.50 -0.20
-0.30 -0.50 -0.20
-0.30 0.20 -0.20
-0.30 -0.10 -0.20
-0.30 -0.10 0.20
0.40 0.20 1.10
-0.30 0.20 -0.20
-0.30 0.20 0.20
0.40 -0.10 0.20
0.40 0.50 -0.20
-0.60 -0.10 -0.20
-0.30 1.40 0.20
-0.30 0.20 0.20
-0.30 0.20 0.20
0.40 0.50 -0.20
0.70 -0.10 0.20
0.70 0.50 0.20
0.70 0.20 0.20
0.70 -0.10 0.20
0.70 1.40 0.20
0.70 -0.10 1.10
0.40 0.50 1.40
0.70 1.10 1.10
1.00 -0.10 0.20
0.40 0.20 1.10
1.00 -0.50 0.20
0.70 0.20 1.10
0.70 0.20 1.10
0.70 -0.10 1.10
0.70 1.10 1.40
2.30 3.00 1.40
9.20 9.60 1.40
19.80 14.00 1.70
31.10 19.60 2.70
40.80 23.10 5.50
55.30 24.00 5.80
66.30 28.70 6.70
71.30 29.70 7.10
72.50 31.90 6.70
72.50 32.50 6.40
72.50 31.50 6.70
72.50 33.10 6.70
72.50 31.20 6.70
72.50 31.50 6.40
72.50 30.00 6.40
72.50 30.00 6.40
72.50 30.00 5.80
72.50 27.80 5.50
71.00 28.70 5.20
69.70 26.80 5.50
68.10 26.20 5.20
66.60 27.10 4.50
64.10 24.00 4.50
62.80 25.60 4.50
60.90 23.40 5.20
59.70 23.40 4.50
57.20 22.80 4.20
56.80 21.20 3.90
56.20 21.80 4.20
53.70 19.90 4.50
52.50 20.20 4.50
51.50 19.60 4.20
48.70 18.40 4.20
48.10 19.00 4.20
46.50 17.70 3.90
45.20 17.40 3.90
43.70 16.20 3.00
42.70 15.90 3.60
40.80 15.50 3.60
39.90 15.20 3.60
38.60 14.60 3.60
37.70 14.00 3.60
36.50 14.00 3.00
35.50 13.30 3.00
34.90 13.00 3.00
33.90 13.00 2.70
31.40 12.40 2.70
31.10 12.40 3.00
29.90 11.50 3.00
29.20 11.50 2.40
28.30 10.20 2.40
27.70 10.50 2.40
26.70 9.90 2.40
26.10 9.90 1.70
25.20 9.90 2.40
24.20 9.00 2.40
23.60 9.60 2.40
23.30 8.60 2.40
21.40 8.60 2.40
21.10 7.70 2.40
20.50 7.70 1.70
19.80 8.60 1.40
19.20 6.80 2.40
18.60 7.70 1.70
18.30 6.10 1.40
17.90 6.10 1.70
17.00 6.80 2.40
17.00 5.50 1.70
16.10 6.80 1.40
16.10 5.50 1.40
15.10 5.20 1.40
15.10 6.10 1.70
14.80 3.90 1.70
13.90 6.10 1.70
13.50 4.60 1.40
13.20 3.30 1.40
12.60 5.50 1.40
12.60 3.90 1.10
11.40 5.20 1.40
11.40 4.60 1.40
10.70 3.90 1.40
11.00 5.20 1.10
10.40 4.20 1.40
10.40 4.20 1.10
9.80 3.90 1.10
9.50 4.20 1.10
9.20 3.30 1.10
9.20 3.30 1.10
8.50 4.60 1.10
8.50 3.30 0.20
7.90 3.30 1.40
7.90 3.00 -0.20
7.90 3.30 1.10
7.60 3.30 0.20
7.00 2.40 0.20
7.00 3.90 1.40
6.60 1.70 1.40
6.60 2.70 0.20
6.30 3.00 1.10
6.30 2.40 1.10
6.00 2.70 1.40
6.00 2.70 1.10
5.40 2.40 1.10
5.40 2.70 0.20
5.10 1.70 0.20
5.40 3.00 0.20
5.10 1.40 0.20
4.80 1.70 1.10
4.80 2.40 0.20
4.80 2.40 0.20
4.80 2.70 0.20
4.80 1.40 -0.20
4.10 1.70 0.20
4.80 2.40 -0.20
4.10 1.40 0.20
4.80 1.70 0.20
4.10 1.40 0.20
4.80 1.70 -0.20
4.10 1.70 0.20
4.10 1.40 0.20
3.20 1.40 -0.20
3.50 1.70 0.20
3.50 1.10 -0.20
3.80 1.40 0.20
3.50 1.40 -0.20
3.20 1.40 -0.20
3.20 1.70 0.20
3.20 1.10 -0.20
2.30 0.50 0.20
2.60 2.40 0.20
2.60 0.50 0.20
2.60 1.10 -0.20
2.30 1.10 0.20
2.60 1.40 -0.20
2.30 0.50 1.10
2.30 1.10 -0.20
2.30 1.10 -0.20
1.90 0.50 0.20
2.30 1.70 -0.20
2.30 0.20 -0.20
2.30 1.40 0.20
1.90 1.40 0.20
1.90 0.20 -0.20
2.30 1.70 0.20
1.90 -0.10 -0.20
1.90 1.40 -0.20
1.90 0.50 0.20
1.00 0.20 -0.50
1.00 1.40 -0.20
1.90 0.20 0.20
1.90 1.10 0.20
2025 2 4 14 56 27 308
205.88 203.82 197.36 72.50 71.70 72.90 483.29 366.04 620.18 24.28 125.51 19.80 124.74 203.42 201.62 196.40
-0.30 -0.50 -0.20
0.40 0.10 -0.20
0.40 -0.20 0.10
0.40 -0.50 0.10
-0.30 0.10 -0.20
0.40 -0.20 -0.60
0.40 0.10 0.10
0.40 -0.20 -0.20
-0.30 -0.50 0.10
0.40 0.50 0.10
0.40 -0.50 0.10
0.40 -0.20 0.10
0.40 -0.20 0.10
0.40 0.50 -0.20
0.70 -1.10 1.00
0.70 -0.50 -0.60
0.40 0.10 -0.20
0.40 -0.50 -0.20
0.40 0.50 -0.20
0.40 -0.50 -0.20
0.40 -0.20 -0.20
0.40 0.50 -0.20
0.40 -0.20 -0.20
0.40 0.10 -0.20
-0.60 0.10 0.10
0.40 0.10 -0.20
-0.30 0.10 0.10
0.40 0.10 -0.20
-0.30 -0.20 0.10
0.40 0.50 -0.20
0.40 0.50 -0.20
0.40 -0.20 -0.20
0.40 0.50 -0.20
0.40 0.10 0.10
0.70 0.10 -0.20
0.40 0.10 0.10
-0.30 -0.50 0.10
0.40 1.10 -0.20
-0.30 -0.20 -0.20
-0.30 -0.20 -0.20
0.40 -0.20 0.10
0.40 0.10 -0.20
0.40 -0.20 0.10
-0.30 -0.20 -0.20
-0.60 0.50 0.10
-0.30 0.10 -0.20
0.40 -0.20 -0.20
-0.60 0.10 -0.20
-0.30 -0.50 -0.20
0.40 0.50 1.00
-0.30 -1.10 40.90
0.40 0.10 72.90
0.70 4.50 72.90
16.10 21.50 72.90
47.10 40.00 72.90
72.50 58.80 72.90
72.50 71.70 72.90
72.50 71.70 72.90
72.50 71.70 72.90
72.50 71.70 72.90
72.50 71.70 72.90
72.50 71.70 72.90
72.50 71.70 72.90
72.50 71.70 72.90
72.50 71.70 72.90
72.50 71.70 72.90
72.50 71.70 72.90
72.50 71.70 72.90
72.50 71.70 72.90
72.50 71.70 72.90
72.50 71.70 72.90
72.50 71.70 72.90
72.50 71.70 72.90
72.50 71.70 72.90
72.50 71.70 72.90
72.50 71.70 72.90
72.50 71.70 72.90
72.50 71.70 72.90
72.50 71.70 72.90
72.50 71.70 72.90
72.50 71.70 72.90
72.50 71.70 72.90
72.50 71.70 72.90
72.50 71.70 72.90
72.50 70.70 72.90
72.50 69.20 72.90
72.50 66.30 72.90
72.50 64.80 72.90
72.50 64.10 72.90
72.50 60.70 72.90
72.50 59.70 72.90
72.50 57.50 72.90
72.50 56.00 72.90
72.50 54.70 72.90
72.50 51.60 72.90
72.50 51.60 72.90
72.50 50.30 72.90
72.50 48.80 72.90
72.50 47.50 72.90
72.50 45.90 72.90
72.50 45.30 72.90
72.50 43.40 72.90
72.50 42.50 72.90
72.50 40.60 72.90
72.50 40.60 72.90
72.50 39.70 72.90
71.00 37.20 72.90
69.40 37.20 72.90
66.90 35.60 72.90
65.00 34.60 72.90
63.70 33.40 72.90
60.90 32.80 72.90
59.70 32.80 72.90
58.70 32.50 72.90
56.80 30.60 72.90
54.30 29.90 72.90
52.80 29.90 72.90
51.50 29.00 72.90
49.90 28.40 72.90
48.40 28.40 72.90
46.80 26.80 72.90
45.50 27.10 72.90
43.70 25.50 72.90
43.30 25.20 72.90
40.80 24.30 72.90
39.90 23.00 71.30
38.60 23.00 68.80
38.00 22.40 67.20
36.10 21.80 65.60
35.50 21.20 63.80
34.20 19.90 61.60
32.70 20.20 60.30
31.40 18.60 58.70
31.10 19.60 56.90
29.90 17.40 55.60
29.50 17.70 53.70
28.00 17.10 51.50
28.00 15.80 50.30
26.70 15.80 48.70
26.10 14.60 47.40
25.10 15.20 45.90
24.80 13.90 45.20
23.90 13.00 43.00
23.60 13.90 41.80
22.00 12.40 41.20
22.00 12.70 40.20
20.80 11.40 39.60
20.40 11.70 38.30
19.80 11.10 38.00
19.20 10.50 37.40
18.20 10.50 37.10
18.20 9.50 35.50
17.00 10.50 35.20
17.00 9.90 33.90
16.40 9.50 32.40
16.40 9.90 31.40
15.10 8.90 30.80
15.40 8.90 30.20
14.80 8.30 29.60
13.90 8.60 28.60
13.50 8.30 27.40
13.50 7.70 27.00
12.60 7.70 26.40
12.30 6.70 25.50
12.30 6.70 24.50
12.30 6.70 24.20
11.30 5.80 23.60
11.00 6.70 23.00
10.40 5.50 22.70
10.70 6.10 21.40
9.80 5.50 21.10
10.40 5.20 20.10
9.10 5.80 20.10
9.10 5.50 19.80
9.50 5.20 18.90
9.50 5.50 18.60
8.50 4.20 18.30
9.10 5.20 17.30
8.50 4.20 17.00
8.50 4.20 16.40
8.20 4.50 16.40
8.20 4.20 15.40
7.90 3.30 15.40
7.90 4.20 15.10
7.60 4.20 14.50
7.00 3.30 14.20
7.00 3.90 14.20
7.00 3.30 13.90
6.60 3.90 13.90
7.00 3.30 13.60
6.60 2.60 12.90
7.00 3.90 12.60
6.30 2.60 12.60
6.60 3.30 12.90
6.00 3.00 12.90
6.30 2.60 12.30
6.30 2.30 12.60
6.30 2.60 11.70
6.30 2.30 11.70
6.30 2.30 11.00
2025 2 4 15 11 56 381
196.51 203.55 208.16 72.70 18.30 28.40 363.03 63.97 98.85 37.44 286.30 53.71 277.12 193.23 204.77 207.47
0.00 -0.50 0.10
0.60 0.50 0.10
0.00 -0.50 0.10
-0.30 -0.20 -0.20
0.60 -0.50 1.10
0.00 -0.20 0.10
-0.30 0.10 1.10
0.00 -0.20 -0.20
-0.30 0.10 0.10
0.00 -0.20 -0.20
0.00 -0.20 1.10
0.60 0.10 -0.20
0.00 -0.50 -0.20
0.60 0.10 0.10
0.00 -0.50 0.10
0.00 0.50 -0.20
0.00 -0.20 -0.20
0.00 -0.20 -0.20
-0.30 -0.20 -0.20
0.00 -0.50 -0.20
0.00 -0.20 -0.20
0.00 -0.50 -0.20
0.00 0.10 -0.20
0.00 -0.20 -0.20
-0.30 -0.50 0.10
0.00 0.50 -0.20
-0.30 -0.50 -0.20
0.60 0.50 -0.20
0.00 -0.50 0.10
-0.30 0.50 0.10
0.00 -0.20 -0.20
0.00 -0.50 0.10
-0.30 -0.50 0.10
0.00 -0.20 -0.20
-0.30 0.10 -0.20
0.00 -0.20 -0.20
-0.30 0.50 -0.20
0.00 -0.20 -0.20
-0.30 -0.50 -0.20
0.00 0.50 -0.20
-0.30 -1.40 -0.20
0.00 1.10 0.10
-0.30 -0.20 -0.20
0.00 -0.20 -0.20
-0.30 0.50 0.10
0.60 -1.10 0.10
-0.30 0.50 0.10
0.60 -0.20 -0.20
0.00 -0.20 -0.20
0.60 0.50 0.10
6.60 -0.50 0.10
21.00 1.40 1.70
41.10 1.40 5.50
61.80 5.80 9.90
72.70 7.00 14.60
72.70 11.40 19.90
72.70 13.00 24.30
72.70 13.90 25.90
72.70 17.70 27.40
72.70 17.10 28.40
72.70 17.40 28.40
72.70 18.30 28.40
72.70 16.10 28.40
72.70 18.30 28.10
72.70 16.10 26.80
72.70 17.10 26.50
72.70 17.10 25.60
72.70 15.80 24.60
72.70 15.80 24.30
72.70 15.80 23.70
72.70 15.50 23.00
72.70 15.20 21.50
72.70 14.60 21.50
72.70 14.60 21.20
72.70 13.30 20.80
72.70 14.30 19.90
72.70 13.00 19.60
72.70 13.30 19.00
72.70 13.30 19.00
72.70 12.40 18.00
72.70 12.70 18.00
72.40 11.80 17.10
70.90 11.40 17.10
68.70 11.80 16.50
67.10 10.50 16.50
64.60 11.10 15.50
62.40 10.50 15.20
60.80 9.90 14.60
59.60 9.90 14.30
58.00 9.90 14.60
55.50 8.60 13.90
54.20 9.90 13.00
52.70 8.90 13.00
50.80 8.60 12.70
49.50 8.90 12.70
48.00 7.70 11.70
46.70 7.70 11.10
45.50 8.30 11.10
43.60 6.70 10.80
42.30 7.70 10.20
41.40 7.00 10.20
39.80 6.10 9.90
38.60 6.70 8.90
37.90 6.10 8.90
37.00 5.50 8.90
35.70 6.70 8.30
35.10 5.50 8.00
34.20 4.50 8.00
32.60 5.80 8.00
31.70 5.20 7.40
30.70 5.20 7.40
29.80 5.80 6.70
28.80 3.30 7.00
28.20 5.20 7.00
26.90 3.90 6.70
26.30 4.20 6.70
25.70 4.20 6.40
24.40 3.90 6.40
23.80 3.90 6.40
23.80 3.30 5.80
22.20 3.00 5.50
21.60 3.90 5.20
21.00 2.70 5.80
20.70 3.90 5.20
19.70 2.30 4.50
19.40 3.00 4.50
18.50 3.00 4.50
18.50 2.30 4.50
17.80 3.30 4.20
17.20 2.30 4.20
17.20 2.70 4.20
16.90 2.70 3.60
16.90 2.30 3.90
16.30 3.30 3.90
15.30 1.40 3.60
15.00 3.30 3.60
14.10 2.30 3.00
13.80 2.30 3.00
13.50 1.70 3.60
13.50 1.70 2.60
12.80 2.30 3.00
12.80 1.70 2.60
11.30 2.30 3.60
11.30 2.30 2.60
10.60 1.40 3.00
10.60 2.70 2.60
10.60 0.50 3.00
10.60 1.70 2.60
10.00 1.70 2.30
10.00 1.40 2.30
8.70 2.70 2.30
9.40 1.40 2.30
8.70 1.40 2.60
8.40 1.40 1.70
8.10 1.10 2.30
8.40 2.30 2.30
8.70 1.40 2.30
8.10 1.40 1.70
8.10 1.40 2.30
8.10 1.70 1.70
7.20 1.10 1.70
7.20 1.40 1.70
6.90 1.40 1.40
6.90 1.40 1.40
6.90 0.50 1.40
6.90 1.40 1.40
6.60 1.10 1.70
6.90 1.10 1.40
6.20 1.40 1.40
6.20 0.50 1.10
5.60 1.40 1.10
5.60 1.10 1.40
5.60 0.10 1.40
5.00 1.40 1.40
5.30 0.10 1.40
5.30 1.40 1.10
5.00 0.50 1.40
5.00 -0.20 1.10
5.00 1.10 0.10
5.00 0.10 1.40
4.40 1.10 1.10
4.40 1.10 1.10
4.40 0.10 0.10
4.40 0.50 1.10
4.00 0.10 1.40
4.00 1.10 1.10
3.40 0.10 1.40
4.00 1.70 1.10
3.70 -0.20 1.10
3.70 0.50 1.10
3.40 0.50 1.10
3.70 -0.50 0.10
3.70 1.10 1.10
2.80 0.10 0.10
3.40 -0.20 1.40
3.40 1.40 1.10
3.40 -0.50 1.40
3.40 1.10 1.10
2.80 0.50 1.40
3.40 -0.50 0.10
2025 2 4 15 12 14 12
200.36 202.27 197.87 32.50 25.50 42.40 120.03 88.54 145.62 9.47 171.95 12.42 192.93 198.43 202.15 196.48
0.50 -0.50 -0.30
-0.10 -0.20 -0.30
0.50 0.10 -0.60
-0.10 -0.50 -0.30
0.50 0.10 -0.60
-0.10 -0.50 -0.30
0.50 1.00 -0.30
-0.10 -0.20 0.90
-0.10 -0.20 -0.30
-0.10 0.10 -0.30
-0.10 0.10 -0.30
0.50 -0.20 -0.30
-0.10 0.10 -0.30
-0.10 -0.50 -0.30
-0.10 0.10 -0.30
0.50 0.10 -0.30
-0.10 -0.20 -0.30
-0.10 0.10 -0.30
0.50 0.10 0.00
-0.10 -0.50 -0.30
-0.10 0.40 -0.30
-0.50 -0.20 0.00
-0.10 0.40 -0.30
-0.10 -0.20 0.00
-0.10 -0.50 -0.30
-0.10 0.10 -0.30
0.50 -0.20 -0.30
-0.10 -0.50 -0.30
-0.10 0.10 -0.30
-0.50 -0.50 -0.30
0.50 0.10 -0.30
-0.10 0.10 -0.30
-0.10 -0.20 -0.30
0.50 -0.50 -0.30
0.50 0.10 -0.30
-0.10 0.10 -0.30
0.50 -0.50 0.00
-0.10 0.10 0.00
-0.10 -0.50 0.00
0.50 0.40 0.00
-0.10 -0.20 -0.30
-0.50 -0.20 -0.30
-0.10 0.10 -0.30
-0.10 -1.20 0.00
-0.50 0.10 -0.30
-0.10 0.10 -0.60
-0.10 -0.20 0.00
-0.10 0.40 -0.30
-0.10 -0.50 -0.30
-0.50 -0.20 3.80
0.50 -0.20 13.80
4.90 1.00 23.80
8.00 4.50 30.70
13.70 7.60 35.80
18.70 11.70 39.80
21.50 15.10 41.40
25.30 18.90 41.40
27.80 20.50 41.70
30.00 22.40 42.40
31.50 23.90 41.40
32.20 23.90 40.80
32.20 25.20 39.50
32.50 25.50 39.50
32.50 24.20 38.60
32.20 24.60 38.00
31.50 24.20 36.70
31.50 24.20 35.50
30.90 22.70 34.50
30.60 23.00 34.20
29.70 21.70 32.30
29.40 21.40 31.70
28.10 21.40 30.70
27.20 19.50 29.80
27.20 20.20 28.90
26.20 19.80 28.20
25.30 18.30 28.20
25.30 18.90 27.90
24.00 17.00 26.70
23.70 17.30 26.40
23.40 17.00 25.10
22.50 15.80 24.20
21.50 16.10 24.20
21.20 15.10 23.50
20.60 15.50 22.60
20.60 14.20 21.70
19.30 14.20 21.00
18.70 13.30 20.10
18.10 13.90 19.80
17.10 12.90 18.80
17.10 11.70 18.20
17.10 12.90 18.20
16.20 11.10 17.90
16.20 11.70 17.30
14.90 11.70 16.90
14.90 10.40 16.30
14.90 11.10 16.30
14.00 10.10 15.40
13.40 9.80 15.10
13.40 10.10 14.40
12.70 8.90 14.10
12.70 8.90 14.10
11.50 8.60 13.80
11.50 9.50 12.90
10.80 7.60 12.90
11.20 8.60 12.20
10.50 7.00 12.20
9.90 7.60 11.60
9.90 7.60 11.60
9.60 6.00 10.70
9.60 7.00 10.70
8.60 6.70 10.00
8.60 6.00 9.40
8.30 7.00 8.80
7.70 5.40 8.80
7.70 6.70 8.80
7.70 5.70 8.80
7.70 5.70 8.20
6.80 5.10 8.20
7.10 5.40 8.20
6.80 5.10 7.20
6.80 4.20 7.80
6.10 5.40 6.90
6.50 4.20 6.90
6.10 4.50 6.90
5.50 5.10 6.60
5.50 3.20 6.30
6.10 5.40 5.70
5.50 3.20 6.30
5.50 3.80 5.70
5.20 3.80 5.70
5.20 3.20 5.70
4.90 3.80 5.30
4.90 3.20 5.00
4.30 3.20 5.00
4.90 3.20 5.00
4.30 2.60 5.00
3.90 3.20 4.40
3.90 2.90 4.10
4.30 3.20 4.40
3.60 2.30 4.10
3.90 2.60 3.80
3.30 2.30 4.10
3.60 2.30 3.80
3.60 3.20 3.80
3.30 1.30 3.50
2.70 2.30 3.80
3.60 2.60 3.50
2.70 1.30 2.80
3.30 2.60 2.80
2.40 1.70 2.80
2.70 2.60 2.80
2.70 2.30 2.80
2.70 2.30 2.80
2.40 2.60 3.50
2.70 1.30 2.80
2.40 2.30 3.50
2.40 1.70 2.50
2.10 1.30 2.80
2.40 2.30 2.80
2.10 1.00 2.20
2.70 2.90 2.20
2.10 1.30 2.80
2.10 2.30 2.20
2.10 1.30 2.20
2.10 1.30 2.20
0.80 2.30 2.20
1.10 1.30 2.20
2.10 2.30 2.20
2.10 1.30 1.60
1.10 1.70 2.20
2.70 1.70 1.60
1.10 1.00 2.20
2.40 1.70 1.60
2.10 1.30 2.20
2.10 2.30 1.60
0.80 1.30 2.20
2.10 1.30 1.30
0.80 1.70 1.30
1.10 0.10 1.30
2.40 1.30 1.60
1.10 1.00 1.60
0.80 1.30 1.30
1.10 1.70 1.30
1.10 0.40 1.30
1.10 1.30 1.30
0.80 1.00 1.30
1.10 2.30 1.30
0.80 1.00 1.60
0.80 1.30 1.30
1.10 1.00 1.30
1.10 0.40 0.90
0.80 1.30 1.30
1.10 0.40 0.90
0.50 1.30 0.00
0.80 1.30 0.90
0.80 0.40 0.90
1.10 1.30 0.90
0.50 0.40 1.30
1.10 1.70 0.90
0.50 0.40 0.90
2025 2 4 15 24 10 741
204.50 190.21 198.70 13.70 15.50 12.80 48.77 51.84 46.98 43.40 62.81 43.77 50.40 207.73 192.93 204.84
-0.10 0.40 0.20
0.60 1.00 -0.10
0.60 -0.50 -0.10
0.60 1.30 -0.10
-0.10 -0.50 -0.10
0.60 1.00 -0.10
0.60 0.10 -0.40
0.60 -0.20 -0.10
0.60 1.30 -0.10
-0.10 -0.50 -0.10
0.60 1.00 -0.10
0.60 0.40 -0.10
-0.10 -0.20 -0.10
0.90 1.60 -0.10
0.60 -0.20 0.20
-0.10 1.30 -0.10
-0.10 0.10 0.20
-0.10 0.40 -0.40
-0.10 0.10 0.20
-0.10 -0.50 -0.10
0.60 1.00 0.20
0.60 -0.20 -0.40
0.90 0.40 -0.10
0.60 0.10 -0.10
-0.10 0.10 -0.10
0.60 1.30 -0.10
-0.10 -0.50 0.20
0.60 0.40 -0.10
-0.10 0.10 0.20
0.60 0.10 -0.10
-0.10 0.40 -0.10
-0.10 -0.20 0.20
-0.10 -0.20 -0.10
0.60 0.40 -0.10
-0.10 0.10 1.10
0.60 0.40 -0.10
-0.10 0.10 -0.10
-0.10 0.40 -0.40
0.60 -0.50 -0.10
0.60 0.10 -0.10
-0.10 0.10 -0.10
-0.10 -0.20 -0.10
-0.10 0.40 0.20
-0.70 -0.20 -0.10
-0.10 -0.20 -0.10
0.60 0.10 -0.40
-0.40 -0.20 -0.10
-0.10 1.00 -0.10
-0.40 1.30 -0.10
0.60 2.60 0.20
-0.40 5.40 3.70
0.90 8.50 4.60
1.20 10.40 6.50
4.00 13.30 8.00
6.80 13.90 9.90
7.80 14.50 11.20
9.70 15.50 12.80
10.90 14.50 12.40
11.50 15.10 12.40
13.40 15.50 12.40
12.80 14.20 12.40
13.70 15.10 11.80
13.40 13.30 12.40
13.40 14.20 12.40
12.80 12.90 11.20
12.80 13.30 11.20
12.80 12.90 10.90
12.50 12.30 10.20
10.90 12.60 10.20
11.20 11.70 9.90
10.90 12.30 9.60
10.90 11.10 9.60
10.00 11.10 9.60
10.00 11.70 8.70
9.70 8.90 9.00
9.70 11.70 8.70
8.70 9.50 8.40
8.70 9.80 8.00
8.70 9.80 8.40
8.70 8.20 8.00
8.40 9.50 7.40
8.40 8.50 7.40
8.40 7.60 7.10
8.10 8.50 6.80
7.80 6.70 7.10
7.80 8.50 5.90
7.80 6.00 6.80
7.80 7.60 6.50
6.80 5.70 6.50
7.10 6.70 5.90
6.50 6.70 5.90
6.50 5.40 5.90
6.50 6.70 5.50
6.50 5.10 5.50
6.50 5.40 5.20
6.20 6.70 5.20
4.90 4.50 4.60
5.60 6.70 4.30
5.30 4.20 4.60
5.30 5.40 4.60
4.90 5.40 4.30
4.90 3.80 4.00
4.30 5.10 4.30
4.90 4.20 3.70
4.00 4.20 4.00
4.30 3.80 3.00
4.30 3.80 4.00
4.00 4.20 4.00
3.70 2.90 3.00
4.00 4.50 3.00
3.70 2.30 3.70
3.70 3.20 3.70
3.70 2.90 2.70
2.70 2.30 3.00
3.70 3.20 3.00
3.40 2.90 2.70
2.70 2.60 2.40
3.40 3.20 2.40
2.70 2.30 2.70
3.40 2.60 2.70
2.70 2.90 2.40
2.40 2.60 2.70
2.40 2.30 2.40
2.40 2.30 2.70
2.40 1.30 2.70
2.40 2.60 2.70
2.10 2.30 2.70
2.40 1.30 2.40
2.40 2.30 2.70
2.10 1.30 2.40
2.10 1.60 2.40
2.10 1.60 2.40
1.20 1.30 2.40
2.40 1.60 2.70
2.10 1.30 2.40
1.20 1.60 1.80
0.90 1.30 2.40
2.10 1.60 1.80
1.20 1.30 1.80
1.20 1.30 1.80
0.90 1.30 1.50
2.10 1.00 1.80
1.20 1.30 2.40
0.90 1.30 1.80
0.60 1.00 1.80
1.20 1.30 1.80
1.20 0.10 1.80
0.90 1.30 1.50
0.60 0.40 1.10
1.20 1.30 1.10
2.10 1.30 1.10
1.20 0.10 1.10
0.60 1.30 1.50
0.90 0.40 1.50
0.90 0.40 1.80
1.20 1.00 1.10
0.60 0.10 1.50
1.20 1.60 1.10
1.20 0.10 1.10
1.20 1.00 1.50
0.90 0.40 0.20
0.90 0.10 1.10
0.90 1.30 1.50
1.20 -0.20 1.10
0.60 0.40 1.10
1.20 0.40 1.10
0.90 -0.20 1.50
0.90 1.30 1.10
0.60 -0.20 1.10
0.90 0.40 1.10
0.60 -0.20 1.10
0.90 0.40 0.20
0.60 0.40 1.10
0.90 0.40 1.10
0.90 1.30 0.20
0.90 -0.20 0.20
0.60 1.00 1.10
0.60 1.00 -0.10
0.60 0.10 1.10
1.20 1.30 0.20
-0.10 -0.50 1.10
1.20 1.30 0.20
0.90 0.10 0.20
1.20 -0.20 0.20
1.20 1.30 0.20
0.60 0.10 0.20
0.90 0.40 0.20
1.20 0.40 0.20
0.90 0.10 1.10
0.90 0.40 0.20
0.60 0.10 1.10
0.90 0.40 1.10
0.90 -0.20 1.10
0.90 1.00 1.50
0.60 -0.50 1.10
1.20 0.10 1.10
0.60 0.10 1.10
0.90 -0.20 1.10
0.60 1.00 1.50
0.60 0.10 1.10
2025 2 4 15 26 39 596
200.65 208.97 194.91 9.40 7.60 12.40 33.57 24.67 42.54 31.62 186.97 52.53 184.82 207.56 219.72 198.35
0.00 0.10 0.20
-0.60 -0.20 0.20
0.00 -0.20 0.20
-0.30 0.40 0.20
0.00 -0.20 -0.10
-0.30 -0.20 1.10
0.60 0.10 -0.10
-0.30 -0.20 -0.10
0.60 0.40 -0.10
-0.60 -0.60 -0.10
0.00 0.10 0.20
-0.30 -0.20 -0.10
0.00 -0.60 0.20
0.60 0.10 -0.10
-0.30 -0.60 0.20
-0.30 -0.20 0.20
0.60 -0.20 0.20
-0.30 -0.60 -0.10
-0.30 0.10 -0.50
-0.30 -0.60 -0.10
0.00 -0.20 0.20
-0.30 -0.20 -0.10
0.00 -0.20 -0.10
0.00 -0.20 0.20
0.60 -0.60 -0.10
0.00 -0.20 -0.10
0.60 0.10 -0.10
0.60 -0.60 0.20
0.00 -0.20 -0.10
-0.30 -0.60 -0.10
0.60 0.10 -0.10
0.00 -0.20 -0.10
0.60 -0.20 0.20
-0.30 -0.20 -0.10
0.60 0.10 -0.10
0.00 -0.20 -0.10
0.60 0.10 -0.10
0.00 0.10 0.20
0.00 -0.20 0.20
0.00 -0.20 0.20
0.00 -0.20 0.20
0.00 -0.60 0.20
0.60 -0.20 -0.50
0.00 0.10 -0.10
0.00 -0.60 0.20
-0.30 0.10 -0.10
0.00 0.10 0.20
0.60 -0.60 -0.10
0.60 0.40 1.10
-0.30 -1.50 3.00
0.60 0.40 6.40
1.00 -0.60 8.00
2.50 -0.60 10.20
4.40 1.00 11.80
6.30 1.60 12.40
7.20 3.80 12.40
8.80 4.50 12.40
9.40 5.40 11.80
8.80 7.00 11.10
9.40 6.00 11.10
9.40 7.00 11.10
8.80 6.70 11.10
9.40 7.60 10.20
8.50 7.60 10.80
8.50 7.60 10.20
8.50 7.00 9.90
8.50 7.00 9.60
8.20 7.60 9.90
8.20 6.70 8.90
7.20 6.00 8.60
7.90 7.60 8.30
7.90 5.70 8.30
7.20 6.70 8.30
6.90 5.70 8.00
6.90 5.10 8.00
6.60 5.70 8.00
6.60 5.40 8.00
6.30 5.10 7.40
6.60 5.40 7.10
6.30 4.10 6.80
6.30 5.10 6.40
5.70 4.50 6.40
5.70 4.50 6.40
5.70 5.10 6.40
5.30 4.50 5.80
5.00 4.10 5.80
5.30 4.10 5.80
5.00 4.10 5.50
5.00 4.10 5.20
4.40 3.80 5.20
4.40 3.80 4.60
4.40 3.20 5.20
4.40 3.80 4.60
4.10 3.20 4.20
4.40 2.90 4.20
4.10 3.80 4.20
4.40 2.90 4.20
3.80 2.90 3.90
3.80 3.20 3.90
3.80 1.60 3.90
3.80 3.20 3.90
3.50 2.30 3.60
3.50 2.60 3.60
3.50 2.90 3.90
3.50 1.60 3.60
2.50 2.30 3.00
3.50 2.60 3.00
2.80 1.60 3.00
2.80 2.30 3.60
2.20 1.60 2.70
2.50 1.60 2.70
2.50 1.60 3.00
2.80 1.60 2.70
2.20 1.60 2.70
2.50 1.60 2.70
2.20 1.60 2.70
2.50 1.30 2.40
2.50 1.60 2.70
2.20 1.60 2.40
2.20 1.30 2.40
2.20 2.60 1.70
2.20 1.00 2.40
1.30 2.30 2.40
2.20 1.30 1.70
2.20 1.00 1.40
1.00 2.30 1.70
1.30 0.40 1.70
1.00 1.30 1.70
2.20 1.30 1.40
1.00 1.00 1.70
1.30 2.30 1.10
1.00 0.40 1.10
1.00 1.60 1.10
1.00 1.00 1.70
1.30 1.30 1.70
0.60 1.00 1.40
1.00 0.10 1.70
1.00 1.30 1.40
1.00 0.10 1.40
1.00 0.40 1.40
1.00 1.00 1.10
0.60 0.10 1.40
1.00 1.30 1.10
1.00 -0.60 1.10
0.60 1.30 1.40
0.60 1.00 1.70
1.00 1.00 1.40
1.00 1.00 1.10
1.00 0.40 1.40
1.00 1.00 1.10
1.00 1.00 1.10
0.60 1.00 1.10
0.60 1.00 1.10
0.60 0.40 1.10
0.60 1.30 1.10
0.60 0.40 1.40
0.60 1.00 1.10
0.60 0.40 1.40
0.60 1.00 1.10
0.60 1.30 1.10
0.00 0.40 1.10
0.60 0.10 0.20
0.60 1.00 1.10
0.60 0.40 0.20
0.60 0.10 1.10
-0.30 1.00 1.10
0.00 -0.20 1.10
0.60 0.40 1.10
0.60 1.00 1.10
0.60 -0.20 1.10
0.60 1.30 1.10
0.00 0.10 0.20
0.60 0.10 0.20
0.00 0.40 1.10
0.60 0.10 0.20
0.60 0.40 0.20
0.60 0.10 1.10
-0.30 -0.20 -0.10
0.00 0.10 1.10
0.00 -0.20 0.20
0.60 1.00 0.20
0.00 -0.20 1.10
0.00 1.30 0.20
0.00 -0.20 0.20
0.60 0.10 1.10
0.00 1.00 0.20
0.60 -0.20 1.10
0.60 0.40 1.10
0.60 -0.20 0.20
0.60 0.10 0.20
0.60 1.00 0.20
0.00 -0.60 0.20
0.00 0.40 0.20
-0.30 -0.60 0.20
0.60 -0.20 0.20
0.00 0.10 0.20
0.00 -0.60 0.20
-0.60 0.40 -0.10
0.60 -0.20 0.20
0.00 -0.20 0.20
2025 2 4 15 29 43 920
196.29 192.27 183.73 29.70 14.60 5.70 105.85 47.86 21.54 37.62 121.15 11.05 328.29 195.58 194.93 199.33
-0.50 0.50 -0.20
-0.50 -0.10 -0.20
-0.80 -0.10 -0.20
-0.10 -0.10 -0.20
-0.10 -0.10 -0.20
-0.10 0.50 -0.20
-0.10 -0.10 -0.20
-0.10 0.50 0.10
-0.50 -0.40 -0.20
-0.10 0.50 0.10
-0.50 0.20 0.10
0.50 -0.10 0.10
-0.10 0.20 -0.20
-0.50 -0.40 -0.20
-0.10 -0.10 0.10
0.50 0.20 -0.20
-0.50 -0.10 0.10
-0.10 -0.10 0.10
-0.50 -0.10 0.10
-0.10 0.20 0.10
-0.10 -0.10 -0.20
0.50 0.20 -0.20
-0.50 -1.10 0.10
-0.10 0.50 -0.20
-0.10 -0.10 -0.20
-0.10 -0.10 0.10
-0.50 0.50 0.10
-0.10 -0.10 0.10
-0.80 0.50 -0.20
-0.10 -0.40 0.10
-0.50 -0.10 0.10
0.50 0.50 -0.20
-0.10 -0.10 -0.20
-0.10 0.20 -0.20
-0.10 -0.10 -0.20
-0.10 0.50 0.10
-0.10 -1.10 -0.20
0.50 -0.40 -0.20
-0.50 0.20 -0.20
-0.10 -0.10 -0.20
-0.10 1.10 -0.20
-0.10 -0.40 -0.20
-0.80 -0.10 -0.20
-0.10 0.50 0.10
-0.10 -1.10 0.10
-0.10 1.10 0.10
-0.10 -0.40 1.60
0.50 0.20 3.50
-0.10 0.50 3.50
-0.10 0.50 4.50
3.30 4.00 5.10
8.60 6.80 5.70
14.30 9.00 5.40
19.30 11.20 5.70
23.70 11.50 5.70
27.20 13.40 5.70
28.70 12.70 5.70
29.30 14.60 5.70
28.40 13.10 5.70
29.70 14.00 5.70
28.40 14.30 5.40
27.80 12.70 5.40
27.80 14.00 5.10
27.20 13.10 5.40
27.20 12.70 5.70
26.20 12.70 4.50
25.30 11.20 5.10
25.00 12.40 4.50
24.00 10.50 4.50
23.70 11.20 4.50
22.10 10.50 4.20
22.10 10.20 4.20
21.20 10.50 4.20
21.20 9.90 3.80
19.90 9.90 3.80
19.90 9.90 3.50
19.60 8.70 3.50
19.60 9.60 3.80
18.40 7.70 3.80
18.70 9.60 3.50
17.70 8.30 2.90
17.70 8.30 3.50
16.80 8.30 3.50
16.50 6.80 2.90
16.20 7.10 2.30
16.20 6.80 2.60
15.20 6.20 2.90
14.90 6.80 2.30
14.00 5.80 2.30
14.30 6.20 2.30
13.70 5.80 2.60
13.70 6.80 2.30
13.30 5.20 2.30
13.30 5.50 2.60
11.50 5.50 2.30
12.40 4.60 2.60
11.50 5.20 2.30
11.20 4.60 1.60
10.80 5.20 2.30
10.50 4.30 1.60
9.90 4.00 2.30
9.90 4.60 1.60
9.30 3.30 1.60
9.30 4.00 2.30
8.60 3.30 2.30
8.60 4.00 1.30
8.00 2.70 1.60
8.00 3.30 1.60
7.70 3.30 1.30
8.00 2.70 1.60
7.10 4.00 1.30
6.80 2.40 1.30
6.80 3.30 1.30
6.80 3.30 1.30
6.40 1.80 1.60
6.40 3.30 1.30
5.50 1.80 1.30
6.10 3.00 1.00
5.50 1.80 1.30
6.10 1.80 1.30
5.50 2.40 1.30
6.10 1.40 1.00
5.50 2.70 1.30
5.50 1.40 1.30
5.50 2.40 0.10
5.50 2.40 1.00
5.20 0.50 1.00
5.20 3.30 0.10
4.90 0.20 1.00
5.50 2.70 1.00
4.90 1.80 1.00
4.90 1.10 1.30
4.30 2.70 1.00
4.90 0.50 1.00
4.30 1.40 1.00
4.90 1.80 1.30
3.90 0.50 0.10
3.90 2.40 1.00
3.90 1.10 1.00
3.60 1.40 1.00
3.90 1.10 1.00
3.90 1.80 1.00
2.70 1.40 1.00
3.30 1.40 0.10
3.30 1.40 -0.20
3.60 1.10 1.00
3.60 2.40 0.10
3.60 1.10 0.10
2.70 1.10 0.10
3.60 2.70 0.10
3.30 -0.10 1.00
3.30 2.40 1.00
3.30 1.10 1.00
3.30 1.10 1.00
2.70 1.80 1.00
2.70 0.50 0.10
2.70 1.10 -0.20
2.70 1.10 1.00
2.40 0.20 0.10
2.40 1.40 0.10
2.40 0.20 1.00
2.40 1.10 0.10
2.10 1.10 0.10
2.70 0.50 0.10
2.40 0.50 0.10
2.40 1.10 1.00
2.10 0.50 0.10
2.40 0.50 1.00
2.40 0.20 0.10
2.10 0.50 0.10
1.10 0.50 0.10
2.10 1.10 0.10
2.10 0.20 0.10
2.10 1.10 1.00
2.10 0.20 0.10
1.10 1.10 0.10
1.10 0.20 0.10
2.10 0.50 -0.20
1.10 0.20 -0.20
2.10 0.50 1.00
2.10 0.50 0.10
1.10 0.50 -0.20
0.80 0.50 -0.20
1.10 0.50 0.10
0.80 0.20 -0.20
2.10 1.10 -0.20
0.50 -0.10 0.10
1.10 0.50 0.10
1.10 -0.10 0.10
0.80 -0.10 0.10
0.50 0.50 0.10
0.80 0.50 -0.20
0.80 0.50 0.10
0.80 0.20 -0.20
0.50 0.50 0.10
0.80 -0.10 -0.20
1.10 -0.10 0.10
1.10 1.10 -0.20
0.50 -0.10 0.10
0.80 1.40 -0.20
2025 2 4 15 30 23 614
209.69 203.67 214.67 36.20 71.70 24.30 14.59 86.19 8.70 24.04 2.74 40.28 6.89 207.60 197.36 214.70
0.40 -0.10 -0.10
0.40 0.50 -0.50
-0.20 -0.10 0.20
0.40 0.50 -0.10
-0.20 -0.10 0.20
0.40 -0.10 -0.10
-0.50 -0.10 -0.10
0.40 -0.10 -0.10
0.40 0.20 0.20
-0.20 -0.40 0.20
0.40 -0.10 -0.10
-0.20 0.50 0.20
-0.20 -1.40 -0.10
0.40 1.10 -0.10
-0.20 -0.40 -0.10
-0.20 0.20 -0.10
-0.20 0.50 0.20
0.40 -0.40 -0.10
-0.50 0.50 0.20
-0.20 -0.10 -0.50
-0.20 -0.10 0.20
0.40 0.50 -0.10
-0.20 -0.40 -0.10
-0.20 0.50 -0.10
0.40 -0.40 -0.10
0.40 0.20 -0.10
0.40 -0.10 -0.10
-0.20 -0.40 -0.10
0.40 0.50 0.20
0.40 -0.40 -0.10
-0.20 0.50 -0.10
-0.20 -0.40 -0.10
0.40 -0.40 -0.10
-0.50 0.50 -0.10
-0.50 -1.40 0.20
0.40 1.10 -0.10
-0.20 -0.40 0.20
0.40 -0.40 -0.10
-0.20 1.10 -0.10
0.40 -0.40 0.20
-0.20 1.10 -0.10
-0.50 -0.40 -0.10
0.40 -0.10 -0.10
0.40 0.50 -0.10
-0.20 -0.40 0.20
-0.20 0.50 -0.10
-0.20 -0.40 -0.50
-0.50 1.10 -0.10
0.40 -3.30 -0.10
-0.20 -1.70 -0.10
0.40 -8.30 1.70
-3.30 5.50 4.30
-5.90 5.50 -6.10
3.60 21.80 -7.00
7.90 -8.30 10.80
-6.50 -8.30 4.60
-3.70 40.70 -3.00
2.60 57.00 -7.00
6.40 -8.30 3.90
-6.20 -0.40 10.20
-3.70 34.70 -7.00
6.70 -8.30 -2.60
6.10 71.70 16.80
-7.40 20.30 -7.00
-7.40 -8.30 -3.60
7.60 33.40 2.40
26.80 69.80 1.10
-7.40 -8.30 -4.20
-7.40 -8.30 5.20
19.60 57.60 16.50
-3.30 -8.30 -7.00
-7.40 -2.60 -4.50
9.20 71.70 -0.50
26.50 -8.30 24.30
-7.40 -8.30 3.90
-7.40 29.70 -7.00
17.00 69.20 14.60
17.00 -8.30 24.30
-7.40 -8.30 -7.00
-2.10 63.60 -7.00
22.10 31.90 9.90
-2.10 -8.30 -0.10
-7.40 54.50 -4.20
-5.90 -8.30 16.50
11.10 -0.10 -7.00
17.00 5.20 -7.00
-7.40 -8.30 5.80
-7.40 -8.30 5.50
27.10 5.20 1.70
-7.40 41.60 4.30
-7.40 -8.30 -7.00
36.20 61.70 4.30
-3.70 25.30 14.30
-7.40 -8.30 -3.30
16.10 -8.30 -7.00
6.70 71.70 -0.10
-1.80 -8.30 6.80
-5.90 11.50 3.00
-7.40 14.00 -1.40
13.30 -8.30 -6.40
6.10 -1.40 -4.80
-7.40 35.60 10.80
10.80 -8.30 2.40
10.80 -8.30 -3.30
-7.40 15.60 -0.50
2.30 31.60 -2.60
13.30 -8.30 1.40
-7.40 -0.10 2.70
-4.00 30.00 -2.00
8.60 -8.30 -2.60
0.70 28.70 5.80
-3.30 21.20 0.20
-7.40 -8.30 -7.00
1.00 -8.30 7.10
18.00 22.80 1.40
-3.00 6.10 -7.00
-7.40 -8.30 2.70
6.40 9.90 0.20
5.40 18.70 -2.00
-3.70 -8.30 3.00
-1.80 -7.00 2.70
4.20 15.20 -0.10
2.60 -8.30 3.60
-6.20 17.40 -6.40
-1.80 -8.30 -6.40
9.80 -8.30 6.80
-0.50 56.30 5.80
-7.40 3.00 -3.30
3.90 -8.30 -0.10
6.40 15.90 -1.40
-4.60 22.50 -4.80
0.70 -8.30 4.30
5.40 -8.30 5.50
-0.80 14.30 -2.60
-4.00 8.30 -1.40
-5.20 -8.30 0.20
5.40 3.90 -0.10
4.80 11.80 -0.50
-6.80 1.80 -2.60
3.90 -8.30 -1.40
4.20 18.70 3.90
-5.20 -6.70 1.70
-2.10 6.80 -4.20
5.40 11.80 1.10
3.60 0.50 4.30
-3.70 -8.30 -2.60
-4.00 -8.30 -1.40
2.60 3.30 1.40
3.90 3.90 0.20
-4.00 -0.40 -0.50
-1.50 -8.30 -0.50
7.00 -0.40 -0.10
-3.30 18.70 1.70
-3.70 -8.30 -0.50
4.20 3.90 -1.10
0.40 8.30 0.20
-1.80 -5.50 -0.10
-1.50 6.10 -0.50
0.70 -4.50 1.10
2.00 4.60 0.20
-1.80 -3.30 -0.50
-0.50 -8.30 -1.40
2.60 -3.00 0.20
-0.80 19.00 0.20
-4.00 1.40 1.40
1.00 -1.70 1.10
3.60 0.20 -0.50
2.00 -3.30 -1.70
-0.20 3.30 1.40
-3.00 9.60 3.60
-1.80 -7.00 1.10
1.00 -8.30 -2.00
-1.50 -1.10 -1.70
2.30 7.70 1.40
2.30 8.30 2.70
-4.00 4.60 0.20
-2.10 -7.70 -1.10
3.60 -1.10 -1.70
1.00 -5.50 0.20
-0.50 -1.10 1.40
0.40 4.30 2.40
-0.20 -0.40 1.70
-2.40 -1.40 -0.10
0.40 3.30 -1.70
2.00 1.10 -1.40
0.40 5.50 1.40
-1.50 -1.70 0.20
-0.50 -8.30 -0.10
0.40 2.40 1.10
0.40 10.50 1.40
-0.50 -2.60 -0.10
0.70 -0.10 -1.40
-0.50 0.50 -0.10
-0.80 -0.40 1.40
-0.50 -4.50 1.70
0.40 -5.50 1.10
0.70 -3.30 -1.10
-0.20 2.70 -1.70
-1.50 0.50 -0.10
-0.50 0.50 1.40
2025 2 4 15 32 28 563
198.36 194.73 196.50 54.30 11.80 15.80 196.42 38.53 57.66 10.38 68.70 12.69 281.49 194.44 197.30 198.49
0.40 0.50 -0.20
-0.60 -0.10 -0.20
-0.30 -0.10 -0.20
-0.30 0.50 -0.20
-0.30 0.20 0.20
-0.30 0.50 0.20
-0.30 -0.10 -0.20
0.40 0.20 -0.20
-0.30 1.10 -0.20
-0.60 -0.10 -0.20
-0.30 0.50 -0.20
-0.30 -0.10 -0.20
-0.30 0.20 -0.20
-0.60 1.10 0.20
0.40 -0.10 -0.20
-0.30 0.20 -0.20
0.40 0.20 0.20
-0.30 0.20 0.20
-0.30 0.20 -0.20
-0.60 -0.10 -0.20
-0.30 0.20 -0.20
-0.30 -0.10 -0.20
-0.30 1.10 0.20
-0.60 -1.10 0.20
-0.30 1.10 0.20
-0.30 -0.10 0.20
0.40 -1.10 0.20
-0.60 1.50 0.20
-0.30 -1.10 0.20
-0.60 0.50 0.20
0.40 0.20 -0.20
0.40 -1.10 1.10
0.70 1.10 0.20
0.40 -0.40 0.20
0.70 1.10 0.20
-0.30 -0.10 1.10
-0.30 -0.10 1.10
-0.30 0.20 -0.20
0.40 -0.10 -0.20
0.40 1.10 0.20
0.40 0.20 -0.20
0.40 0.20 -0.20
0.40 0.50 -0.20
0.40 -0.10 0.20
-0.30 1.10 -0.20
-0.30 -1.10 0.20
0.40 0.50 -0.20
-0.30 -0.40 -0.20
0.40 -0.10 1.10
1.00 1.80 2.70
4.80 1.10 6.40
10.70 5.20 10.20
21.10 6.80 13.60
29.90 9.00 14.30
37.10 10.20 14.60
45.20 10.60 15.50
49.60 11.80 15.50
52.10 11.20 15.50
53.70 11.80 15.80
54.30 11.50 15.80
54.30 11.80 15.20
53.70 11.80 14.60
53.40 10.60 14.30
52.80 11.50 13.60
51.50 10.60 14.00
50.60 10.20 13.60
48.40 11.20 13.60
48.10 9.60 12.70
46.50 10.20 12.40
45.50 9.00 12.40
44.30 9.00 11.80
43.30 8.70 11.10
42.10 8.40 10.80
41.20 7.70 10.80
39.90 7.70 11.10
38.60 7.70 10.20
38.00 6.80 10.20
38.00 7.10 9.90
36.80 6.80 9.60
35.20 6.20 8.90
35.20 7.10 8.90
33.90 5.80 8.60
32.70 6.20 8.30
31.40 5.80 8.30
30.50 5.80 8.30
30.50 5.50 8.00
29.20 5.50 7.40
28.00 5.50 7.10
27.70 4.60 7.10
26.70 5.20 6.70
26.70 5.20 6.40
25.20 4.00 6.70
24.80 5.20 5.80
23.90 4.00 6.40
23.60 4.60 5.80
22.30 4.30 6.40
22.00 4.00 5.50
21.40 4.00 5.50
20.80 3.00 5.50
19.50 3.30 5.20
19.20 3.30 5.50
18.20 3.30 5.20
18.20 3.30 5.20
17.00 3.00 5.50
16.70 4.00 4.20
16.70 2.40 5.20
16.70 4.00 4.50
16.10 2.40 4.20
16.10 3.00 4.20
15.40 4.00 4.20
15.10 1.50 4.20
14.80 3.30 4.50
14.80 2.40 4.20
13.90 2.40 4.20
14.20 3.30 3.60
13.20 1.10 3.60
13.20 3.30 3.00
12.60 1.50 3.90
12.30 1.80 3.60
11.00 2.40 3.60
12.30 1.50 2.70
10.70 2.40 3.00
10.70 1.10 3.00
10.40 1.80 3.00
9.80 1.50 2.70
9.50 1.50 3.00
9.20 2.40 2.70
9.20 0.50 2.70
8.50 2.70 2.30
8.50 0.20 2.30
8.20 1.50 2.30
7.60 1.50 2.30
7.60 0.50 2.30
6.60 1.80 2.30
7.60 1.10 1.70
6.60 0.50 2.30
7.00 1.50 2.30
6.60 0.50 1.70
6.60 1.10 2.30
6.00 0.50 1.70
6.30 1.50 1.70
5.40 0.50 2.30
6.00 1.50 1.40
5.40 0.50 1.40
5.40 0.50 1.70
5.10 0.50 1.40
4.80 0.20 1.70
4.80 0.50 1.70
4.80 0.50 1.40
4.80 0.20 1.10
4.80 1.50 1.70
3.80 0.20 1.40
4.10 0.20 1.40
3.80 1.10 1.40
4.10 0.50 1.40
4.10 0.50 1.40
4.10 1.10 1.10
3.80 0.20 1.10
4.10 0.50 1.70
3.50 0.50 1.10
3.50 0.20 1.10
3.50 0.50 1.40
3.50 0.50 1.10
3.20 -0.10 1.40
3.80 1.10 1.10
3.20 -0.40 1.40
3.50 0.20 1.10
3.50 0.50 1.40
3.20 0.20 0.20
2.60 0.20 1.10
2.60 0.20 -0.20
2.60 0.20 1.10
3.50 0.20 1.10
2.20 -0.40 1.10
3.20 0.20 0.20
2.20 -0.10 1.40
2.60 0.50 1.40
2.60 -0.40 1.40
2.60 0.50 0.20
2.20 -0.10 1.10
2.60 -0.10 1.10
2.20 1.10 0.20
2.20 -0.40 1.10
1.90 1.10 1.10
1.90 0.20 0.20
1.90 -0.40 1.10
2.20 1.10 1.10
2.20 -1.10 0.20
2.20 1.10 1.10
1.90 -0.40 -0.20
1.90 -0.10 0.20
1.00 0.50 1.10
1.90 -0.40 1.10
0.70 1.10 0.20
1.00 -0.40 1.10
0.70 0.20 1.10
1.90 0.50 1.10
1.90 -0.40 0.20
1.00 1.10 0.20
1.00 -1.10 1.10
2025 2 4 15 37 29 402
205.21 213.41 200.90 10.50 30.60 32.30 37.56 112.67 113.18 28.35 192.90 40.57 135.31 213.05 212.13 199.64
0.50 0.50 -0.30
0.50 0.20 -0.30
0.50 -0.10 0.00
0.50 0.20 -0.30
-0.20 -0.10 0.00
-0.20 0.20 -0.30
-0.20 -0.40 1.00
-0.20 0.50 -0.30
-0.20 -0.10 0.00
0.50 0.20 -0.30
-0.50 -0.10 -0.30
0.50 0.20 -0.30
-0.20 -0.10 -0.30
0.50 0.20 0.00
0.50 -0.10 0.00
0.80 -0.40 0.00
-0.20 -0.10 0.00
-0.20 0.50 -0.30
-0.20 -0.40 -0.30
0.50 -0.10 -0.30
-0.20 0.20 -0.30
-0.20 0.20 -0.30
0.50 0.20 0.00
-0.20 -0.10 -0.30
-0.20 -0.10 0.00
-0.20 1.10 -0.30
-0.20 0.50 -0.30
-0.20 0.20 0.00
-0.20 0.50 -0.30
-0.20 0.20 0.00
-0.20 1.10 0.00
-0.50 -0.10 -0.30
-0.50 0.20 -0.30
0.50 1.10 -0.60
-0.20 -0.10 -0.30
-0.20 0.50 -0.30
-0.20 -0.40 -0.30
0.50 1.50 -0.30
0.50 0.50 -0.30
0.50 0.50 -0.30
-0.20 1.10 -0.30
-0.20 -0.40 -0.60
-0.20 1.50 0.00
-0.20 0.20 -0.30
-0.20 -0.40 -0.30
-0.20 1.10 -0.30
-0.20 -0.40 -0.30
0.50 1.50 -0.30
-0.20 -0.10 0.00
0.50 1.10 1.00
-0.20 0.20 5.40
0.50 -0.10 10.10
0.50 1.10 16.70
2.70 -0.40 23.60
3.90 2.70 27.00
5.50 6.20 28.90
6.70 11.50 29.80
8.00 17.10 31.10
9.30 18.70 31.70
9.90 23.40 32.30
9.90 25.30 32.30
10.50 27.20 31.70
9.60 28.80 31.10
9.90 28.40 31.10
9.90 30.60 30.80
9.90 30.00 29.80
9.60 29.70 29.50
9.30 30.30 28.60
9.30 29.10 27.30
9.90 29.70 27.00
8.60 28.40 26.70
9.30 28.80 25.40
8.00 27.80 24.50
8.30 27.80 24.20
8.30 26.90 23.60
8.00 25.60 22.60
8.00 26.20 22.90
7.70 24.40 21.40
7.70 24.40 21.40
7.10 24.10 21.10
6.70 21.90 20.10
7.10 22.80 19.50
6.70 21.20 18.50
6.70 21.20 18.50
6.40 21.20 17.90
6.70 19.70 17.30
6.10 19.00 17.00
6.10 18.70 16.70
5.20 17.50 15.70
6.10 18.40 15.40
5.20 16.20 15.10
5.20 15.90 14.50
4.90 16.20 14.20
4.90 15.30 13.80
4.20 14.30 12.90
4.90 15.30 12.60
4.20 13.40 12.30
4.20 14.30 11.60
4.20 13.10 12.30
3.90 12.80 11.00
3.90 12.40 10.70
4.20 11.80 10.10
3.60 11.50 10.10
3.90 11.20 10.10
3.30 11.20 9.40
3.60 10.60 8.80
3.60 10.20 8.80
3.60 10.60 8.50
2.40 9.60 8.20
3.30 10.20 8.20
2.70 8.70 8.20
3.30 9.00 8.20
3.30 9.00 7.30
2.70 7.70 6.90
2.70 8.40 6.60
3.30 7.70 6.60
2.70 7.10 6.30
2.70 8.70 6.30
2.70 6.20 6.60
2.70 7.10 5.70
2.40 6.20 5.70
2.70 6.80 5.70
2.70 6.20 5.70
2.70 5.90 5.40
1.10 5.90 4.40
2.40 5.50 5.10
2.40 5.90 5.10
1.10 5.20 4.40
1.10 4.60 5.10
2.40 5.90 4.10
1.10 4.00 4.40
2.40 5.50 4.40
1.10 4.60 4.10
2.00 4.30 4.10
2.00 5.20 3.80
2.00 3.00 3.80
1.10 4.60 3.80
1.10 4.00 3.50
2.00 3.30 3.50
2.00 4.60 3.50
1.10 3.00 3.50
1.10 4.30 2.90
0.80 3.30 2.90
1.10 4.00 2.90
0.80 3.30 3.50
1.10 3.00 2.50
0.80 3.00 2.50
1.10 3.00 2.90
0.80 3.30 2.20
0.80 2.70 2.90
0.80 2.40 2.20
0.80 3.00 2.20
0.50 2.40 2.50
1.10 3.00 2.20
0.80 2.40 2.20
0.50 2.70 2.20
0.50 2.70 2.20
0.50 2.70 1.60
0.80 2.40 2.20
0.50 2.70 2.20
0.50 2.70 2.20
0.80 1.80 1.60
0.50 2.40 1.30
0.80 2.40 1.60
0.50 1.80 2.20
0.50 2.40 1.00
0.50 1.50 1.60
0.50 1.80 1.60
0.50 1.80 1.30
0.50 1.80 1.30
0.50 1.50 2.20
0.50 1.80 1.30
0.50 1.10 1.30
0.80 1.80 1.30
0.50 1.80 1.60
-0.20 0.50 1.30
0.50 2.70 1.30
0.50 1.50 1.00
0.80 1.10 1.30
0.50 2.70 1.00
-0.20 0.50 1.30
0.50 1.80 1.30
0.50 1.50 1.30
0.80 0.50 1.00
0.50 1.80 1.00
0.80 1.50 1.00
0.50 1.50 1.00
0.50 1.50 1.30
-0.20 1.50 1.00
-0.20 2.40 1.00
0.50 0.50 1.00
0.50 1.80 0.00
-0.50 0.50 1.00
-0.20 1.80 0.00
-0.20 1.50 0.00
-0.20 1.10 1.00
-0.20 1.50 1.00
0.50 0.50 -0.30
0.50 1.50 1.00
0.50 1.50 0.00
2025 2 4 15 44 1 19
188.01 190.35 190.56 11.50 10.20 5.30 42.75 33.50 16.99 8.70 272.94 31.20 296.34 192.30 196.59 202.80
-0.10 -0.10 0.20
-0.10 -0.50 0.20
-0.40 0.50 0.20
-0.10 -0.50 -0.10
-0.10 -0.10 0.20
-0.10 0.20 -0.10
-0.10 -0.50 1.20
0.50 1.10 -0.10
-0.10 -0.50 1.20
-0.10 0.20 -0.10
-0.10 0.50 0.20
-0.40 -0.50 -0.10
-0.10 1.10 0.20
-0.10 -0.10 0.20
-0.10 -0.10 -0.10
0.50 0.50 0.20
-0.40 -0.10 -0.10
0.50 0.50 0.20
-0.10 -1.10 1.20
0.50 0.50 0.20
-0.10 -0.10 0.20
0.50 0.20 0.20
-0.10 0.20 0.20
-0.10 -0.50 0.20
0.50 1.40 0.20
0.50 -1.10 -0.10
-0.10 -0.10 0.20
0.50 1.10 -0.10
0.50 -1.40 -0.10
0.50 1.40 -0.10
0.50 -0.50 0.20
-0.10 -0.10 -0.10
0.50 0.20 0.20
0.50 -1.10 0.20
0.50 0.50 -0.10
0.80 0.20 -0.10
-0.10 0.20 1.20
0.50 0.20 -0.40
-0.40 -0.50 -0.40
0.50 -0.10 -0.10
0.50 -0.10 -0.10
-0.10 0.20 -0.10
-0.10 -0.50 -0.40
0.50 0.50 0.20
-0.40 -0.10 0.20
0.50 -0.10 -0.40
-0.10 0.20 -0.10
0.50 -0.10 -0.10
1.10 0.50 2.40
3.90 1.70 3.70
6.10 3.30 4.30
7.10 5.50 5.30
8.30 6.10 4.60
10.80 7.70 5.30
10.80 7.70 5.30
11.50 9.00 5.30
11.20 8.60 4.60
11.50 10.20 4.30
11.20 9.90 4.30
11.20 9.90 4.60
11.20 10.20 4.60
11.20 8.60 4.30
10.50 9.90 4.30
10.50 9.60 4.00
10.50 9.60 4.30
10.50 9.60 4.00
9.60 7.70 3.70
9.60 9.00 3.70
9.60 7.10 3.70
9.30 8.30 3.10
8.60 7.10 4.00
8.60 7.10 3.10
8.30 7.70 3.10
8.30 5.50 3.10
8.00 8.30 3.70
8.00 5.50 3.10
7.70 5.80 2.80
7.70 6.80 2.80
7.10 3.90 2.40
7.70 7.10 2.40
6.80 4.60 2.80
6.80 5.50 2.40
6.50 5.80 2.40
6.50 3.90 2.80
6.50 5.50 1.80
6.10 3.30 2.40
5.20 4.20 2.40
6.10 4.60 1.80
5.50 3.30 2.40
5.50 4.60 1.80
5.20 3.00 1.80
5.50 4.20 2.40
5.20 3.30 1.80
5.20 3.00 2.40
5.20 3.30 2.40
5.20 3.00 1.80
4.90 3.30 1.80
4.30 2.70 1.80
4.30 2.70 1.50
4.90 3.00 1.80
4.30 2.40 1.80
4.30 3.30 1.80
3.60 1.70 1.50
4.30 3.30 1.20
4.30 2.70 1.20
3.60 2.70 1.50
3.60 3.00 1.20
3.90 1.70 1.20
3.30 2.70 1.50
3.30 2.40 1.50
3.30 1.70 1.20
3.30 3.00 0.20
2.70 1.40 1.50
3.30 2.40 1.20
2.40 2.70 1.50
2.70 2.40 1.20
2.70 1.70 1.50
2.70 1.70 1.20
2.10 1.70 0.20
2.70 2.70 0.20
2.40 0.50 1.20
2.40 2.40 1.20
2.10 1.40 0.20
2.40 1.40 0.20
2.10 1.70 1.20
2.70 1.40 1.20
2.10 1.40 1.20
2.40 2.40 1.20
2.10 0.50 0.20
1.10 1.40 0.20
1.10 1.40 1.20
1.10 1.40 0.20
1.10 1.40 1.20
1.10 0.50 0.20
2.10 1.70 0.20
1.10 1.40 -0.10
0.80 1.10 0.20
2.10 1.40 0.20
1.10 0.50 0.20
0.80 1.70 0.20
1.10 0.50 0.20
1.10 1.40 0.20
1.10 1.40 1.20
1.10 0.20 0.20
0.80 1.40 0.20
1.10 -0.50 0.20
0.50 1.40 -0.10
0.50 1.10 -0.10
0.80 -1.10 0.20
0.80 1.40 0.20
0.50 -0.10 0.20
1.10 1.40 -0.10
0.80 0.50 0.20
0.50 0.50 0.20
0.80 1.10 -0.10
0.80 -0.10 -0.10
0.80 1.40 0.20
0.50 -0.50 0.20
0.80 1.10 -0.10
0.50 1.10 -0.10
0.50 -1.10 -0.10
0.80 2.70 0.20
0.50 -0.50 -0.10
0.50 1.70 -0.10
0.50 0.50 -0.10
0.80 -1.10 -0.10
-0.10 2.40 -0.10
0.50 -0.50 -0.40
0.50 1.10 0.20
0.50 1.10 -0.10
-0.10 -0.50 -0.10
0.80 1.40 0.20
0.50 -0.10 0.20
0.50 0.50 -0.10
-0.10 0.50 -0.10
0.80 0.20 0.20
-0.10 0.50 0.20
0.80 0.20 1.20
0.50 0.50 -0.10
0.50 0.20 -0.10
0.50 0.50 -0.10
0.50 0.20 0.20
0.50 0.20 -0.10
-0.10 1.40 -0.10
-0.10 -0.50 -0.10
0.50 0.50 0.20
-0.10 -0.10 -0.10
0.50 0.20 -0.10
-0.10 0.50 -0.10
0.80 0.20 0.20
-0.40 1.40 0.20
0.50 1.10 -0.10
-0.10 0.20 0.20
0.50 0.50 -0.10
0.50 0.20 0.20
-0.10 1.10 0.20
-0.10 -0.10 -0.10
-0.10 0.20 0.20
-0.10 -0.10 -0.10
-0.10 1.10 0.20
2025 2 4 15 49 41 233
194.48 195.48 203.97 72.50 71.50 55.70 510.06 498.78 198.94 27.28 313.30 28.10 311.60 191.21 192.53 200.98
-0.30 -1.90 0.20
0.40 0.90 -0.10
0.40 -0.70 -0.10
0.40 0.30 -0.10
0.40 0.00 -0.10
-0.30 -0.70 0.20
0.40 0.30 -0.10
0.40 -0.30 -0.40
-0.30 -1.30 0.20
-0.30 0.00 -0.10
-0.30 -1.60 -0.10
-0.30 0.00 -0.10
-0.30 -1.90 -0.10
0.40 0.00 -0.10
-0.60 -1.30 -0.10
0.40 -0.30 0.20
0.40 -0.30 0.20
-0.30 -1.60 -0.10
-0.30 0.30 -0.10
-0.30 -0.30 -0.10
0.40 -0.70 0.20
-0.30 0.90 -0.40
-0.30 -0.70 0.20
0.40 0.90 -0.10
0.40 0.30 0.20
-0.30 0.00 0.20
0.40 0.30 0.20
-0.30 -0.30 -0.10
-0.60 0.30 0.20
0.70 0.30 0.20
-0.60 -0.30 0.20
0.40 0.00 -0.10
0.40 -0.70 0.20
0.40 0.30 -0.10
-0.60 -0.30 -0.10
-0.30 0.00 0.20
-0.90 -0.70 0.20
-0.30 -0.30 -0.10
-0.30 -0.30 -0.10
0.40 -0.30 0.20
-0.30 -0.70 0.20
0.40 -0.30 -0.10
-0.30 -0.70 -0.10
0.40 -0.30 -0.10
-0.30 -1.30 -0.10
0.40 -0.30 -0.10
-0.30 0.30 -0.10
0.40 -0.30 -0.40
-0.30 0.90 -0.10
2.50 2.20 0.20
13.50 5.90 3.00
35.20 22.90 11.20
64.40 47.00 23.70
72.50 71.50 32.50
72.50 71.50 41.30
72.50 71.50 46.90
72.50 71.50 51.30
72.50 71.50 54.50
72.50 71.50 55.40
72.50 71.50 55.70
72.50 71.50 55.70
72.50 71.50 54.50
72.50 71.50 53.20
72.50 71.50 52.60
72.50 71.50 51.60
72.50 71.50 50.10
72.50 71.50 49.80
72.50 71.50 48.20
72.50 71.50 47.30
72.50 71.50 46.00
72.50 71.50 44.70
72.50 71.50 43.20
72.50 71.50 42.60
72.50 71.50 41.60
72.50 71.50 41.00
72.50 71.50 40.00
72.50 71.50 38.80
72.50 71.50 38.50
72.50 71.50 38.20
72.50 71.50 36.60
72.50 71.50 35.60
72.50 71.50 34.10
72.50 71.50 33.80
72.50 71.50 31.90
72.50 71.50 31.30
72.50 71.50 30.00
72.50 71.50 29.10
72.50 71.50 28.40
72.50 71.50 27.20
72.50 71.50 26.90
72.50 71.50 25.90
72.50 71.50 25.30
72.50 71.50 24.70
72.50 71.50 24.00
72.50 71.50 24.00
72.50 71.50 21.80
72.50 71.50 21.80
72.50 71.50 20.90
72.50 71.50 20.30
72.50 71.50 19.60
72.50 71.50 19.00
72.50 71.50 18.70
72.50 71.50 18.10
72.50 71.50 17.10
72.50 71.50 16.80
72.50 71.50 16.50
72.50 71.50 16.50
71.30 70.20 15.60
69.40 69.00 15.30
67.20 67.40 14.30
64.40 65.20 14.30
63.40 63.30 13.70
61.50 60.20 14.00
60.60 59.60 13.70
58.70 57.70 12.70
56.80 55.80 12.70
55.30 54.20 12.40
54.00 51.40 11.20
52.10 50.50 11.20
50.90 48.60 10.90
49.30 46.70 10.20
47.70 46.10 10.90
46.20 43.90 9.90
44.90 42.90 10.20
43.30 41.10 9.90
42.10 40.40 9.60
40.50 38.90 9.60
39.60 37.60 8.70
38.30 37.30 8.70
37.70 35.70 8.40
36.70 35.40 8.70
36.10 34.20 8.40
34.90 33.20 8.00
33.90 32.60 7.10
32.70 30.40 7.40
32.40 31.30 7.10
30.80 29.80 6.80
31.10 28.20 6.80
29.80 28.50 6.80
28.60 26.60 6.50
27.60 26.60 6.80
27.00 26.00 5.80
26.10 23.20 6.50
26.40 24.40 5.50
25.10 22.60 5.50
24.20 22.60 5.20
23.60 22.20 5.50
23.30 20.40 5.20
21.40 21.00 4.60
21.40 19.40 4.60
21.10 19.40 5.20
20.40 18.80 4.60
19.50 18.20 4.30
19.20 18.20 4.30
18.50 16.90 4.30
17.90 17.50 4.00
17.90 15.70 4.00
17.00 16.00 4.30
16.70 16.90 4.30
16.00 14.40 4.00
15.10 15.30 3.60
15.10 15.00 4.00
14.80 13.80 3.60
14.20 14.10 3.60
13.50 13.80 3.60
13.80 13.80 3.00
13.50 12.20 4.00
12.60 12.50 3.00
12.60 12.20 3.00
11.30 11.60 3.00
10.70 12.20 3.00
11.30 10.90 2.40
10.70 11.60 2.70
10.70 10.00 2.70
9.80 10.30 3.00
9.40 11.30 2.70
9.10 9.40 2.70
9.10 11.30 2.40
8.50 9.70 2.40
8.50 9.70 2.40
8.20 10.30 2.40
8.20 9.70 1.80
7.60 9.70 2.40
7.90 9.70 2.40
7.60 8.70 2.40
8.20 9.70 2.40
6.60 8.40 2.40
6.90 7.50 1.80
6.60 8.10 1.80
6.90 8.10 1.50
6.90 8.10 1.80
6.90 9.40 1.50
6.30 8.10 1.50
6.60 9.40 1.50
6.30 8.10 1.50
6.30 8.40 1.50
6.00 8.10 1.80
6.30 8.40 1.80
6.30 8.40 1.80
6.30 6.90 1.10
2025 2 4 15 58 6 262
205.14 206.65 200.57 72.60 34.50 65.70 295.06 123.69 229.03 14.29 155.70 18.20 179.75 201.15 205.50 197.06
0.40 0.00 -0.20
-0.50 1.00 0.10
-0.20 -0.30 -0.20
-0.20 -0.30 -0.20
-0.80 0.30 -0.20
-0.20 -0.60 -0.20
-0.50 1.00 -0.20
-0.20 -0.30 -0.20
-0.20 -0.30 -0.20
-0.20 1.00 0.10
-0.50 -1.20 -0.20
-0.20 1.30 -0.20
-0.20 -0.60 0.10
0.40 0.00 -0.20
-0.50 0.30 -0.20
0.40 -0.60 -0.20
-0.20 1.00 -0.20
0.40 -0.60 0.10
-0.20 0.00 -0.20
-0.20 0.00 0.10
-0.50 -0.60 -0.20
-0.50 1.00 -0.50
-0.20 -0.60 0.10
0.40 1.00 0.10
-0.50 -0.60 0.10
-0.20 0.00 -0.20
-0.50 0.30 0.10
0.40 -1.20 -0.20
-0.20 1.30 -0.20
-0.20 -0.60 -0.20
-0.50 0.30 0.10
-0.20 1.00 0.10
-0.50 -1.20 -0.20
0.40 1.60 0.10
-0.50 -1.20 0.10
-0.20 1.00 -0.20
-0.20 0.00 -0.20
0.40 -0.30 0.10
-0.20 1.00 0.10
-0.50 -0.60 0.10
-0.80 0.30 0.10
0.40 0.30 -0.50
-0.20 0.00 -0.20
-0.20 0.00 -0.20
-0.50 -0.30 0.10
-0.20 0.00 0.10
-0.20 -0.30 0.10
-0.20 0.30 -0.20
-0.50 0.30 0.10
-0.20 0.00 2.90
-0.20 0.00 10.80
0.80 0.30 27.10
6.70 1.00 38.70
17.70 5.00 50.30
29.60 11.60 58.50
46.20 18.90 61.90
57.90 24.20 64.40
66.60 27.60 65.70
72.30 28.60 65.70
72.60 31.10 65.40
72.60 32.30 63.80
72.60 34.20 62.50
72.60 34.50 61.60
72.60 34.50 61.00
72.60 34.20 59.10
72.60 34.20 57.50
72.60 33.30 56.60
72.60 33.30 55.30
72.60 32.70 53.10
72.60 31.10 51.90
72.60 30.50 51.60
72.60 30.10 50.00
71.00 28.60 49.00
69.50 28.90 47.50
67.30 27.30 46.90
65.10 26.70 45.60
63.80 26.10 45.30
62.60 24.20 44.00
60.70 24.50 42.80
60.10 24.20 41.20
58.20 22.60 40.00
56.90 23.90 38.70
54.40 21.40 37.40
53.50 22.30 36.50
51.30 20.40 35.60
50.00 20.10 34.30
48.40 20.10 33.70
47.80 18.20 31.80
46.60 18.90 31.50
45.30 17.30 30.20
43.40 17.30 29.60
42.50 17.30 28.30
40.90 15.10 28.00
40.00 17.30 27.10
38.70 14.10 26.50
38.10 15.40 25.20
36.80 15.10 25.20
36.20 12.90 24.00
35.00 14.10 23.00
33.70 12.30 22.70
32.10 12.90 22.70
31.50 12.60 21.10
30.90 11.60 20.80
29.90 12.60 19.90
29.30 10.10 19.60
27.70 11.60 18.30
27.10 10.10 18.30
26.80 10.10 17.40
25.50 10.10 17.00
25.50 8.50 16.40
23.70 10.40 15.80
23.70 7.60 15.50
22.10 9.80 15.50
21.50 8.50 14.50
21.20 6.90 14.50
21.20 9.40 13.60
19.90 6.00 13.90
19.60 8.50 13.00
18.30 6.60 12.70
18.00 6.90 12.30
17.10 8.50 11.70
17.10 5.70 11.10
16.40 7.60 11.10
16.10 6.00 10.10
15.20 6.60 10.10
15.20 6.00 9.80
14.20 5.40 9.50
13.90 5.70 8.90
13.60 5.00 8.90
13.30 5.70 8.30
12.40 4.40 8.30
12.70 5.40 8.00
11.40 5.00 8.30
11.10 4.10 7.30
11.10 5.40 8.00
10.50 3.80 7.30
10.50 5.00 7.00
10.50 5.00 6.70
9.50 5.00 6.70
9.50 5.40 6.40
8.60 4.40 6.40
8.60 5.00 5.80
8.00 4.10 5.80
8.60 5.40 5.80
8.00 3.80 5.40
8.00 3.80 5.10
7.70 4.10 5.10
7.70 2.50 5.10
7.00 4.10 5.10
7.70 2.90 5.10
6.70 3.80 4.50
6.70 3.80 4.20
6.10 2.50 4.50
6.70 3.80 4.20
6.10 2.50 4.20
6.10 3.80 3.90
5.20 2.90 4.20
5.50 2.90 3.90
5.20 2.90 3.90
5.20 2.50 3.90
5.50 2.90 3.90
4.80 1.60 3.60
4.80 2.50 3.60
4.80 2.90 3.60
4.20 1.30 3.60
4.80 3.20 3.60
4.20 1.30 3.60
4.80 2.90 2.90
4.20 2.20 2.90
4.20 1.00 2.90
3.90 2.90 2.60
3.90 1.00 2.60
3.60 2.50 2.60
4.20 2.20 2.60
3.90 1.00 2.30
3.60 2.50 2.60
3.30 1.00 2.60
3.30 2.20 2.60
3.30 1.30 2.30
3.60 1.00 2.30
3.30 2.20 2.30
3.30 1.00 2.30
3.30 1.30 2.30
3.60 1.00 1.70
3.60 1.30 1.70
3.60 1.60 2.30
3.30 0.30 2.30
3.30 1.60 2.30
2.60 0.30 1.70
3.30 1.60 2.30
2.60 1.30 1.70
2.60 1.00 2.30
2.60 1.30 2.30
2.60 0.30 1.70
2.60 1.30 1.40
3.30 0.30 1.70
3.30 0.30 1.70
2.60 1.30 1.70
2.30 -0.30 1.40
2.60 1.60 1.00
2025 2 4 16 10 16 10
194.39 203.05 196.49 25.40 16.90 13.50 85.93 53.87 50.10 23.91 233.21 36.39 239.89 194.30 206.77 198.73
-0.30 0.00 0.60
0.30 -1.30 0.60
-0.30 0.00 0.60
0.30 -0.70 0.60
-0.30 -0.40 0.60
0.30 0.30 1.00
-0.70 -0.70 0.60
0.30 0.00 0.60
-0.30 -1.30 1.00
-0.30 0.90 0.60
-0.30 0.30 0.60
0.30 0.00 0.60
-0.70 0.00 0.60
0.30 0.00 1.00
-0.30 0.00 0.60
0.30 -0.70 0.60
0.30 0.00 1.00
0.30 -0.40 0.60
-0.70 -0.70 1.00
0.30 0.30 -0.60
-0.30 -0.40 0.60
-0.30 -0.40 -0.30
-0.70 0.00 0.60
0.30 -0.40 0.60
-0.30 0.00 -0.30
0.30 -0.40 1.00
-0.30 -0.70 0.60
-0.30 0.00 1.00
0.30 -0.40 0.60
0.30 -0.40 0.60
-0.30 -0.40 0.60
0.30 -0.40 -0.30
-0.30 -0.70 0.60
-0.30 -0.40 -0.30
-0.30 -0.40 0.60
-0.30 0.90 0.60
-0.30 -0.70 0.60
0.30 0.00 0.60
-0.30 -0.40 1.00
-0.30 -0.40 0.60
-0.30 0.00 -0.30
-0.30 -0.40 0.60
-0.30 0.30 0.60
0.30 -0.70 0.60
-0.30 0.00 -0.30
0.30 0.90 -0.60
-0.70 -1.30 -0.30
-0.30 0.90 0.60
-0.30 -0.70 -0.30
1.90 -0.40 2.20
5.00 0.90 6.30
8.40 0.00 8.50
14.70 2.80 9.70
16.90 4.30 12.20
19.10 6.50 12.20
21.00 8.40 12.60
22.20 10.00 13.20
24.80 12.20 13.50
24.80 12.20 13.20
25.40 13.10 12.60
24.80 13.10 13.20
25.10 15.00 12.60
23.50 15.60 13.20
23.50 14.40 12.60
23.20 16.00 12.60
23.20 15.30 12.20
21.90 15.30 11.90
21.30 16.90 11.90
20.40 14.10 10.70
19.70 15.30 10.70
19.70 15.00 10.40
19.40 13.80 9.70
18.20 14.40 9.70
18.20 12.80 9.40
17.90 12.80 9.10
16.90 13.10 9.10
16.90 11.60 9.10
16.60 12.50 8.50
16.30 10.90 8.50
16.00 10.90 8.20
15.00 10.30 7.90
15.00 10.30 7.50
14.10 9.40 7.90
14.70 9.40 6.90
13.80 9.70 6.60
13.50 8.40 6.60
13.20 9.40 6.60
12.50 8.10 6.30
12.20 6.90 6.30
12.20 8.70 5.30
10.60 5.90 6.00
11.30 8.10 5.30
10.30 6.90 5.30
10.30 6.50 5.00
9.70 8.10 5.30
10.30 6.50 5.00
8.40 6.90 5.00
9.40 6.90 4.70
8.40 5.90 4.70
9.10 6.90 4.70
8.10 5.60 4.70
8.10 5.30 4.10
7.80 5.30 3.80
8.40 5.30 3.80
6.90 4.30 3.80
7.80 5.00 3.50
6.90 4.30 3.50
6.90 4.00 3.50
6.60 3.70 3.50
6.60 4.00 3.10
6.20 3.70 3.10
6.20 4.00 2.50
5.30 3.70 3.10
5.90 3.10 3.10
5.00 4.00 3.10
5.90 4.00 2.50
5.00 3.10 2.50
5.00 4.30 2.50
4.10 2.50 2.20
5.00 3.70 2.20
4.70 3.10 2.20
4.70 2.50 1.90
4.10 4.00 2.20
4.10 2.50 1.90
4.10 3.10 1.90
4.10 3.70 1.90
3.70 2.80 1.90
3.70 3.70 1.90
3.40 1.50 1.90
3.70 3.70 1.90
3.70 1.50 1.90
3.40 2.80 1.00
3.10 2.50 1.90
3.10 1.50 1.90
3.40 3.10 2.20
2.50 1.20 1.30
2.50 2.50 1.30
2.50 2.50 1.30
2.20 0.90 1.30
2.50 2.80 1.30
1.90 0.00 1.90
2.50 2.50 1.90
2.50 1.20 1.30
2.50 1.20 1.30
1.90 2.10 1.30
2.50 0.90 1.30
2.20 2.50 1.30
2.50 0.90 0.60
1.90 1.50 1.30
1.90 2.10 1.30
2.20 0.30 1.00
2.20 2.10 1.00
0.90 0.90 1.00
1.90 1.20 1.00
0.90 2.10 1.00
2.20 0.30 1.00
0.90 1.50 1.00
0.90 1.20 1.00
1.90 0.90 0.60
0.90 1.20 -0.30
0.90 0.90 1.00
1.90 1.20 1.00
0.60 0.90 0.60
0.90 0.30 0.60
0.60 0.90 1.30
0.90 0.90 1.30
0.60 0.30 1.00
0.90 0.90 1.30
0.60 0.90 1.00
0.90 0.00 1.00
0.60 0.90 1.00
0.90 0.30 1.30
0.60 -0.40 1.30
0.60 1.20 0.60
0.60 0.00 1.30
0.90 0.90 1.30
0.60 0.90 1.30
0.90 0.00 0.60
0.30 0.90 1.00
0.60 0.90 0.60
0.60 -0.40 1.00
0.60 1.20 1.00
0.30 0.00 1.30
0.60 0.00 0.60
0.60 1.20 -0.30
0.60 0.00 0.60
0.60 0.00 1.00
0.60 0.90 1.00
0.30 -0.40 -0.30
0.60 0.90 0.60
0.30 0.00 1.00
0.30 -0.40 1.00
0.30 -0.40 1.00
0.60 -0.40 0.60
0.30 0.00 0.60
0.30 -0.70 0.60
0.30 0.30 0.60
0.60 0.00 1.00
0.30 -0.40 0.60
0.60 1.20 0.60
2025 2 4 16 11 46 713
203.84 213.46 200.25 72.60 41.60 72.80 286.10 141.27 569.16 31.18 199.33 35.06 208.30 200.12 211.61 197.94
-0.20 -0.40 0.00
-0.20 -0.10 0.00
-0.20 -0.10 0.00
0.50 -0.10 -0.30
-0.20 -0.40 -0.30
0.50 0.20 0.00
-0.50 -0.70 0.00
0.50 -0.10 0.00
-0.20 -0.40 -0.30
0.50 -0.70 -0.30
-0.20 0.20 0.00
-0.20 -0.40 -0.30
-0.50 -0.40 0.00
0.50 0.20 0.00
-0.50 -0.70 -0.30
0.50 -0.10 0.00
-0.20 -0.40 -0.30
0.50 -0.10 -0.30
0.50 -0.40 0.00
0.50 0.80 -0.30
-0.20 -0.40 -0.30
0.50 -0.10 -0.30
0.50 -0.10 -0.30
0.50 -0.40 -0.30
0.50 0.80 -0.30
-0.20 -0.70 -0.30
-0.50 0.20 -0.30
0.50 -0.10 -0.30
-0.50 -1.40 -0.30
0.50 1.20 -0.30
-0.20 -1.40 0.00
0.50 0.20 -0.30
0.50 -0.40 0.00
0.50 -0.70 0.00
0.50 1.20 0.00
0.50 -0.70 -0.30
-0.50 0.20 -0.70
0.50 -0.40 0.00
0.50 -0.40 -0.30
-0.20 1.20 -0.70
-0.20 -1.40 0.00
0.50 0.80 -0.30
-0.50 -0.70 -0.30
-0.20 -0.10 0.00
-0.20 0.20 -0.70
-0.20 -1.40 -0.30
0.50 0.80 -0.30
0.50 -0.40 0.00
-0.20 0.20 -0.30
-0.20 -0.10 -0.30
-0.20 -0.40 10.60
2.00 0.80 72.80
8.60 -0.70 72.80
24.00 1.20 72.80
36.90 1.20 72.80
49.70 8.40 72.80
60.10 13.70 72.80
67.30 21.60 72.80
72.30 28.80 72.80
72.60 32.20 72.80
72.60 37.20 72.80
72.60 39.40 72.80
72.60 39.40 72.80
72.60 41.60 72.80
72.60 40.40 72.80
72.60 41.30 72.80
72.60 40.10 72.80
72.60 39.70 72.80
72.60 39.40 72.80
72.60 38.20 72.80
70.70 37.20 72.80
68.90 36.60 72.80
67.30 35.40 72.80
65.70 35.70 72.80
63.50 32.80 72.80
61.30 32.80 72.80
60.10 31.60 72.80
58.80 31.30 72.80
57.20 30.30 72.80
57.20 29.40 72.80
54.40 28.80 72.80
53.50 28.10 72.80
51.60 26.90 72.80
50.00 26.90 72.80
48.50 25.00 72.80
46.90 24.40 72.80
46.60 25.00 72.80
45.00 22.80 72.80
42.80 22.20 72.80
42.20 22.20 72.80
40.60 20.00 72.80
39.40 21.20 72.80
38.10 20.00 72.80
37.80 19.40 72.80
36.50 19.70 72.80
35.30 18.40 72.80
34.00 18.40 72.80
33.70 17.50 72.80
32.10 16.80 72.80
31.20 17.20 72.80
29.60 15.60 72.80
29.60 15.90 72.80
28.10 15.00 72.80
27.80 15.30 72.80
26.50 14.00 72.80
26.50 15.00 72.80
25.20 14.30 72.80
24.90 12.50 72.80
23.70 13.10 72.80
23.40 12.50 72.80
22.10 12.10 72.80
22.10 12.80 72.80
20.90 10.30 72.80
19.90 12.10 72.80
19.60 10.30 72.80
19.30 9.60 72.80
18.00 11.50 72.80
17.70 9.30 72.80
17.10 10.30 70.90
17.10 9.60 68.70
16.10 8.70 67.10
15.50 8.70 64.30
15.20 8.10 62.70
14.90 9.60 60.80
13.90 7.40 59.00
13.90 8.40 57.40
13.30 6.80 56.40
13.60 6.80 54.60
12.40 7.40 52.70
12.40 5.60 51.10
11.40 6.80 48.90
11.40 5.90 48.30
11.10 5.20 47.00
11.10 6.50 45.80
10.50 4.90 44.50
10.50 5.90 43.00
10.50 4.30 41.40
9.90 4.90 40.80
9.90 5.60 39.50
9.90 4.30 37.90
9.60 5.20 37.00
9.60 4.30 35.70
8.60 4.30 35.10
8.60 4.30 33.90
8.60 4.00 32.90
8.30 4.30 31.30
8.00 3.00 31.00
8.00 4.30 29.80
6.70 3.00 28.80
7.70 4.00 28.50
6.70 3.00 27.30
6.70 3.00 27.00
6.40 3.00 25.70
6.70 2.70 25.10
6.40 2.40 24.10
6.40 2.70 23.80
5.50 2.70 22.90
5.50 2.70 22.60
6.40 2.40 21.60
5.50 2.40 21.00
5.20 1.50 20.70
5.50 3.00 20.70
4.90 2.40 19.70
5.20 1.50 18.50
4.90 2.40 18.20
4.90 2.10 18.20
4.20 2.10 17.20
5.20 1.20 16.60
3.90 1.20 16.30
4.90 1.50 16.30
3.60 1.50 16.30
4.20 1.50 15.30
3.60 0.80 15.00
3.90 2.10 14.40
3.60 0.20 14.10
3.90 1.20 14.10
3.30 1.20 13.50
3.60 1.20 12.80
2.70 1.50 12.80
2.70 0.20 12.20
2.70 0.80 12.20
3.30 1.20 11.60
2.30 -0.10 11.60
3.30 1.50 11.00
2.00 -0.10 10.00
2.70 1.50 10.00
2.70 1.20 10.00
2.30 1.20 9.70
2.30 1.20 9.70
2.30 0.80 9.40
2.30 1.20 9.70
2.30 0.80 8.40
1.10 1.20 8.40
2.00 0.20 8.40
2.00 -0.40 8.10
2.30 1.50 7.80
1.10 0.20 7.80
2.00 1.20 7.20
1.10 0.20 7.80
2.00 0.20 7.20
2025 2 4 16 17 48 303
197.47 207.88 208.36 71.10 47.80 14.50 258.82 167.91 48.08 41.23 271.56 61.97 281.82 193.94 205.39 210.27
-0.10 1.00 -0.30
-0.40 -1.50 -0.30
0.50 1.00 -0.30
-0.10 0.10 -0.30
-0.10 -0.50 -0.30
-0.10 0.40 0.00
0.50 -0.50 -0.30
-0.10 0.10 0.00
-0.10 0.10 -0.30
-0.10 -0.50 -0.30
0.50 1.00 -0.30
-0.10 -1.20 -0.30
-0.10 -0.20 -0.30
-0.10 -0.20 -0.30
0.50 -0.20 -0.30
-0.10 -0.50 0.00
0.80 0.10 -0.30
-0.10 0.10 -0.30
0.50 -0.20 -0.30
0.50 0.10 0.00
0.50 -0.50 0.00
-0.10 -0.20 -0.30
0.50 1.00 0.00
0.80 -1.20 -0.30
0.50 0.10 0.00
0.50 -0.50 -0.30
0.50 -0.20 0.00
0.50 0.10 -0.30
0.50 -0.20 -0.30
-0.10 0.10 -0.30
0.50 0.10 -0.30
0.50 0.10 -0.30
0.80 0.10 -0.30
0.50 0.10 0.00
0.50 -0.20 0.00
-0.10 -0.20 -0.30
0.50 1.00 -0.30
-0.10 0.10 0.00
0.80 -0.50 0.00
-0.10 0.40 -0.30
0.50 -0.20 0.00
-0.10 0.10 0.00
-0.10 0.10 0.00
-0.10 -0.50 0.00
0.50 -0.20 -0.30
-0.10 -0.20 -0.30
0.50 0.10 -0.30
-0.10 0.40 -0.30
0.80 -0.20 0.00
-0.10 -0.20 -0.30
5.50 0.40 0.00
16.50 -0.20 1.00
28.80 1.60 2.50
40.00 5.10 6.90
52.30 12.60 8.80
61.10 21.70 11.60
65.80 29.60 12.90
67.30 36.20 13.80
69.50 41.50 14.10
70.80 44.00 14.50
70.80 45.90 14.10
71.10 46.80 13.80
69.90 47.80 14.10
68.60 47.80 13.50
67.30 47.50 13.50
65.10 46.80 12.60
63.90 45.90 12.30
62.60 45.30 12.30
61.10 43.10 10.70
59.50 42.70 10.70
58.20 41.80 10.70
57.00 40.50 9.70
56.40 40.20 9.70
53.50 37.70 9.70
52.60 37.70 9.40
51.30 36.80 8.80
50.70 34.60 8.80
48.80 34.30 8.50
48.20 33.00 8.50
47.30 32.40 9.40
46.30 32.40 7.90
44.40 30.50 8.20
42.90 31.10 7.90
41.60 29.60 7.90
40.70 29.60 7.90
38.80 27.40 7.20
38.20 27.10 6.90
36.90 27.40 6.90
36.60 24.50 6.60
34.40 26.10 6.60
34.40 24.20 6.30
32.80 23.00 6.30
32.20 23.30 6.30
31.60 21.10 5.70
30.90 22.40 5.70
30.60 20.50 5.40
29.70 20.20 5.00
28.40 19.80 5.40
27.80 18.90 5.00
26.90 18.90 5.00
26.60 18.30 4.40
25.30 17.60 4.10
25.00 17.30 4.40
24.40 17.00 4.40
23.70 16.10 4.10
22.20 15.10 4.10
22.20 15.50 4.10
20.90 14.50 4.10
20.60 14.20 3.80
19.70 13.90 4.10
19.30 13.30 4.10
18.40 13.30 3.80
18.10 12.90 3.80
17.10 11.70 3.50
17.10 12.30 3.50
16.50 11.40 3.50
16.50 11.40 2.80
15.30 11.40 2.80
15.30 10.10 2.80
14.90 10.40 2.80
14.90 9.80 3.50
14.00 9.50 2.50
14.00 9.80 2.50
13.40 8.90 2.80
13.40 9.80 2.20
11.50 8.50 2.50
12.40 8.50 2.50
11.20 8.20 2.50
11.20 7.60 2.50
10.60 8.20 2.50
10.90 7.60 2.50
9.90 7.60 2.20
10.60 7.00 2.20
9.90 6.70 2.20
9.30 7.60 2.20
8.70 5.40 2.50
8.70 6.70 2.20
8.40 5.70 2.20
8.40 5.40 2.20
8.00 5.70 2.20
8.40 5.40 2.20
7.10 5.40 1.60
7.70 5.10 1.60
6.80 5.10 1.60
6.80 5.40 1.60
6.80 4.20 1.30
6.80 4.50 1.30
6.20 3.20 1.60
6.80 5.10 1.30
5.50 3.80 1.60
6.50 3.80 1.60
5.50 4.20 1.60
5.50 3.20 1.60
5.50 3.20 1.30
5.50 3.80 1.30
4.90 2.60 1.30
5.50 3.80 1.00
4.30 2.90 1.00
4.90 3.20 1.30
4.30 3.20 1.30
4.30 2.60 1.00
4.00 2.60 1.00
4.30 2.90 1.30
4.00 2.30 1.00
4.00 3.20 1.00
3.70 1.60 1.30
3.70 2.60 0.00
4.00 2.60 1.30
4.00 2.60 1.00
3.70 2.30 0.00
4.00 1.60 1.00
3.70 2.30 1.00
3.70 1.60 1.00
3.30 1.60 1.00
2.70 2.60 1.00
2.70 1.30 1.00
3.30 2.30 0.00
2.70 1.30 0.00
3.30 2.60 0.00
2.70 2.30 1.00
2.70 1.60 1.30
2.40 1.60 1.00
2.70 1.30 1.00
2.10 1.60 1.00
2.70 2.30 -0.30
2.70 1.30 1.00
2.70 1.60 0.00
2.40 1.00 0.00
2.10 1.60 0.00
2.10 1.00 0.00
2.40 1.30 1.00
2.40 1.60 0.00
2.40 1.00 0.00
2.10 1.00 0.00
2.40 1.30 0.00
2.10 0.40 -0.30
1.10 1.30 -0.30
1.10 0.40 0.00
2.40 1.30 0.00
1.10 1.30 -0.30
2025 2 4 16 19 44 963
199.37 192.12 207.47 72.50 71.60 16.80 271.45 559.59 65.38 34.73 355.60 52.04 336.69 195.13 190.04 209.60
-0.20 0.10 -0.10
-0.20 0.40 -0.10
-0.20 -0.50 0.20
-0.60 0.10 -0.10
-0.20 0.10 -0.10
-0.60 -0.20 0.20
0.40 0.40 0.20
-0.20 -0.20 -0.10
0.40 1.00 0.20
0.40 0.10 -0.10
-0.20 0.10 -0.10
0.40 0.40 -0.10
0.40 -0.20 -0.10
-0.20 0.10 -0.10
0.40 -0.20 -0.10
0.40 0.10 -0.10
0.40 0.10 -0.10
0.40 -0.20 0.20
-0.20 1.00 -0.10
-0.20 -0.50 0.20
0.70 0.40 -0.10
0.40 -0.20 -0.10
0.40 0.40 0.20
-0.20 0.10 -0.10
0.40 -0.20 0.20
-0.20 0.40 0.20
0.70 -0.20 0.20
-0.60 0.40 0.20
0.40 0.10 0.20
-0.20 -0.20 -0.10
0.40 1.30 -0.10
-0.20 -1.20 -0.10
-0.20 1.30 -0.10
-0.20 -0.20 -0.10
0.40 -0.20 -0.10
-0.20 0.40 0.20
-0.20 -0.50 -0.10
-0.20 1.00 1.10
0.40 -0.20 -0.10
-0.60 0.10 0.20
-0.20 0.40 -0.10
0.40 -0.50 0.20
0.40 0.10 0.20
0.40 -0.20 0.20
0.70 0.10 0.20
0.40 0.40 0.20
0.70 0.40 -0.10
0.40 -0.20 -0.10
-0.20 0.40 0.20
0.40 2.60 -0.10
3.50 20.50 -0.40
10.70 60.00 1.80
24.90 71.60 3.60
36.80 71.60 7.10
50.60 71.60 10.20
60.60 71.60 11.20
67.20 71.60 14.00
72.20 71.60 14.60
72.50 71.60 15.90
72.50 71.60 15.90
72.50 71.60 16.80
72.50 71.60 16.80
72.50 71.60 16.50
72.50 71.60 15.90
72.50 71.60 15.60
71.60 71.60 15.60
71.30 71.60 15.30
68.50 71.60 14.60
67.20 71.60 14.30
65.00 71.60 14.30
63.80 71.60 13.70
62.20 71.60 13.10
60.60 71.60 12.70
58.70 71.60 12.70
58.10 71.60 12.70
55.60 71.60 11.80
54.30 71.60 11.80
53.70 71.60 11.80
52.50 71.60 11.20
50.90 71.60 10.90
49.60 71.60 10.20
48.40 71.60 10.20
46.80 71.60 10.20
45.30 71.60 9.90
43.70 71.60 9.60
42.70 71.60 9.90
41.20 71.60 9.00
39.60 71.60 8.70
38.70 71.60 8.30
37.10 71.60 8.70
36.80 71.60 7.40
35.20 71.60 8.00
34.90 71.60 7.40
33.60 71.60 7.40
32.10 71.60 6.80
31.40 71.60 7.10
30.80 71.60 6.80
29.60 71.60 6.80
29.60 71.60 6.80
28.30 71.60 6.50
27.70 71.60 5.80
26.40 71.60 6.50
26.40 71.60 6.50
25.20 71.60 5.50
24.90 71.60 5.50
23.60 71.60 4.60
23.60 71.60 5.20
22.00 71.60 5.20
21.40 71.60 4.30
21.10 71.60 4.60
20.50 71.60 4.30
19.50 71.60 5.20
19.20 71.60 4.30
18.00 71.60 4.30
18.30 71.60 4.30
17.60 71.60 4.30
17.00 70.40 4.00
16.70 69.10 3.60
16.40 66.30 4.00
15.10 66.00 4.30
15.10 64.40 4.60
14.20 61.90 5.20
14.80 60.30 4.60
13.60 57.80 4.30
13.30 57.20 4.30
13.30 55.30 4.30
13.60 54.40 4.30
11.40 51.20 4.30
11.10 50.30 4.00
10.70 48.70 4.30
10.70 46.80 4.00
9.80 46.80 4.00
10.40 44.00 4.00
9.80 44.00 4.00
9.80 42.70 3.60
9.50 41.20 3.60
9.50 40.20 3.60
8.50 38.40 3.60
8.50 38.70 3.00
8.20 36.20 2.70
8.50 36.20 2.70
8.20 34.60 2.70
7.90 33.00 2.40
7.60 33.00 2.70
7.60 31.50 2.40
7.00 30.50 2.70
6.70 30.50 2.70
6.70 28.90 2.40
6.70 29.60 2.70
6.30 27.70 2.40
6.30 27.40 1.80
5.40 26.70 2.40
6.00 26.70 2.40
5.40 25.20 2.70
5.40 24.20 1.80
5.10 23.90 1.80
5.10 22.70 1.80
4.80 22.70 2.40
4.80 21.40 1.80
4.20 21.10 1.80
4.80 20.50 1.40
4.80 19.50 2.40
4.80 19.80 1.40
4.20 18.30 1.80
4.20 18.30 1.40
3.50 17.60 1.80
3.80 16.10 1.40
3.80 16.10 1.80
3.80 15.80 1.40
3.50 15.80 2.40
3.80 15.10 1.80
2.60 15.10 1.80
3.50 15.10 1.80
3.50 13.30 1.80
3.20 14.20 1.40
2.30 12.90 1.40
3.20 12.60 1.40
2.60 13.30 1.40
2.60 12.30 1.10
2.30 12.60 1.40
2.60 12.60 1.40
2.60 11.70 1.40
2.60 11.70 1.10
2.60 11.10 1.40
2.60 11.10 1.40
2.30 9.80 1.40
2.30 11.10 1.10
2.30 9.80 1.40
2.60 10.10 1.10
2.30 10.10 1.10
2.00 9.50 1.10
1.00 10.10 1.10
2.30 8.90 1.10
2.00 9.50 1.10
2.30 9.50 0.20
1.00 7.60 1.40
2.00 9.80 0.20
2.30 7.60 1.10
1.00 9.50 0.20
0.70 8.60 1.40
2025 2 4 16 21 21 11
198.94 201.01 192.29 14.00 13.80 8.40 51.29 52.46 26.54 20.90 154.87 19.49 161.71 203.63 206.38 197.82
-0.40 -0.30 -0.10
0.50 0.00 -0.40
0.50 0.30 -0.40
-0.40 0.00 0.80
0.50 0.00 -0.40
-0.40 -0.30 -0.40
0.50 0.30 -0.40
-0.40 0.30 -0.10
-0.40 0.30 -0.10
-0.10 0.30 -0.40
-0.10 0.30 -0.40
-0.40 -0.30 -0.10
-0.10 -0.30 -0.40
-0.10 0.00 -0.40
0.50 -0.30 -0.40
-0.10 0.00 -0.40
-0.40 0.30 -0.40
0.50 -0.60 -0.40
-0.10 0.90 -0.10
-0.40 -0.30 -0.40
-0.10 0.00 -0.70
-0.10 0.30 -0.10
-0.40 0.00 -0.40
-0.10 -0.30 -0.40
-0.10 -0.30 -0.40
-0.40 -0.30 0.80
-0.10 -0.30 -0.40
-0.40 0.00 -0.40
-0.10 0.30 -0.40
-0.10 -0.60 -0.10
-0.10 0.30 -0.40
-0.40 -0.60 -0.40
-0.40 0.00 -0.10
-0.40 0.90 -0.40
-0.10 -1.30 -0.10
-0.40 1.20 -0.10
0.50 0.00 -0.10
-0.40 -0.60 -0.10
-0.10 1.20 -0.40
-0.10 -0.60 -0.10
0.50 0.30 -0.10
-0.10 0.00 -0.40
-0.10 -0.30 -0.40
-1.40 0.30 -0.40
0.50 -0.30 -0.40
-0.10 -0.30 -0.40
0.50 -0.30 -0.40
-0.40 -0.30 0.80
-0.10 -0.30 1.50
0.50 -0.30 4.00
0.50 0.90 6.20
2.40 0.30 7.10
4.90 3.10 8.10
5.20 4.10 8.10
7.10 8.20 8.40
8.70 10.30 8.10
10.50 11.00 8.10
12.40 12.90 8.10
12.70 12.90 8.10
12.70 12.50 7.70
14.00 13.80 7.10
13.70 11.60 7.10
13.40 13.80 7.10
12.70 11.60 6.80
13.40 12.90 6.50
12.40 12.90 6.50
12.70 11.60 6.20
10.80 12.50 6.20
11.20 12.20 5.60
11.20 12.50 5.60
10.80 12.50 4.90
9.90 11.30 5.20
9.90 12.20 5.20
9.60 11.30 5.20
9.60 11.60 4.90
9.30 11.00 5.20
9.30 11.00 4.90
8.70 10.30 4.90
9.30 10.00 4.30
8.00 9.70 4.00
8.70 10.00 4.30
8.30 10.00 4.00
8.30 8.80 4.00
8.00 9.40 4.00
8.00 8.50 3.70
8.00 8.80 4.00
8.00 8.50 3.70
6.80 7.50 3.70
6.80 8.20 3.70
6.80 7.50 3.40
7.10 7.50 3.40
6.80 6.60 2.70
6.50 6.60 2.70
6.10 6.90 2.70
6.50 6.00 2.40
5.50 6.00 2.40
6.10 5.60 2.70
5.50 5.60 2.40
6.10 6.00 2.40
5.50 4.40 2.40
5.50 6.90 2.10
4.90 4.10 2.40
5.20 5.30 2.10
4.90 5.00 2.40
4.90 4.40 2.40
4.90 5.60 2.10
4.90 3.80 2.40
4.30 5.30 2.10
3.90 4.40 2.10
3.90 3.10 2.10
3.90 5.30 2.10
3.60 3.10 2.10
4.30 5.00 2.10
4.30 2.80 2.10
4.30 4.10 1.50
3.60 3.80 1.50
3.90 2.50 1.50
3.90 4.10 2.10
3.90 2.80 1.50
3.90 3.10 1.50
3.90 3.80 1.20
3.60 2.20 1.20
3.90 4.10 1.20
3.30 2.20 1.50
3.60 2.80 1.20
3.30 2.80 1.20
3.60 2.20 1.50
2.70 2.80 1.20
3.30 2.50 1.50
3.30 2.20 1.50
2.70 2.50 1.20
2.70 2.50 1.20
3.30 2.20 0.80
2.70 1.60 0.80
2.70 2.50 1.20
2.40 1.20 0.80
2.70 2.20 -0.10
2.10 2.20 1.20
2.40 1.20 1.20
2.40 2.20 0.80
2.10 1.20 1.20
2.10 1.20 1.20
2.40 1.60 0.80
0.80 0.30 0.80
2.10 2.50 -0.10
2.10 1.20 1.20
2.10 1.20 0.80
2.10 1.60 -0.10
2.40 0.90 0.80
1.10 0.90 -0.10
2.10 1.60 1.20
1.10 0.30 0.80
2.10 1.60 -0.10
2.10 1.60 1.20
2.10 1.60 0.80
1.10 1.60 -0.10
2.40 2.50 -0.10
0.80 1.20 -0.10
1.10 1.60 -0.10
0.80 1.20 -0.10
0.80 1.20 0.80
1.10 1.20 -0.10
0.80 1.60 -0.10
1.10 1.20 -0.10
0.80 1.20 0.80
0.80 1.20 0.80
1.10 0.90 -0.10
0.50 1.20 -0.10
1.10 0.30 -0.40
0.50 1.20 -0.10
1.10 1.60 -0.10
0.50 0.00 -0.10
1.10 1.60 -0.10
0.50 1.20 0.80
0.80 1.20 -0.40
0.50 1.20 0.80
0.50 0.30 -0.10
0.50 2.20 0.80
0.80 0.30 0.80
-0.10 1.20 -0.40
0.80 1.20 -0.10
0.80 0.00 -0.10
0.80 1.60 -0.10
-0.10 0.00 1.20
0.80 2.20 -0.10
0.50 0.30 0.80
0.80 0.90 1.20
0.50 1.20 0.80
0.80 -0.60 0.80
0.50 2.20 -0.10
0.50 0.30 -0.10
-0.10 0.00 0.80
0.50 1.60 -0.10
0.50 -0.60 0.80
0.80 2.20 -0.10
0.80 -0.30 -0.10
0.80 0.00 -0.10
0.50 1.20 0.80
0.80 -0.30 -0.10
0.50 1.20 -0.10
2025 2 4 16 21 39 56
199.52 209.12 196.89 72.70 24.40 24.20 517.26 84.38 84.34 29.69 204.01 34.46 216.90 197.39 209.23 197.00
-0.40 -0.40 -0.20
-0.10 1.20 -0.20
0.60 -0.10 0.10
0.60 0.20 -0.20
-0.10 -0.10 0.10
-0.10 0.20 0.10
0.60 -0.10 0.10
0.60 0.20 -0.20
-0.10 0.90 0.10
-0.10 0.20 0.10
-0.10 -0.10 -0.20
0.60 1.20 -0.20
-0.10 0.20 -0.20
-0.10 1.50 -0.20
-0.10 0.20 -0.20
-0.10 0.90 -0.20
-0.10 0.90 0.10
0.60 0.90 0.10
-0.40 1.20 -0.20
-0.10 0.20 -0.20
-0.10 0.90 -0.20
0.60 0.90 -0.20
-0.10 0.20 -0.20
0.60 1.20 -0.20
-0.40 -0.40 -0.20
-0.10 1.20 -0.20
-0.10 -0.10 0.10
-0.10 0.90 0.10
-0.40 0.20 -0.20
-0.10 -0.10 -0.20
-0.10 0.90 0.10
0.60 -0.40 -0.20
-0.10 1.20 0.10
-0.10 0.90 -0.20
-0.40 -0.40 -0.20
-0.10 1.20 0.10
-0.40 -0.70 -0.20
-0.10 0.20 -0.20
-0.10 -0.10 0.10
0.60 -0.40 -0.20
-0.40 0.90 0.10
-0.10 -0.10 0.10
-0.10 0.20 0.10
0.60 0.90 0.10
-0.10 -0.10 -0.20
0.60 0.20 -0.20
-0.10 -0.40 -0.20
0.60 0.20 0.10
-0.10 -0.40 1.00
-0.10 0.90 3.50
-0.10 -0.70 9.50
6.50 0.20 15.10
32.90 -0.10 18.00
72.70 0.90 20.20
72.70 5.30 22.70
72.70 6.50 23.00
72.70 11.50 24.20
72.70 14.40 23.90
72.70 18.10 24.20
72.70 22.20 23.90
72.70 22.20 23.60
72.70 23.80 23.60
72.70 24.10 23.00
72.70 24.40 21.70
72.70 23.80 21.40
72.70 24.10 21.10
72.70 23.80 20.20
72.70 22.50 19.50
72.70 23.80 18.90
72.70 22.20 18.60
72.70 21.30 18.30
72.70 21.30 17.30
72.70 19.70 16.70
72.70 20.30 16.70
72.70 18.80 16.40
72.70 19.40 16.70
72.70 18.10 15.80
72.70 17.50 15.10
72.70 17.20 15.10
72.70 16.90 14.20
72.70 15.90 13.90
72.70 15.00 14.20
72.70 15.30 12.90
72.70 15.30 12.60
72.70 13.70 12.60
72.70 15.00 12.30
72.70 13.10 11.70
72.70 13.70 10.70
72.70 12.50 10.70
72.70 12.50 10.10
72.70 12.80 10.10
72.70 11.50 9.80
72.70 11.50 9.80
72.70 11.20 9.50
72.70 10.00 8.90
72.70 11.20 8.60
72.70 10.00 8.20
72.70 10.90 7.90
72.70 10.00 7.90
72.70 10.00 7.90
72.70 9.30 7.30
72.70 9.70 7.00
72.70 9.30 7.00
72.70 8.10 6.70
72.70 8.40 6.70
72.70 8.40 6.70
72.70 7.50 6.40
72.70 8.10 6.40
72.70 6.50 5.70
72.70 7.50 5.40
70.80 6.80 5.40
68.60 6.50 5.40
66.80 6.50 5.10
65.20 6.50 4.50
62.70 5.60 5.10
61.10 5.60 4.50
58.60 5.30 4.50
57.30 5.90 4.20
56.40 4.30 4.50
54.20 5.30 4.20
52.30 4.30 4.20
51.10 5.00 3.80
49.80 5.30 4.20
48.60 4.30 3.50
46.70 4.00 3.80
45.40 4.30 3.80
44.50 4.00 3.50
42.90 4.00 2.90
41.70 3.10 3.50
40.70 4.00 2.90
38.50 3.10 3.50
38.20 3.70 2.90
36.60 3.10 2.90
35.70 3.10 2.60
35.10 3.10 2.60
34.10 3.10 2.60
32.90 2.80 2.60
32.20 2.40 2.30
31.30 2.80 2.60
30.10 2.40 2.60
29.40 2.40 2.90
28.80 2.80 2.30
27.90 2.10 2.30
26.90 2.10 2.30
26.30 2.10 2.60
25.30 2.80 2.30
25.00 2.40 2.30
23.80 2.10 2.30
22.20 1.50 2.30
22.50 2.10 2.30
21.30 2.10 2.30
21.00 1.50 2.30
20.00 2.10 2.30
19.70 1.50 2.30
18.80 1.20 1.70
18.80 2.40 2.30
17.80 0.90 2.30
17.80 2.10 1.70
16.90 1.20 1.70
16.60 0.90 1.70
16.60 1.20 1.70
15.60 1.20 1.70
15.30 1.20 1.70
15.30 1.20 1.30
14.10 0.90 1.70
15.00 0.90 1.30
13.40 1.20 1.70
13.70 1.50 1.70
12.80 0.20 1.30
12.80 1.50 1.30
11.50 -0.10 1.30
11.50 1.20 1.30
10.90 1.20 1.30
11.20 -0.10 1.00
10.90 1.50 1.70
10.60 0.90 1.30
10.00 0.20 1.30
10.60 1.20 1.00
9.70 -0.10 1.30
9.70 1.20 1.30
9.30 0.90 1.30
9.70 0.90 0.10
8.70 0.90 1.30
9.30 1.20 1.30
8.70 0.90 1.00
8.70 0.90 0.10
8.40 1.20 1.00
7.80 -0.10 1.00
7.20 0.20 1.00
7.20 1.20 0.10
7.20 -0.10 1.00
7.20 1.20 1.00
6.80 -0.10 1.00
6.80 0.20 1.00
6.50 0.90 1.00
6.50 -0.10 0.10
6.50 0.20 1.30
6.50 0.20 0.10
6.20 -0.40 1.00
6.80 1.20 0.10
2025 2 4 16 28 13 960
194.97 192.12 201.85 63.90 13.20 11.60 225.34 52.04 46.74 22.66 339.31 48.28 293.55 191.19 198.09 206.14
-0.40 -0.30 0.00
-0.40 0.60 1.00
-0.10 0.00 0.00
-0.40 0.00 0.00
0.50 0.60 0.00
-0.40 -0.30 0.00
-0.10 1.20 -0.30
-0.10 0.30 0.00
0.50 0.30 0.00
-0.10 0.30 -0.30
0.80 0.30 0.00
-0.10 0.60 -0.30
-0.10 0.00 0.00
-0.40 0.60 0.00
-0.40 0.00 -0.30
-0.10 0.00 0.00
0.50 1.20 0.00
-0.10 -0.30 0.00
0.50 0.60 0.00
-0.10 0.00 1.00
0.50 0.60 1.30
-0.10 0.60 1.00
-0.10 -0.30 1.00
-0.40 0.30 2.20
0.50 0.60 1.30
-0.10 0.00 1.30
-0.10 0.30 1.30
0.50 0.30 1.00
0.50 0.60 1.30
-0.40 0.00 1.30
-0.10 0.60 0.00
-0.40 0.00 1.00
0.50 0.00 1.00
-0.10 0.30 1.30
-0.10 -0.30 1.00
0.50 0.30 1.00
-0.10 0.60 1.00
-0.40 -0.90 1.00
-0.10 0.60 1.00
-0.40 -0.30 1.00
0.50 -0.30 1.00
-0.10 0.30 1.00
-0.10 0.30 1.00
-0.10 0.30 1.00
0.50 0.30 1.00
-0.10 0.00 1.00
0.50 0.00 0.00
-0.10 0.30 1.30
0.50 0.00 1.00
3.30 1.20 1.00
10.90 3.40 1.30
22.20 4.40 3.50
35.30 8.50 6.30
42.90 7.80 8.20
51.30 9.10 8.80
57.00 10.70 10.10
60.10 10.30 10.10
63.60 11.90 10.70
63.90 12.50 11.00
63.00 11.90 11.00
62.60 13.20 10.70
61.10 11.90 11.60
60.10 12.90 11.00
59.80 11.90 11.00
58.90 12.90 11.00
57.00 11.60 10.70
56.40 12.90 10.10
54.20 11.30 9.80
53.50 11.90 9.80
52.30 11.30 9.40
51.00 10.30 9.40
49.50 11.30 8.50
48.50 10.00 8.50
46.60 10.00 8.50
46.30 10.00 8.20
45.10 9.10 7.90
44.40 9.70 7.20
42.90 8.50 7.90
42.20 9.10 7.20
41.00 8.50 7.20
40.10 7.80 7.90
38.50 7.20 6.90
37.90 7.20 6.90
36.90 7.80 6.60
35.30 6.00 6.60
34.40 6.90 6.30
33.80 6.90 5.70
31.60 5.60 6.30
31.60 7.20 5.10
30.60 5.30 5.40
29.70 6.30 5.40
28.80 6.00 5.10
27.80 5.30 5.40
26.60 6.00 4.40
26.60 5.30 4.40
25.60 5.60 4.40
24.40 5.30 4.10
23.70 4.70 4.10
23.40 5.30 4.10
22.20 4.40 4.10
21.50 5.60 4.10
20.90 3.40 4.10
20.60 4.70 4.10
19.30 4.10 4.10
19.30 4.10 3.80
18.10 4.10 3.80
18.10 3.40 3.80
17.20 4.40 3.80
16.80 4.10 3.80
16.20 3.40 3.80
15.60 3.40 3.50
15.60 3.10 3.50
15.30 3.40 2.90
14.30 3.10 2.90
14.30 3.40 2.50
13.70 2.80 2.90
13.40 3.40 2.50
12.40 3.10 2.90
13.40 3.40 2.90
11.50 3.10 2.20
11.50 3.10 2.20
10.90 2.50 2.50
10.90 2.50 2.50
9.90 2.50 2.20
10.60 3.10 2.20
9.90 1.90 2.50
9.60 2.50 2.20
9.30 2.80 1.60
9.30 1.90 2.20
9.30 1.60 1.60
8.70 2.50 1.60
8.10 2.50 1.60
8.40 2.80 1.60
7.70 2.50 1.60
8.10 2.80 1.30
7.10 2.80 1.60
7.10 2.50 1.60
6.80 1.90 1.30
6.80 2.50 1.30
6.50 1.60 1.60
6.80 1.90 1.30
6.50 1.90 1.60
6.50 2.80 1.30
6.20 1.90 1.00
6.50 1.90 1.30
5.50 2.50 1.30
6.20 1.60 1.30
5.50 1.60 1.60
5.50 1.60 1.00
4.90 1.20 1.30
5.50 1.60 1.00
4.30 1.60 1.30
4.90 1.60 1.00
4.30 1.90 1.30
4.00 1.60 1.30
4.00 1.90 1.00
4.30 1.90 1.30
4.00 1.60 1.00
4.30 1.90 1.30
3.70 1.20 1.60
3.70 1.60 1.30
3.70 1.90 1.60
3.30 1.60 1.30
3.30 1.90 1.60
3.70 1.90 1.30
2.70 1.60 1.60
2.70 1.90 1.60
2.70 2.50 1.60
3.30 1.60 1.30
2.70 1.90 1.30
2.70 1.90 1.00
2.70 1.20 1.30
2.40 1.60 1.00
2.40 0.60 1.00
2.70 1.60 1.00
2.40 1.60 1.30
2.70 1.20 1.00
2.10 1.20 1.00
2.70 1.60 1.30
2.40 1.20 1.60
2.40 1.20 1.00
2.10 1.60 1.00
2.40 1.20 1.30
2.10 0.60 1.00
2.10 1.60 1.30
2.10 0.30 1.00
2.10 1.60 1.00
2.10 0.60 1.00
2.40 0.30 1.00
1.20 1.20 1.30
2.10 0.60 1.00
1.20 0.60 1.30
2.10 1.60 1.00
0.80 0.00 1.00
0.80 1.20 1.00
1.20 1.20 1.00
2.10 0.00 1.00
1.20 0.60 1.00
1.20 1.20 1.00
0.80 0.00 0.00
2025 2 4 16 30 25 672
198.04 199.26 190.40 72.50 18.70 10.70 294.01 62.38 39.74 22.86 147.57 18.65 246.93 193.59 200.10 196.71
-0.20 0.20 -0.20
-0.60 -0.10 -0.20
0.40 0.50 -0.20
-0.60 -0.10 0.10
0.40 0.50 -0.20
-0.20 0.20 0.10
0.40 -0.10 -0.20
-0.20 1.10 -0.20
0.40 -0.10 -0.20
-0.60 -0.10 0.10
-0.20 0.50 0.10
0.40 -0.10 0.10
-0.20 0.20 0.10
-0.60 0.50 0.10
0.70 0.50 1.00
0.40 0.20 0.10
0.40 0.50 -0.20
-0.20 0.20 0.10
0.40 0.50 0.10
-0.20 0.20 0.10
0.40 0.50 -0.20
-0.20 0.50 -0.20
-0.60 -0.40 -0.20
-0.60 0.20 1.00
0.40 0.20 0.10
-0.60 0.20 0.10
-0.20 0.50 -0.20
-0.20 0.20 -0.20
0.40 0.50 0.10
-0.60 -0.40 0.10
-0.20 1.10 -0.20
-0.20 -0.10 -0.20
-0.20 0.20 0.10
-0.60 1.10 0.10
-0.60 -0.40 -0.20
-0.20 1.40 -0.20
-0.20 -0.40 0.10
-0.60 0.20 -0.20
-0.60 1.10 0.10
-0.60 -0.40 -0.20
-0.20 1.10 0.10
-0.60 -0.40 -0.20
0.40 1.10 0.10
-0.20 -0.10 -0.20
0.40 0.20 -0.20
-0.20 0.20 -0.20
0.40 -0.40 -0.20
-0.20 1.40 1.00
0.40 -0.40 2.90
0.40 0.20 4.50
6.00 0.50 7.30
15.10 1.10 8.60
26.10 7.10 8.90
38.00 7.70 9.50
47.80 11.50 10.10
55.60 14.00 10.70
60.60 13.10 10.10
65.00 16.20 10.10
68.80 15.60 10.10
70.00 17.80 9.80
70.00 18.70 9.80
70.00 16.20 9.80
71.30 18.70 8.90
72.50 17.10 8.60
72.50 17.40 8.60
72.50 16.20 8.60
72.50 17.10 8.20
72.50 15.90 8.20
72.50 15.20 8.20
71.30 15.90 8.20
70.00 14.60 7.90
68.10 15.20 7.30
67.80 14.60 7.30
65.00 13.10 7.30
63.40 14.00 7.30
61.20 12.40 6.70
60.60 13.10 6.70
59.70 12.70 6.70
57.80 11.50 6.40
56.80 12.40 6.40
55.30 11.50 6.40
53.40 10.50 6.70
52.50 11.20 5.40
50.90 9.90 5.70
49.60 10.50 5.70
47.80 9.60 5.40
46.80 9.60 5.10
45.20 9.60 5.40
45.20 9.00 5.10
43.40 8.70 5.10
42.40 8.30 4.20
41.50 8.30 4.50
39.90 7.70 5.10
39.60 7.10 4.20
38.30 7.10 4.50
36.80 7.10 4.20
36.80 6.80 4.20
34.30 6.80 3.80
34.30 6.80 3.80
32.40 5.80 3.80
31.40 6.20 3.80
30.80 5.50 3.50
29.90 5.80 3.50
28.60 5.50 3.50
28.30 5.20 2.90
27.00 5.80 3.80
27.00 4.00 2.60
25.50 5.50 2.90
25.20 5.20 2.90
23.90 4.00 2.90
24.20 5.50 2.90
23.30 3.30 2.90
22.00 4.60 2.90
21.10 3.00 2.90
20.80 4.30 2.90
19.50 4.00 2.60
19.80 3.00 2.60
19.20 4.60 2.60
18.30 2.40 2.60
17.60 4.30 2.60
17.90 3.30 1.70
16.70 2.70 2.30
16.40 4.30 1.30
15.10 1.40 2.30
16.40 4.30 1.70
14.80 1.80 2.30
14.20 2.70 1.70
13.90 3.30 1.70
13.60 1.10 2.30
13.20 3.30 2.30
12.60 1.80 1.70
12.60 2.40 1.70
12.30 2.70 1.70
10.70 0.50 1.70
11.00 3.00 1.30
10.70 1.10 1.70
10.70 2.70 1.70
9.80 1.80 1.70
9.80 1.80 1.70
9.20 2.70 1.70
9.20 0.50 1.00
8.50 1.80 1.30
8.50 1.80 1.70
8.20 1.40 1.70
8.20 1.80 1.30
7.90 1.10 1.70
7.60 1.40 1.30
7.00 1.40 1.30
7.00 1.40 1.30
7.00 1.10 1.00
7.00 1.40 1.30
6.30 1.10 1.30
6.70 0.50 1.30
6.30 1.80 1.30
6.30 0.50 1.00
6.00 0.50 1.00
5.40 1.40 0.10
5.10 -0.10 1.00
5.40 1.40 0.10
5.10 1.10 1.00
5.10 0.50 1.00
4.80 1.40 1.00
4.80 0.50 1.00
5.10 0.20 1.30
4.80 1.40 1.00
4.10 -0.10 1.00
4.80 1.10 1.00
4.80 1.10 1.00
4.10 0.50 1.30
3.80 1.10 0.10
3.80 0.50 0.10
3.80 0.20 0.10
3.80 1.40 1.00
3.20 -0.40 0.10
3.20 0.50 1.00
3.20 0.50 1.00
3.50 0.20 1.00
3.20 1.10 0.10
3.20 0.20 0.10
2.60 0.20 1.00
3.50 1.10 1.00
2.30 0.20 1.00
3.20 1.10 -0.20
2.60 0.20 0.10
3.20 1.40 0.10
2.30 -0.10 0.10
2.30 0.50 0.10
2.60 1.10 0.10
2.60 -0.40 0.10
2.30 1.40 1.00
2.30 -0.10 -0.20
1.90 0.50 -0.20
2.30 1.10 -0.20
1.90 -0.40 0.10
2.60 1.40 0.10
2.30 -0.10 1.00
2.60 0.50 -0.20
1.90 1.10 0.10
2.60 -0.10 0.10
1.90 1.40 0.10
2025 2 4 16 32 19 594
200.97 194.30 198.09 31.20 71.50 13.40 114.20 456.57 45.62 18.84 64.22 24.17 31.48 200.04 191.69 201.12
0.50 0.30 -0.10
0.50 0.30 -0.40
0.50 0.90 -0.10
-0.10 0.30 -0.10
-0.10 0.30 -0.10
0.50 0.00 0.90
0.50 0.90 -0.10
0.50 0.00 -0.10
0.80 0.30 -0.10
0.50 1.20 0.90
0.50 -0.30 -0.10
-0.10 0.90 -0.10
0.80 0.00 -0.10
0.50 -0.60 -0.10
-0.10 1.20 -0.10
-0.10 -0.30 -0.10
0.50 0.90 -0.10
-0.10 0.90 -0.10
0.50 -0.60 -0.40
-0.10 1.20 -0.10
0.80 0.00 -0.40
0.50 -0.30 -0.10
0.50 1.20 -0.40
-0.40 -0.60 -0.10
-0.10 0.90 -0.40
0.50 -0.30 -0.10
0.80 0.90 -0.10
-0.10 -0.30 -0.40
0.50 0.30 -0.10
-0.10 0.00 -0.40
-0.10 -0.30 -0.10
-0.10 0.00 -0.40
0.50 -0.60 -0.10
-0.10 0.30 -0.40
0.50 0.90 -0.10
0.50 -1.30 -0.40
0.80 1.20 -0.40
-0.10 -1.30 -0.10
0.50 0.30 -0.10
-0.10 0.30 -0.10
-0.10 -0.60 -0.10
-0.10 0.30 -0.40
0.50 -0.30 -0.40
-0.10 -0.30 -0.40
0.50 0.00 -0.40
0.50 -0.60 -0.40
-0.10 0.00 -0.40
-0.10 -0.30 -0.10
-0.10 0.00 -0.10
-0.40 -0.30 0.90
0.50 9.40 4.30
2.70 33.90 6.80
8.00 67.10 8.70
14.00 71.50 11.50
19.30 71.50 12.50
21.50 71.50 13.40
26.50 71.50 13.40
28.70 71.50 13.40
30.60 71.50 12.80
30.60 71.50 12.80
30.90 71.50 12.50
30.60 71.50 12.80
31.20 71.50 12.50
30.60 71.50 12.50
30.90 71.50 11.50
30.60 71.50 11.50
29.70 71.50 10.90
28.70 71.50 10.60
28.10 71.50 10.00
27.80 71.50 9.60
27.20 71.50 9.30
26.50 71.50 9.30
26.20 71.50 9.30
25.00 71.50 8.70
24.30 71.50 8.40
23.70 71.50 8.40
23.40 71.50 8.10
22.20 71.50 8.10
23.40 71.50 7.10
21.20 71.50 8.10
20.90 71.50 7.10
20.00 71.50 7.10
19.60 71.50 6.80
18.70 71.50 6.50
18.70 71.50 6.50
17.80 71.50 6.80
17.10 71.50 6.20
16.80 71.50 6.20
16.50 71.50 6.20
16.50 71.50 5.60
15.60 71.50 5.60
14.90 71.50 5.30
14.90 71.50 5.30
14.00 71.50 5.30
14.30 71.50 4.30
13.70 71.50 4.90
13.40 71.50 4.30
12.70 71.50 4.30
12.70 71.50 4.00
11.50 70.60 4.30
11.50 68.70 4.00
10.90 68.40 4.00
10.90 64.30 3.70
10.50 64.00 4.00
9.90 61.20 3.70
9.60 58.70 3.70
9.60 58.30 2.70
8.70 55.20 3.40
9.30 54.60 2.40
8.70 52.70 3.40
8.30 50.50 2.70
8.30 49.60 3.40
8.00 47.40 2.70
7.70 47.10 2.40
8.00 44.20 2.40
6.80 43.90 2.40
7.10 41.70 2.40
7.10 39.80 2.10
7.10 39.80 2.10
6.50 37.60 2.10
6.50 37.60 2.10
6.20 36.70 2.10
6.20 35.40 2.10
6.20 34.20 2.10
5.20 32.60 1.50
5.50 31.70 2.10
5.50 31.40 2.10
4.90 29.80 2.10
5.20 29.80 1.50
4.90 28.50 2.10
4.90 27.00 1.50
4.30 27.30 1.50
4.30 26.70 1.50
4.30 24.50 1.50
4.30 24.50 1.20
4.00 22.90 1.50
4.30 23.20 1.20
4.00 22.30 1.20
4.30 22.30 1.50
3.60 21.60 1.20
4.00 21.30 1.50
3.30 21.00 1.50
3.30 19.40 2.10
2.70 19.80 2.10
3.30 18.50 2.10
2.70 17.60 2.10
3.60 18.20 2.10
2.70 15.70 1.50
2.70 17.60 1.50
2.70 15.40 1.50
2.70 15.10 1.50
2.70 15.40 2.10
2.40 13.80 0.90
2.40 14.10 1.50
2.70 13.20 1.50
2.10 13.20 1.50
2.40 14.10 1.20
2.40 12.50 1.50
2.40 12.90 1.20
1.10 11.30 1.50
2.40 12.20 1.20
2.10 11.00 1.50
2.10 11.00 1.50
2.10 10.30 1.20
1.10 9.70 1.20
2.10 11.00 1.50
2.10 9.70 1.20
1.10 9.40 1.20
1.10 11.00 1.20
0.80 8.20 1.20
1.10 9.40 1.20
1.10 8.50 0.90
1.10 8.20 0.90
2.10 8.50 1.20
2.10 7.50 0.90
0.80 7.50 1.20
1.10 8.20 1.20
0.80 6.60 0.90
1.10 6.90 -0.10
0.80 6.00 1.20
0.50 6.90 0.90
0.80 6.00 -0.10
1.10 6.00 0.90
0.50 6.60 0.90
0.80 6.00 -0.40
0.80 5.30 0.90
1.10 6.00 0.90
0.50 5.30 0.90
0.80 5.60 -0.10
0.50 5.30 0.90
0.80 6.00 -0.10
0.50 5.60 -0.10
0.80 5.60 -0.10
0.80 5.60 -0.10
0.80 5.30 0.90
0.80 5.30 -0.10
0.80 5.30 0.90
0.50 5.00 -0.10
0.80 5.00 -0.10
0.50 4.10 0.90
2025 2 4 16 37 21 764
195.05 205.01 197.36 44.90 71.70 20.00 167.01 250.72 69.09 27.78 232.60 23.82 256.80 192.91 200.56 198.07
-0.30 0.20 -0.10
-0.60 -0.10 -0.10
-0.60 0.50 -0.10
-0.60 -0.50 -0.10
0.30 1.40 -0.40
-0.90 -0.50 -0.10
0.30 0.20 -0.40
-0.60 1.10 -0.10
-0.30 -0.50 -0.10
-0.30 1.40 -0.10
-0.30 -0.50 -0.40
-0.60 0.50 -0.10
0.30 1.70 -0.40
-0.30 -1.40 -0.10
0.30 1.40 -0.40
-0.30 -0.10 -0.10
0.30 -0.10 -0.10
-0.30 1.10 -0.40
-0.30 -0.50 -0.40
-0.30 1.10 -0.40
0.30 0.20 -0.10
-0.30 -0.10 -0.10
0.30 1.10 -0.10
0.30 -0.50 0.80
-0.60 1.40 -0.10
-0.30 -0.50 -0.10
-0.30 0.50 -0.10
-0.30 0.20 -0.40
-0.30 -0.10 -0.10
-0.30 1.10 -0.40
-0.60 -0.50 -0.40
-0.30 1.10 -0.10
0.30 0.20 -0.40
-0.60 -0.50 -0.40
-0.30 1.10 -0.40
-0.30 -0.10 -0.10
0.30 0.50 -0.40
-0.30 -0.10 -0.40
-0.30 0.20 -0.10
-0.30 0.20 -0.40
0.30 -0.10 -0.40
-0.60 0.20 -0.40
-0.30 -0.10 -0.10
0.30 0.50 -0.40
0.30 0.20 -0.40
-0.30 -0.10 -0.40
0.30 0.50 -0.10
-0.30 -0.50 -0.10
-0.30 1.10 -0.40
0.30 -0.10 2.10
7.50 0.20 7.70
15.40 1.40 11.50
24.20 6.10 14.00
30.40 15.50 16.50
36.40 29.00 17.80
39.50 41.30 19.40
42.00 51.90 19.40
42.40 60.10 19.40
43.60 64.50 20.00
44.90 68.60 19.40
44.20 68.90 18.70
44.20 70.10 18.40
43.60 71.70 18.10
42.70 69.80 17.20
42.40 70.40 17.20
41.40 68.60 16.80
40.80 66.40 16.50
40.50 66.40 16.50
39.50 62.60 15.30
38.00 62.90 15.00
37.70 60.40 14.30
36.10 59.10 14.30
35.50 57.90 14.00
34.80 55.40 12.80
34.20 55.40 12.80
32.60 51.30 13.40
33.60 51.30 12.80
31.40 50.10 12.50
31.10 47.90 12.10
29.80 48.80 11.50
29.20 45.70 10.90
28.20 45.70 10.60
27.60 43.50 9.60
26.70 41.60 9.90
26.70 41.60 9.60
25.40 39.10 9.90
24.80 39.70 9.60
23.90 37.20 9.30
23.50 37.20 8.70
22.30 35.60 8.40
21.30 34.10 8.40
21.00 34.40 8.10
19.80 31.90 8.10
19.50 32.50 7.70
19.10 31.90 7.10
18.20 29.70 7.10
18.20 30.60 6.80
16.90 28.70 6.80
17.60 28.40 6.50
16.60 28.40 6.50
16.30 25.30 6.50
15.40 27.10 5.60
15.10 24.30 6.20
14.10 23.40 5.20
14.10 24.00 5.60
13.50 21.80 5.20
13.20 22.80 5.20
13.20 21.20 5.20
13.20 21.20 4.90
12.20 20.20 4.90
12.20 19.60 4.90
12.20 19.60 4.30
11.30 18.70 4.30
11.00 18.40 4.00
10.70 17.70 3.70
10.70 17.70 4.00
10.70 17.40 4.00
9.40 15.50 4.00
10.40 15.90 4.00
9.40 14.00 3.70
9.40 14.00 3.70
8.50 14.30 4.00
9.10 13.00 3.70
8.50 13.30 4.00
8.50 12.40 3.70
7.90 12.70 3.40
8.20 12.40 3.40
7.50 11.80 3.70
7.50 11.80 2.70
7.50 11.10 3.40
7.50 11.80 3.40
6.30 9.90 3.40
6.60 10.50 3.40
6.30 9.90 3.40
6.60 9.90 2.40
6.30 9.90 2.70
6.30 8.60 2.40
5.30 9.60 2.70
5.30 9.00 2.70
5.30 8.30 2.40
6.00 7.10 2.40
4.70 8.30 2.10
4.70 7.70 2.40
4.70 6.10 2.40
5.00 7.70 2.10
4.10 5.50 2.40
4.10 7.10 2.10
4.10 5.80 2.10
4.10 6.10 1.50
3.80 7.10 2.10
4.10 5.20 2.10
3.80 6.10 2.10
3.80 5.50 1.50
3.50 5.50 1.50
3.80 6.10 1.50
3.80 4.20 1.50
3.50 5.80 1.50
3.50 3.90 1.50
3.50 5.20 1.20
3.50 4.20 1.50
3.80 4.20 1.20
3.10 4.60 1.20
3.10 3.30 1.50
2.50 4.60 1.50
3.10 3.30 0.80
2.50 3.30 1.50
3.10 4.20 0.80
3.10 2.40 1.20
3.10 4.20 0.80
2.50 2.70 1.20
3.10 3.30 0.80
3.10 3.00 0.80
3.10 2.70 1.20
2.50 3.30 1.20
2.50 2.70 0.80
2.50 2.70 0.80
2.50 2.70 0.80
2.20 2.70 1.20
2.50 2.70 0.80
2.50 1.70 1.20
2.50 2.70 0.80
2.20 1.70 0.80
2.20 2.40 -0.10
2.20 2.70 0.80
2.50 1.70 1.20
2.20 2.40 0.80
2.20 1.70 0.80
1.90 1.40 0.80
2.50 1.70 1.20
1.90 1.40 0.80
2.50 1.70 0.80
0.90 1.70 0.80
1.90 1.40 1.50
0.90 1.40 0.80
2.20 2.40 1.20
0.90 1.10 1.20
2.20 1.70 1.20
0.90 1.10 1.20
1.90 1.10 0.80
1.90 1.40 1.20
2025 2 4 16 41 5 213
195.06 198.23 204.85 72.60 71.70 72.80 674.26 604.31 367.60 28.43 300.96 28.58 297.69 192.66 196.40 202.41
-0.20 -0.50 -0.30
-0.20 0.50 -0.30
0.70 -0.20 -0.30
-0.20 -0.50 -0.30
0.40 1.10 -0.30
-0.50 -1.40 -0.30
-0.20 1.10 -0.30
-0.20 0.20 0.10
0.40 -0.20 0.10
-0.50 1.40 -0.30
0.40 -0.50 -0.30
-0.80 1.10 -0.30
0.40 0.20 -0.30
-0.20 -0.50 0.10
0.40 0.20 -0.30
0.40 -0.50 -0.30
-0.20 0.50 -0.30
-0.50 -0.50 -0.60
0.40 0.20 -0.30
0.40 -0.20 -0.30
0.70 0.20 0.10
-0.50 0.20 -0.30
-0.20 -0.20 -0.30
0.40 0.50 -0.30
-0.50 -0.20 -0.30
-0.50 -0.20 -0.30
-0.20 0.50 -0.60
-0.20 -0.50 -0.30
-0.20 1.10 -0.30
-0.20 -0.50 -0.30
-0.50 0.50 -0.30
0.40 0.20 0.10
-0.20 -0.50 -0.30
-0.50 1.10 -0.30
0.40 -0.20 -0.30
0.40 0.20 0.10
-0.20 -0.20 0.10
-0.50 -0.20 0.10
0.40 0.20 0.10
-0.20 -0.50 -0.30
0.40 1.10 -0.30
-0.20 -0.20 -0.30
0.40 0.20 -0.30
0.40 0.50 -0.30
-0.20 0.20 0.10
-0.20 0.50 -0.30
0.40 0.20 -0.60
0.40 0.50 -0.30
0.40 -0.20 0.10
1.10 0.50 -0.30
7.70 0.50 -0.30
43.70 6.70 8.50
72.60 48.50 37.10
72.60 71.70 63.70
72.60 71.70 72.80
72.60 71.70 72.80
72.60 71.70 72.80
72.60 71.70 72.80
72.60 71.70 72.80
72.60 71.70 72.80
72.60 71.70 72.80
72.60 71.70 72.80
72.60 71.70 72.80
72.60 71.70 72.80
72.60 71.70 72.80
72.60 71.70 72.80
72.60 71.70 72.80
72.60 71.70 72.80
72.60 71.70 72.80
72.60 71.70 72.80
72.60 71.70 72.80
72.60 71.70 72.80
72.60 71.70 72.80
72.60 71.70 72.80
72.60 71.70 72.80
72.60 71.70 72.80
72.60 71.70 72.80
72.60 71.70 72.80
72.60 71.70 72.80
72.60 71.70 72.80
72.60 71.70 72.80
72.60 71.70 72.80
72.60 71.70 72.80
72.60 71.70 72.50
72.60 71.70 70.00
72.60 71.70 68.10
72.60 71.70 65.90
72.60 71.70 63.70
72.60 71.70 61.50
72.60 71.70 60.30
72.60 71.70 59.00
72.60 71.70 57.50
72.60 71.70 55.60
72.60 71.70 53.70
72.60 71.70 51.80
72.60 71.70 50.90
72.60 71.70 49.00
72.60 71.70 48.10
72.60 71.70 46.80
72.60 71.70 45.20
72.60 71.70 44.00
72.60 71.70 43.00
72.60 71.70 41.80
72.60 71.70 41.20
72.60 71.70 39.00
72.60 71.70 38.30
72.60 71.70 36.80
72.60 71.70 36.50
72.60 71.70 34.60
72.60 71.70 34.60
72.60 71.70 33.00
72.60 71.70 31.40
72.60 71.70 30.80
72.60 71.70 30.20
72.60 71.70 28.90
72.60 71.70 28.30
72.60 71.70 27.00
72.60 71.70 26.40
72.60 71.70 25.50
72.60 71.70 25.20
72.60 71.70 24.20
72.60 71.70 23.90
72.60 71.70 23.00
72.60 71.70 22.60
72.60 71.70 21.10
72.60 71.70 20.80
72.60 71.70 20.10
72.60 71.70 19.80
72.60 67.90 18.90
72.60 67.60 18.60
72.60 65.40 18.30
72.60 63.50 17.30
72.60 61.60 16.70
72.60 58.50 16.40
72.60 57.30 15.40
72.60 55.70 15.40
72.60 54.70 15.10
71.30 52.50 14.50
69.80 51.60 14.20
67.90 49.70 13.90
66.30 47.80 13.50
63.80 47.20 12.60
62.20 45.30 12.60
61.30 44.40 12.30
59.40 43.10 11.00
57.20 41.60 11.00
56.90 40.60 10.70
54.40 39.10 10.10
54.10 38.40 9.80
52.20 37.20 9.80
50.90 36.20 9.50
49.70 34.70 9.50
48.40 34.00 8.50
46.60 32.80 8.50
46.20 31.50 8.20
44.40 31.50 7.90
42.80 30.00 7.30
41.50 29.00 7.30
41.20 28.70 7.00
40.00 26.80 7.00
38.70 27.40 7.00
36.80 25.30 6.60
36.20 25.30 6.30
35.60 25.30 6.30
34.00 24.00 5.70
34.00 24.00 5.70
32.40 22.70 5.70
31.50 22.40 5.70
31.20 22.40 5.40
29.90 20.50 5.10
29.60 21.50 5.10
28.40 19.90 5.10
27.70 19.60 4.50
27.10 18.30 5.10
26.50 19.00 4.50
25.20 17.40 4.10
25.50 16.20 4.10
24.30 17.40 4.10
23.70 15.50 3.50
23.30 15.80 3.80
22.40 15.80 3.80
21.10 14.60 4.10
20.80 15.80 3.50
20.50 14.00 3.80
19.60 14.30 3.80
19.30 13.30 2.90
18.60 13.00 3.50
18.30 13.30 3.80
18.30 11.80 2.90
17.70 12.70 3.50
17.70 12.40 2.60
17.10 11.40 2.90
16.70 12.40 2.30
16.10 9.90 2.90
16.10 11.80 2.90
15.20 10.20 2.60
15.50 10.20 2.60
14.90 11.10 2.90
14.20 9.60 2.60
14.20 10.50 2.30
2025 2 4 16 48 23 770
200.36 186.97 201.92 10.70 20.10 10.10 39.29 67.64 33.82 40.84 32.19 52.64 41.17 206.93 190.09 206.25
0.40 0.40 -0.20
-0.30 -0.60 -0.20
0.40 -0.30 -0.20
0.40 0.10 -0.20
-0.30 -1.20 -0.20
-0.30 0.40 0.10
0.40 0.10 -0.20
0.40 -0.30 -0.20
-0.30 -0.30 -0.20
0.40 -0.60 -0.20
0.40 1.00 0.10
-0.30 -0.60 -0.20
0.40 0.40 -0.20
-0.30 0.10 -0.20
0.40 0.10 0.10
0.40 0.40 -0.20
0.40 -1.20 -0.20
0.40 0.40 -0.20
0.40 -0.30 -0.20
0.40 -0.60 0.10
0.40 0.40 0.10
-0.30 -0.30 0.10
0.40 0.10 -0.20
0.40 0.10 -0.20
0.70 -0.30 -0.20
0.40 0.10 0.10
0.40 0.40 0.10
-0.30 -0.30 -0.20
0.40 0.40 -0.20
0.40 -0.30 -0.20
0.40 -0.60 -0.20
0.40 0.10 0.10
0.40 -0.60 0.10
-0.30 -0.30 -0.20
0.40 0.10 -0.20
0.40 -0.60 -0.20
0.40 0.10 0.10
0.40 -0.60 -0.20
0.40 0.40 -0.20
0.40 -0.30 -0.20
0.40 -0.30 0.10
-0.30 -0.30 -0.20
0.40 -0.30 -0.20
0.40 0.10 -0.20
0.40 -0.30 -0.20
0.40 0.10 0.10
0.40 -0.30 -0.20
-0.30 0.40 -0.20
0.70 3.80 -0.20
0.40 4.40 0.10
0.40 8.50 0.10
0.70 11.00 4.10
3.50 13.90 5.70
4.70 15.70 7.90
6.60 17.00 8.20
8.20 18.60 8.80
9.10 17.60 8.80
10.40 19.80 10.10
10.40 20.10 9.50
10.70 18.20 9.80
10.70 20.10 9.50
10.70 18.20 8.80
10.70 19.50 8.50
10.40 18.90 8.50
9.80 17.30 8.50
9.80 18.60 8.20
9.80 17.00 8.20
9.50 15.70 8.20
9.50 16.10 7.90
9.10 15.10 7.30
8.50 17.30 7.90
8.50 14.50 7.00
8.50 15.10 7.00
7.90 14.50 6.70
7.90 13.90 7.00
7.90 14.20 6.30
7.60 12.60 6.30
6.90 13.90 6.30
6.90 12.30 6.30
6.90 11.70 6.30
6.60 12.30 5.70
6.30 10.40 5.70
6.60 12.30 5.70
6.30 10.10 5.70
6.30 11.00 5.10
6.00 10.40 4.50
6.30 9.80 4.50
6.00 10.40 4.50
5.40 8.80 4.50
4.70 8.80 4.10
5.10 8.50 4.10
5.10 8.20 4.50
4.70 9.50 4.10
4.70 7.60 4.10
4.10 8.50 3.50
4.70 7.00 3.80
4.70 7.60 3.80
4.10 7.00 3.50
4.70 6.60 4.10
3.80 7.00 3.50
4.10 5.70 3.50
3.80 5.70 3.50
3.80 6.00 2.90
3.50 5.40 2.90
3.50 5.70 2.90
3.20 5.40 2.90
3.50 5.10 2.60
3.50 5.10 2.90
3.20 5.10 2.60
3.20 4.40 2.90
3.20 5.70 2.60
2.50 4.10 2.60
2.50 4.40 2.60
2.50 5.40 2.60
2.50 3.20 2.30
2.50 4.10 2.60
2.20 3.80 2.30
2.50 3.20 2.30
2.50 4.40 2.30
2.50 2.60 2.30
2.50 3.80 2.30
2.50 2.90 1.60
2.20 3.20 1.60
2.20 3.20 1.60
2.20 2.60 1.30
1.90 2.90 1.60
2.20 2.60 2.30
2.20 3.20 1.30
1.90 1.60 1.60
1.90 2.60 1.60
1.90 3.20 1.30
1.00 1.30 1.60
1.90 3.20 1.30
1.90 1.30 1.30
1.90 2.20 1.00
1.00 2.90 1.30
1.90 1.30 1.30
1.00 2.90 1.30
2.20 1.30 1.00
1.90 1.60 1.30
1.90 2.20 1.00
0.70 1.00 1.30
1.00 2.20 1.00
1.00 1.00 1.30
1.90 1.60 1.00
0.70 1.30 1.00
1.90 1.30 1.00
0.70 1.30 1.00
0.70 0.40 0.10
0.40 1.60 1.30
0.70 1.00 1.00
0.70 1.00 1.00
1.00 1.30 0.10
0.70 0.10 1.00
0.70 2.20 0.10
0.40 1.00 1.00
0.70 1.00 0.10
0.40 2.20 1.30
0.70 0.40 1.00
0.40 1.30 0.10
0.70 0.40 1.30
0.40 0.40 1.30
0.40 1.60 1.00
0.40 0.10 1.00
0.70 0.40 0.10
0.40 0.10 0.10
0.70 1.00 -0.20
0.40 0.40 0.10
0.40 -0.30 0.10
0.40 1.00 1.00
0.70 0.10 1.00
0.40 1.00 -0.20
0.40 1.00 1.00
0.70 0.10 0.10
0.40 1.30 0.10
-0.30 0.40 1.00
0.70 1.00 0.10
0.40 0.10 0.10
0.70 0.40 -0.20
-0.30 0.40 0.10
0.40 0.40 -0.20
-0.30 0.10 -0.20
0.40 1.00 -0.20
0.40 0.40 0.10
0.40 0.10 -0.20
0.40 0.40 0.10
0.40 0.10 -0.20
-0.30 0.10 -0.20
0.40 -0.30 0.10
0.40 0.10 1.00
0.40 0.40 1.00
0.40 -0.30 0.10
0.40 0.40 1.00
-0.30 -0.30 1.30
0.40 1.00 1.00
-0.30 0.10 1.00
0.40 -0.60 0.10
0.40 1.00 -0.20
0.40 -0.60 1.00
0.40 0.40 0.10
2025 2 4 16 48 33 904
191.04 192.46 198.82 16.20 25.40 11.70 60.42 85.50 42.03 22.00 308.95 26.11 325.75 193.47 192.38 202.21
-0.40 0.30 0.10
-0.10 -1.00 -0.20
-0.10 0.00 -0.20
-0.10 0.60 0.10
-0.40 -1.00 0.10
-0.10 1.20 -0.20
-0.10 -0.30 0.10
-0.40 0.00 1.00
-0.40 0.60 0.10
-0.10 -1.00 1.00
-0.10 0.30 0.10
0.50 0.00 -0.20
-0.10 -0.30 0.10
-0.40 0.30 -0.20
0.50 -0.30 -0.20
-0.40 -0.30 -0.20
-0.40 -0.30 0.10
-0.40 0.00 0.10
-0.40 0.00 0.10
0.50 1.50 0.10
-0.40 0.00 0.10
-0.10 0.00 -0.20
-0.10 0.30 0.10
-0.10 -0.30 -0.20
-0.40 0.30 0.10
-0.10 -0.30 0.10
-0.40 -0.30 0.10
-0.10 0.00 -0.20
-0.40 -0.30 0.10
-0.10 0.00 0.10
-0.10 -0.30 0.10
0.50 0.30 0.10
-0.40 -0.30 -0.20
-0.40 0.60 0.10
-0.40 -0.30 0.10
0.50 -0.30 -0.20
-0.10 0.60 0.10
-0.40 -1.60 -0.20
-0.40 1.20 0.10
-0.10 -0.30 -0.20
-0.40 -0.30 0.10
0.50 0.60 0.10
-0.10 -1.30 -0.20
0.50 0.30 -0.20
0.50 -0.30 0.10
-0.10 0.00 0.10
0.50 0.00 0.10
-0.10 -0.30 -0.20
-0.10 1.20 0.10
2.70 1.90 1.00
5.60 6.20 2.90
8.40 9.70 6.70
10.60 14.10 8.20
11.20 19.10 8.50
13.40 18.50 9.80
15.30 22.60 10.10
16.20 21.60 10.70
16.20 23.20 11.10
16.20 24.80 11.70
15.60 22.90 11.70
15.60 25.40 10.70
15.60 23.50 11.10
15.30 24.10 10.10
15.00 23.50 10.10
15.00 21.90 9.80
14.30 22.90 9.80
14.30 20.70 9.80
14.30 21.60 9.80
13.70 20.70 8.90
13.70 19.70 8.50
13.70 20.00 8.50
12.80 17.90 8.20
12.50 19.70 8.50
11.50 17.50 7.90
11.20 17.20 7.90
11.20 17.90 7.30
10.90 15.70 7.90
10.90 17.50 7.30
9.90 14.70 6.40
10.60 15.30 7.00
9.90 14.70 6.70
9.90 14.40 6.40
9.30 14.40 6.40
9.60 12.80 6.40
9.60 13.10 6.40
9.60 12.80 5.70
8.70 11.90 5.70
8.40 12.50 5.10
8.40 11.60 5.40
8.40 11.60 5.10
8.10 10.60 5.10
8.10 10.30 4.50
8.10 10.30 4.50
7.10 10.00 4.20
6.80 10.00 4.20
6.80 9.70 4.20
6.80 9.10 4.20
6.80 8.80 3.80
6.20 8.40 4.20
6.80 8.40 3.80
6.20 8.40 3.50
5.60 8.80 3.50
5.60 7.20 3.50
5.60 7.80 3.50
5.20 6.90 3.50
5.20 6.90 3.50
4.90 6.90 2.90
5.20 6.20 2.90
4.90 6.90 2.90
4.90 5.90 2.60
4.30 5.60 2.90
4.30 5.60 2.60
4.00 5.30 2.60
4.30 5.60 2.60
4.30 4.40 2.30
4.00 5.90 2.30
3.70 4.40 2.60
3.70 4.70 2.30
3.40 5.30 2.30
3.70 3.40 2.30
3.40 5.60 2.30
3.40 3.10 2.30
3.40 4.00 2.30
3.40 4.70 2.30
2.70 2.80 2.30
2.70 5.30 1.60
3.40 2.80 1.60
2.70 4.40 1.30
2.70 3.40 1.60
2.70 3.10 1.30
2.40 4.40 1.30
2.70 1.90 1.30
2.70 3.40 1.60
2.40 2.80 1.60
2.40 3.10 1.60
2.40 4.00 1.30
2.10 1.50 1.60
2.40 4.40 1.30
2.10 1.50 1.30
2.40 2.80 1.30
2.10 2.80 1.30
2.10 1.20 1.30
1.20 3.40 1.60
1.20 1.50 1.30
1.20 2.80 1.30
1.20 2.50 1.30
1.20 0.30 2.30
2.10 3.10 1.60
1.20 1.20 1.60
2.10 2.80 1.60
1.20 1.90 2.30
1.20 1.90 1.30
1.20 1.90 1.60
0.90 1.20 1.60
0.90 2.50 1.30
1.20 1.20 1.60
1.20 1.90 1.60
0.90 1.50 1.60
0.90 1.20 1.30
0.90 2.50 1.30
0.90 0.60 1.30
1.20 1.90 1.00
0.90 1.50 1.30
0.90 1.20 1.30
0.90 1.50 1.30
0.50 1.20 1.00
0.90 0.60 1.00
0.90 1.50 1.30
0.90 1.50 1.00
0.90 0.30 1.00
0.50 1.20 1.00
0.50 1.50 1.30
0.50 1.20 1.00
0.50 1.50 1.00
0.50 0.00 1.00
0.50 1.90 1.00
0.50 0.60 1.00
0.50 0.30 0.10
0.50 0.60 1.00
0.50 0.30 0.10
0.50 0.60 1.00
1.20 0.30 1.00
0.50 0.30 1.00
0.90 0.60 1.30
0.90 0.30 1.00
0.50 1.20 0.10
0.50 0.00 1.00
0.90 1.90 0.10
0.50 0.00 0.10
0.90 0.60 0.10
0.50 1.50 1.00
0.90 -0.30 1.00
0.50 1.20 1.00
0.90 0.00 1.00
0.50 0.60 1.00
1.20 0.60 0.10
0.90 -1.00 1.00
0.90 1.50 0.10
0.90 0.00 0.10
1.20 1.20 0.10
2025 2 4 16 48 36 377
184.32 191.68 186.00 8.30 14.30 6.50 23.70 51.34 24.10 20.15 232.42 21.92 276.77 192.54 197.92 199.11
0.10 1.20 -0.40
0.10 -0.40 -0.40
-0.50 0.20 -0.10
-0.50 0.20 -0.40
0.10 0.20 -0.40
-0.80 0.20 -0.10
0.10 0.20 -0.10
-1.10 0.20 -0.10
0.10 0.50 -0.10
-0.80 0.20 -0.40
-0.50 0.50 -0.10
-0.50 0.20 -0.40
-0.50 0.20 -0.10
-0.50 0.20 -0.10
-0.50 0.50 -0.10
-0.50 0.20 -0.10
-0.50 0.20 -0.40
-0.50 0.20 -0.10
0.10 -0.10 -0.40
-0.50 -0.10 -0.10
-0.50 0.20 -0.40
-0.80 0.20 -0.40
0.10 0.20 -0.40
-0.50 0.50 -0.10
-0.80 -0.10 -0.10
-0.50 0.20 -0.40
-0.50 0.20 -0.40
-0.50 -0.10 -0.40
-0.50 0.50 -0.40
-0.80 -0.40 -0.70
-0.50 0.50 -0.10
-0.80 1.50 -0.10
0.10 0.20 -0.40
-0.50 1.20 -0.10
-0.50 1.50 -0.10
-0.50 0.50 -0.40
0.10 1.20 -0.40
0.10 0.20 -0.40
0.10 0.50 -0.40
-0.50 0.20 -0.40
0.10 0.50 -0.40
-0.50 0.50 -0.10
0.10 1.20 -0.40
-0.50 0.50 -0.40
-0.50 0.20 -0.40
-0.50 0.50 -0.10
0.70 0.50 0.90
0.40 0.50 2.10
2.90 1.50 2.40
3.60 1.50 4.30
6.10 4.00 5.20
6.70 4.60 6.20
6.70 8.40 6.50
7.70 10.30 6.20
7.70 10.30 6.50
7.70 12.50 6.50
8.30 11.80 6.20
7.30 12.80 6.20
7.70 13.40 6.20
7.30 13.10 5.60
7.30 14.30 5.60
7.30 11.80 5.60
6.70 12.80 4.90
6.10 12.50 5.20
6.40 12.50 4.90
6.40 12.50 5.20
6.40 11.20 4.90
6.40 11.50 4.90
6.10 11.50 4.30
6.10 10.60 4.00
6.10 10.60 4.00
5.80 10.00 4.30
5.10 10.30 4.00
4.80 9.00 4.00
5.10 9.60 4.00
4.80 9.00 4.00
4.80 9.00 3.70
3.90 7.80 3.70
4.80 8.70 3.40
4.50 7.80 4.00
4.50 7.80 2.70
4.50 7.80 3.40
4.50 7.10 2.40
3.60 7.10 3.40
3.90 7.10 2.70
3.60 6.80 2.70
3.90 6.20 2.40
3.30 6.20 2.70
3.30 5.90 2.40
2.90 5.60 2.40
3.30 6.80 3.40
2.90 5.60 3.40
3.60 5.30 3.70
2.90 5.60 2.70
2.90 5.30 3.40
2.30 5.30 3.40
2.90 4.60 3.40
2.30 4.30 3.40
2.30 4.60 2.70
2.30 4.00 3.40
2.00 4.60 2.10
2.30 3.40 2.40
2.30 4.30 2.70
2.00 3.40 2.70
2.00 4.30 2.10
2.00 3.40 2.40
1.70 3.40 2.10
1.70 4.00 2.10
2.00 3.10 2.10
2.00 3.10 2.10
1.70 4.00 2.10
1.70 1.80 2.10
1.70 4.30 2.10
1.70 2.40 1.50
0.70 2.70 2.10
0.70 3.10 1.50
0.70 2.40 2.10
0.70 2.70 2.10
0.70 1.80 1.50
0.40 2.40 2.10
0.70 2.70 2.10
1.70 2.70 1.50
0.70 2.40 1.50
0.40 1.80 2.10
1.70 2.70 1.20
0.10 1.50 1.50
0.70 1.80 1.20
0.70 1.80 1.50
0.70 1.50 1.20
0.40 1.80 1.50
0.40 1.50 1.20
0.40 1.50 1.50
0.70 2.70 0.90
0.40 1.50 1.50
0.40 1.80 1.20
0.10 1.80 1.20
0.40 1.20 -0.10
0.40 1.80 0.90
0.70 1.50 0.90
0.10 1.20 0.90
0.40 1.80 0.90
0.10 1.20 1.20
0.40 1.80 0.90
0.10 1.50 1.20
0.40 1.50 1.20
0.40 1.50 1.20
0.70 1.50 0.90
0.10 1.50 -0.10
0.70 1.50 -0.10
0.40 1.50 1.20
1.70 1.20 0.90
0.10 1.50 1.20
0.70 1.20 0.90
0.10 0.50 1.20
0.70 1.80 0.90
0.40 1.20 0.90
0.40 1.20 1.20
0.40 1.80 0.90
0.10 1.20 -0.40
0.10 1.80 -0.10
0.40 1.80 0.90
0.10 0.20 -0.10
0.10 2.40 -0.10
0.10 1.20 0.90
0.10 1.50 -0.10
-0.50 1.50 0.90
0.40 1.20 -0.10
0.10 2.40 0.90
0.10 1.20 -0.40
0.40 1.80 -0.10
0.40 1.50 -0.10
0.10 1.50 0.90
0.40 1.80 -0.10
0.10 0.50 -0.10
0.40 1.80 -0.10
-0.50 1.50 -0.10
0.10 1.50 -0.40
0.10 1.50 -0.10
-0.50 1.20 -0.40
0.10 1.50 -0.10
0.40 1.80 0.90
-0.50 1.20 0.90
0.40 2.40 -0.10
0.10 0.50 -0.10
0.10 2.40 -0.10
0.10 1.20 0.90
-0.50 1.50 -0.10
0.10 1.50 0.90
0.10 1.50 1.20
-0.50 1.80 -0.10
0.10 0.50 0.90
0.10 1.50 -0.10
0.10 1.50 -0.10
-0.50 1.20 -0.10
0.10 2.40 -0.10
0.10 0.20 0.90
0.10 1.80 0.90
-0.50 1.20 0.90
0.10 1.20 -0.10
0.10 1.50 0.90
2025 2 4 16 50 48 355
199.19 197.37 202.46 39.10 71.60 8.50 138.42 258.81 27.99 11.24 345.00 37.29 338.03 197.02 192.82 208.00
0.20 -0.20 0.90
-0.70 0.40 0.00
0.20 -0.50 0.00
0.50 0.40 0.00
-0.40 -0.20 0.00
-0.70 0.40 0.00
0.20 0.10 0.00
0.20 -0.20 -0.30
-0.40 0.10 0.00
0.20 0.40 -0.30
-0.40 0.10 -0.30
0.20 -0.20 0.00
0.20 0.40 -0.30
0.20 0.40 0.90
0.20 0.10 0.00
0.50 1.10 0.00
-0.40 -0.50 -0.30
0.20 0.40 -0.30
0.20 0.40 0.00
-0.40 -0.50 -0.30
-0.40 1.10 -0.30
-0.40 0.10 -0.30
0.20 0.10 -0.30
0.20 1.40 0.00
-0.70 -0.20 -0.30
-0.40 0.40 -0.30
0.20 -0.20 0.00
0.20 0.40 -0.30
0.20 -0.20 0.90
0.20 0.10 0.00
-0.40 0.10 0.00
0.50 0.40 -0.30
0.20 -0.20 -0.30
0.20 0.40 -0.30
-0.40 0.10 0.00
0.50 -0.20 -0.30
0.20 -0.50 -0.30
0.20 1.10 -0.30
0.50 0.10 0.00
0.50 -0.20 -0.30
-0.40 0.40 -0.30
0.20 0.10 0.00
0.20 0.40 0.00
0.20 0.10 -0.30
-0.40 -0.50 0.00
0.20 1.10 -0.30
-0.40 -0.50 0.00
0.20 0.40 -0.30
0.20 0.40 0.90
0.20 1.10 -0.30
1.80 5.80 0.90
6.50 14.60 2.20
12.40 27.70 5.00
19.00 39.00 6.30
25.30 50.00 7.80
30.60 59.70 7.20
33.80 66.00 8.10
36.30 71.60 8.10
37.80 71.60 8.10
39.10 71.60 8.50
38.20 71.60 8.10
39.10 71.60 7.80
38.50 71.60 8.10
37.80 70.70 7.20
36.90 70.40 7.80
36.30 69.80 7.20
35.30 66.90 7.20
34.70 66.30 6.90
33.80 64.40 6.60
32.50 64.10 6.60
31.90 61.90 6.60
31.30 59.70 6.30
29.70 58.50 6.30
29.40 56.90 5.60
29.10 54.70 5.30
29.10 52.80 5.30
28.10 51.60 5.60
27.80 50.30 5.00
27.50 49.70 5.60
26.90 47.80 5.30
25.90 47.20 5.00
25.30 45.60 5.00
23.70 43.40 4.40
23.70 43.10 4.40
23.10 41.20 4.10
21.80 40.60 4.40
20.90 38.40 4.10
20.30 38.40 4.10
19.60 37.10 4.10
19.30 34.60 4.10
19.00 34.60 3.80
18.40 33.10 3.40
18.10 33.10 3.40
17.80 31.80 3.40
17.40 30.60 3.80
16.80 30.20 2.80
15.90 28.70 3.80
15.90 28.70 2.50
14.90 26.80 2.80
14.90 27.10 3.40
14.00 25.20 2.80
14.00 24.30 2.50
13.70 24.30 2.50
13.40 22.40 2.50
12.40 23.00 2.50
12.40 21.80 2.50
11.20 20.50 2.50
11.20 21.50 2.20
10.90 19.90 2.50
10.50 19.60 2.20
10.20 18.90 2.20
10.20 18.30 1.60
9.30 18.30 2.20
9.30 17.40 2.20
9.30 16.10 2.20
9.00 17.10 1.60
8.30 16.10 2.20
9.00 15.50 1.20
8.00 15.20 1.60
7.70 14.20 1.60
7.40 13.90 1.60
7.40 13.90 1.60
6.80 12.70 1.60
7.40 13.00 1.60
6.50 12.70 1.20
6.50 11.70 1.60
6.50 11.70 1.60
6.20 11.70 0.90
5.80 10.20 1.20
5.20 11.10 1.20
5.80 9.80 0.90
5.20 9.80 1.20
4.60 9.80 1.20
5.20 9.50 0.90
4.90 9.50 0.90
5.20 8.90 0.90
4.60 7.60 0.90
4.00 8.30 0.90
4.60 7.60 0.90
4.60 8.30 0.90
4.60 7.60 0.00
4.00 7.60 0.00
4.00 6.10 0.90
3.60 7.00 0.90
3.30 6.10 0.00
3.30 5.80 0.90
3.30 6.70 1.20
3.30 5.80 0.90
3.00 5.50 0.90
3.00 6.10 0.90
3.30 5.50 0.90
3.00 4.50 0.90
2.40 5.50 0.90
2.40 4.50 0.90
2.40 5.10 0.90
2.40 5.10 -0.30
2.40 3.90 0.00
2.40 5.10 0.00
2.10 3.30 0.90
2.40 3.30 0.00
2.40 3.90 1.20
2.40 3.30 0.00
1.80 3.90 -0.30
2.10 3.90 0.90
2.10 2.90 -0.30
2.10 3.90 0.00
2.10 3.30 0.00
1.80 3.30 0.00
2.10 2.60 0.00
2.10 3.30 -0.30
1.80 2.30 0.90
1.80 3.30 0.00
0.80 2.30 0.00
0.80 2.60 0.00
2.10 2.60 0.90
2.10 1.40 0.00
0.80 2.60 -0.30
1.80 2.60 0.00
0.80 1.40 0.90
2.10 2.90 -0.30
0.50 1.10 0.90
0.80 2.90 0.90
0.80 1.40 0.90
1.80 1.40 0.00
0.50 2.30 0.00
0.80 1.40 -0.30
0.50 1.70 0.00
0.50 1.70 0.90
0.80 1.70 0.90
1.80 2.30 0.00
0.50 1.10 -0.30
1.80 2.30 0.00
0.50 1.40 0.00
0.50 2.30 -0.30
0.50 1.10 0.00
0.50 1.40 0.00
0.20 1.40 0.00
0.80 1.40 -0.30
0.50 1.10 0.00
0.50 1.10 0.00
2025 2 4 17 3 0 139
208.34 207.28 193.14 8.60 14.00 9.50 32.84 50.35 35.51 47.47 135.23 54.58 131.05 214.66 212.22 197.76
0.40 0.50 -0.50
-0.20 -0.10 -0.20
0.80 0.50 -0.20
-0.20 0.20 -0.20
0.40 -0.10 -0.20
0.40 0.50 -0.50
0.40 -0.10 -0.20
-0.20 0.20 0.80
0.40 1.10 -0.20
-0.20 -0.10 0.80
0.40 1.10 -0.50
-0.20 0.20 -0.20
0.40 0.20 -0.50
-0.20 0.50 -0.20
0.40 -0.40 -0.20
-0.20 0.50 -0.20
0.40 0.50 -0.20
-0.50 -0.10 -0.50
-0.50 0.50 -0.20
0.40 -0.40 -0.20
-0.20 0.50 -0.20
-0.20 -0.10 -0.50
-0.20 0.50 -0.50
-0.50 0.50 -0.20
-0.20 -0.10 -0.50
0.40 0.50 -0.20
0.40 -0.10 -0.50
0.40 -0.10 -0.20
0.40 1.10 -0.20
0.80 -1.10 -0.20
-0.20 1.10 -0.50
-0.50 -0.10 -0.20
-0.20 0.20 -0.20
-0.20 0.20 -0.50
0.40 -1.10 -0.50
0.40 0.50 -0.20
0.40 0.20 -0.20
-0.50 -0.10 -0.20
0.40 0.50 -0.50
-0.20 0.20 -0.50
-0.20 0.50 -0.50
0.40 -0.10 -0.20
0.40 0.20 -0.50
0.40 -0.10 -0.50
0.40 0.50 -0.50
-0.20 0.20 -0.50
0.40 -0.10 -0.80
0.40 0.50 -0.50
-0.20 0.20 1.10
-0.20 0.20 3.90
0.80 0.50 6.40
-0.20 -0.40 7.70
0.40 1.10 8.30
0.80 2.40 9.20
2.60 3.30 9.20
4.80 5.80 9.50
7.00 6.80 9.50
6.70 8.30 9.50
8.00 10.20 9.20
8.00 10.50 9.20
8.60 12.40 8.60
8.60 11.50 8.60
8.30 11.80 8.30
8.30 13.40 8.60
8.60 13.10 8.00
8.60 14.00 8.30
8.60 13.40 7.00
8.30 14.00 7.70
8.00 14.00 7.00
8.00 12.70 7.00
7.70 13.40 6.70
7.70 11.80 6.40
8.00 12.70 6.40
7.00 11.50 6.70
7.70 11.20 6.70
6.70 11.80 6.40
6.70 10.20 5.50
6.70 10.50 6.10
6.70 11.20 6.10
6.10 9.90 6.10
6.40 10.20 6.10
6.10 8.70 6.10
6.10 9.90 6.10
6.10 9.60 6.10
5.50 7.70 5.50
5.20 8.70 5.20
5.20 7.70 4.80
4.80 8.70 5.50
4.80 7.70 4.80
4.80 6.80 4.80
4.80 7.70 4.20
4.20 5.80 4.20
4.80 7.70 4.20
4.20 5.80 4.80
4.80 6.20 3.90
3.90 6.20 3.90
4.20 5.50 3.90
3.90 5.80 3.90
3.90 5.20 3.60
3.60 5.20 3.90
3.90 5.80 3.60
3.60 4.00 3.60
3.60 5.50 3.30
3.30 4.60 3.30
3.30 4.00 2.60
3.60 4.60 3.30
2.60 3.30 3.30
2.30 5.20 2.60
2.60 4.00 2.30
2.60 4.00 2.30
2.60 4.00 2.60
2.60 3.00 2.60
2.60 4.30 2.60
2.30 3.00 2.60
2.60 4.00 2.30
2.60 3.00 2.30
2.60 3.00 2.30
2.30 3.00 2.30
2.30 2.70 2.00
2.30 3.00 2.00
2.30 2.70 1.40
2.00 2.70 2.30
2.30 3.00 2.00
1.10 1.80 2.00
2.00 2.70 1.40
1.10 2.70 2.00
2.00 3.00 1.40
1.10 2.40 2.00
2.00 2.70 2.00
1.10 1.40 1.40
1.10 2.40 1.40
2.00 2.40 1.40
2.00 2.70 1.40
0.80 1.80 1.40
1.10 2.40 1.10
0.80 2.40 1.40
1.10 1.40 1.40
0.80 2.40 1.40
1.10 1.80 1.10
0.80 1.40 1.40
0.40 2.40 1.10
0.80 0.20 1.10
2.00 2.70 1.10
0.40 1.40 1.10
1.10 1.40 1.10
0.80 1.80 0.80
0.40 0.20 1.10
0.80 2.40 1.40
0.80 0.50 0.80
0.40 1.10 0.80
0.80 2.70 0.80
0.80 0.50 1.10
0.80 2.40 0.80
0.80 1.10 1.10
0.80 2.40 0.80
0.40 1.40 0.80
0.80 1.40 0.80
0.40 1.40 0.80
0.80 0.20 0.80
0.80 1.80 1.10
0.40 1.10 1.10
0.40 0.50 1.10
0.40 2.40 1.10
0.40 -0.40 1.10
0.80 2.40 0.80
0.40 0.20 1.10
0.80 1.10 1.10
-0.20 2.40 1.10
0.80 -0.10 0.80
-0.20 1.40 0.80
0.40 0.50 0.80
0.40 0.20 0.80
0.40 1.80 0.80
0.40 -0.40 1.10
0.40 1.10 0.80
-0.20 0.50 1.10
0.40 0.50 0.80
0.40 0.50 -0.20
0.80 0.50 1.10
0.40 1.10 0.80
0.40 0.20 0.80
0.40 0.50 0.80
0.40 0.20 -0.20
0.40 -0.10 0.80
0.40 1.40 -0.50
0.40 -0.10 -0.50
0.40 1.10 0.80
0.80 0.50 1.10
0.40 0.20 -0.50
0.40 1.10 -0.20
0.40 0.50 0.80
0.40 0.20 -0.20
0.40 1.10 -0.50
0.40 -0.10 0.80
0.40 0.50 -0.20
0.40 0.20 0.80
0.40 0.50 -0.20
-0.20 0.20 -0.50
0.40 0.50 0.80
-0.20 0.20 0.80
2025 2 4 17 18 53 357
203.72 200.04 192.03 14.80 22.90 8.60 51.96 78.71 30.98 34.58 121.51 34.12 103.70 207.60 200.64 197.05
-0.60 0.00 0.10
0.30 -0.70 0.10
0.60 0.00 0.10
-0.30 0.00 -0.20
-0.30 0.00 -0.20
-0.30 0.00 0.10
-0.30 -0.70 -0.20
-0.30 -0.30 -0.20
-0.30 0.00 0.10
-0.30 -0.70 0.10
0.30 0.30 -0.20
0.30 -0.70 0.10
0.30 0.00 -0.20
-0.30 0.30 0.10
0.30 0.00 -0.20
-0.30 -0.70 -0.20
-0.30 0.00 -0.20
-0.30 0.00 0.10
-0.30 -0.30 -0.20
0.30 0.30 -0.20
-0.30 -0.30 -0.20
-0.30 0.00 0.10
0.30 0.30 -0.20
-0.60 -0.70 -0.20
-0.30 0.30 0.10
0.30 -0.70 0.10
0.30 0.00 -0.20
0.30 -0.30 -0.20
-0.30 -0.30 0.10
-0.30 0.00 0.10
-0.30 -0.30 -0.20
0.30 0.00 -0.20
0.30 -0.70 -0.20
-0.30 0.00 0.10
0.30 -0.30 0.10
0.30 -0.70 1.00
0.30 0.90 0.10
-0.60 -1.30 1.30
0.30 0.90 1.00
-0.30 0.00 1.00
0.30 -1.30 1.30
-0.30 1.20 1.30
-0.30 -1.30 1.00
-0.30 0.90 1.30
0.30 0.00 1.00
-0.30 -0.70 1.00
0.30 0.90 1.00
-0.60 -1.30 1.30
0.30 1.20 1.70
-0.30 -0.70 4.50
0.30 1.20 6.40
0.30 2.80 7.30
2.50 5.60 7.90
3.80 11.60 8.20
7.50 12.20 8.20
9.40 17.20 8.60
10.40 19.40 8.20
11.00 19.70 7.90
12.20 22.20 8.20
13.20 20.40 8.20
14.10 22.90 7.30
13.50 21.60 7.00
14.10 21.30 7.30
14.10 22.60 7.00
14.80 21.30 6.70
13.80 22.20 7.00
13.80 21.30 6.70
13.50 20.10 6.70
13.50 20.10 6.40
13.50 19.40 6.70
13.20 19.40 6.40
12.20 18.20 6.40
12.20 17.50 5.70
11.30 17.50 5.40
11.30 16.00 5.40
11.00 16.90 5.70
10.70 15.30 5.10
10.70 15.00 5.40
10.70 15.70 5.10
9.70 14.10 5.10
10.40 14.10 4.20
9.40 13.80 5.10
9.10 12.80 4.50
9.10 12.80 4.20
8.20 12.50 4.20
8.20 11.60 4.20
7.90 12.20 3.90
7.50 11.00 3.90
7.90 11.30 4.20
7.50 11.00 4.20
7.50 10.30 3.90
6.90 10.30 3.50
6.90 9.70 2.90
6.60 9.40 3.50
6.60 9.70 2.90
6.30 8.40 3.50
6.30 9.40 3.50
6.00 8.10 2.90
6.00 8.40 2.90
5.30 7.50 3.50
6.00 8.10 2.60
5.30 7.50 2.60
5.00 5.90 2.60
5.00 7.50 2.30
5.00 5.90 2.30
4.10 5.90 2.60
4.70 6.90 2.30
4.70 5.00 2.30
5.00 6.60 2.30
3.80 5.00 2.30
3.80 5.30 2.30
3.80 5.30 1.70
3.80 4.40 2.30
4.10 5.90 2.30
4.10 3.70 2.30
3.50 5.00 1.70
3.50 5.00 2.30
3.50 4.10 2.30
3.80 5.60 1.70
3.10 3.10 1.70
3.10 5.60 1.70
2.50 4.10 1.70
3.10 3.70 1.30
2.50 5.00 1.70
2.50 2.80 1.70
2.50 5.30 1.30
2.50 3.10 1.30
2.50 3.70 1.70
2.50 4.40 1.30
2.20 2.80 1.30
2.50 5.30 1.00
2.20 2.80 1.30
2.50 3.70 1.00
2.20 3.10 1.30
2.50 2.80 1.00
2.20 3.70 1.30
2.20 2.20 1.00
2.20 3.70 1.00
2.20 2.50 0.10
1.90 2.20 1.30
1.90 2.80 0.10
1.90 1.50 1.00
1.90 3.70 1.00
1.90 1.20 1.00
1.90 2.20 1.00
1.00 2.50 1.00
1.00 2.20 1.30
1.00 2.80 0.10
1.90 1.50 0.10
1.00 1.50 1.30
1.00 2.20 1.00
1.90 1.20 1.00
1.90 2.20 0.10
1.00 1.50 1.00
1.90 1.50 0.10
1.00 1.50 0.10
1.00 2.20 0.10
0.60 1.50 -0.20
1.90 1.20 0.10
0.60 1.50 0.10
1.00 1.20 0.10
1.00 2.20 1.00
0.60 2.20 0.10
0.60 1.20 1.00
1.00 1.50 0.10
0.60 1.50 1.00
0.60 1.20 0.10
0.60 1.20 -0.20
0.30 2.20 1.00
0.30 0.90 1.00
0.60 2.50 0.10
0.60 1.20 1.00
0.60 0.90 0.10
0.30 2.20 1.00
0.60 0.30 -0.20
0.30 1.50 0.10
0.60 1.20 0.10
0.30 0.90 0.10
0.30 1.50 0.10
0.30 0.00 0.10
0.30 1.50 -0.20
0.30 1.20 1.00
0.60 1.20 -0.20
0.30 0.90 -0.20
0.60 0.30 0.10
0.30 1.50 -0.20
0.30 -0.30 -0.20
0.30 1.20 0.10
0.60 0.30 -0.20
0.30 0.90 -0.20
0.60 2.20 0.10
0.30 -0.30 1.00
0.30 1.50 -0.20
0.30 0.90 -0.20
0.60 0.30 0.10
0.30 1.50 -0.20
0.30 -0.30 -0.20
0.30 1.20 0.10
0.30 0.90 1.00
-0.30 -0.30 0.10
2025 2 4 17 24 36 832
203.39 195.17 197.63 42.40 10.00 17.30 145.91 29.52 63.88 26.03 78.01 19.74 206.93 200.24 206.93 198.79
-0.60 0.20 1.00
0.30 0.50 0.10
-0.60 0.20 -0.30
0.30 0.20 -0.30
-0.30 1.20 -0.30
-0.30 0.50 -0.30
-0.30 0.50 -0.30
0.30 1.20 -0.30
-0.60 -0.10 -0.30
-0.30 0.50 -0.60
0.30 0.20 -0.30
0.30 0.20 0.10
-0.30 0.50 0.10
-0.30 -0.10 -0.30
-0.30 -0.10 0.10
0.30 -0.10 -0.30
-0.30 -0.10 0.10
-0.30 0.20 -0.30
-0.60 -0.40 0.10
-0.30 0.50 -0.30
0.30 -0.10 0.10
0.30 -0.40 0.10
-0.30 -0.10 -0.30
-0.30 0.20 1.00
-0.30 0.20 0.10
0.30 -0.10 0.10
-0.30 -0.10 0.10
-0.30 0.20 -0.30
-0.30 -0.10 1.00
0.30 0.50 0.10
-0.30 0.20 -0.30
0.30 0.20 -0.30
-0.30 0.50 -0.30
0.30 0.20 -0.30
0.30 0.50 -0.30
-0.30 0.50 0.10
-0.30 -0.10 0.10
0.30 0.20 -0.30
-0.30 -0.10 -0.30
-0.30 -0.40 -0.30
0.30 -0.10 -0.30
-0.30 -0.40 -0.30
-0.30 -0.10 -0.30
-0.30 0.20 -0.30
0.30 -0.40 0.10
-0.30 -0.40 0.10
0.30 -1.00 0.10
-0.30 0.20 0.10
-0.60 -1.00 -0.30
-0.30 1.20 1.30
-0.30 1.50 6.60
3.50 2.70 9.50
6.60 4.60 13.50
13.50 4.00 14.20
22.30 6.80 15.70
29.50 7.10 16.70
33.90 7.10 17.00
37.00 10.00 17.00
39.90 8.40 17.30
41.40 10.00 17.00
42.10 8.70 16.40
42.40 9.00 16.40
42.10 9.00 15.70
41.10 8.70 15.10
40.80 9.00 15.10
39.90 7.10 14.50
39.50 7.80 14.50
38.30 7.10 14.20
37.00 6.80 13.90
36.40 7.80 12.60
35.50 5.60 12.90
34.80 7.10 12.60
33.90 5.60 12.30
32.30 5.90 11.70
31.40 6.20 11.70
30.40 5.30 11.00
29.50 5.90 11.00
29.20 5.30 10.70
28.60 5.30 10.70
27.90 5.60 9.50
27.60 4.60 10.10
26.40 5.60 8.80
25.40 4.60 9.50
25.10 5.30 8.50
23.90 4.60 8.80
23.50 4.30 8.20
22.30 5.30 8.20
22.00 4.00 7.90
21.40 4.60 7.90
20.70 3.40 7.00
19.80 3.10 8.20
19.80 4.00 7.90
19.20 2.70 8.20
18.50 3.40 7.30
17.90 3.40 7.90
17.60 3.10 6.60
16.60 3.10 6.60
16.30 3.40 6.60
16.00 2.70 6.60
15.40 3.40 6.30
14.80 2.70 6.30
14.80 2.70 6.30
13.80 3.40 6.30
13.50 2.40 5.70
12.60 3.10 5.70
13.20 3.10 5.10
12.60 2.40 5.40
12.30 3.40 5.40
11.00 1.80 5.10
11.00 2.70 4.50
10.70 2.70 4.10
10.40 2.40 4.50
10.40 2.40 4.50
9.70 1.80 4.10
9.40 1.80 4.10
9.40 2.40 4.10
8.50 1.80 3.80
8.50 1.80 3.80
8.50 1.20 3.50
7.90 1.80 3.80
7.90 1.20 4.10
7.50 1.80 3.80
7.90 0.50 3.80
7.50 1.50 3.50
6.90 1.50 3.50
6.90 0.50 3.50
6.60 1.50 3.50
6.90 1.20 3.50
6.30 0.50 3.50
6.60 1.80 2.90
6.30 0.50 2.90
6.30 1.80 2.60
6.00 1.20 3.50
6.00 1.20 2.60
5.40 1.50 2.90
5.40 1.20 2.30
5.00 1.80 2.60
5.00 0.50 2.30
5.00 1.20 2.60
4.70 1.50 2.60
4.10 -0.10 2.60
4.70 1.50 2.30
4.10 -0.10 2.30
3.80 0.50 2.30
3.80 0.50 2.30
4.10 -0.40 2.30
3.80 0.50 2.60
3.80 0.20 1.60
3.50 0.20 2.30
3.50 0.20 2.30
3.20 -0.10 2.30
3.20 1.20 1.60
3.50 -0.40 1.60
3.20 1.20 1.60
2.50 -0.10 1.30
3.20 1.20 1.30
2.50 0.20 1.60
3.20 -0.40 1.30
2.50 1.20 1.60
2.50 0.20 1.30
2.50 0.50 2.30
2.50 0.50 1.30
2.50 0.50 1.30
2.50 1.50 1.30
2.50 -0.10 1.30
2.50 1.20 1.00
2.20 -0.10 1.30
2.20 0.20 1.30
2.20 0.20 1.30
2.20 -0.40 1.30
1.90 0.50 1.60
2.20 -0.40 1.00
1.00 -0.10 1.30
1.90 0.20 1.30
1.90 -0.40 1.30
1.90 0.20 1.00
1.00 -0.40 1.30
1.90 0.20 1.00
1.00 -0.10 1.00
2.20 -0.10 1.00
1.00 -0.10 1.00
1.00 0.20 0.10
1.00 0.50 1.00
1.00 -0.40 0.10
1.00 0.50 0.10
0.60 -0.40 1.00
0.60 0.20 1.00
1.00 0.20 0.10
1.00 -0.40 1.00
1.00 1.20 0.10
0.60 -1.00 1.30
0.60 0.50 1.00
0.60 -0.10 1.30
0.60 -1.00 1.30
1.00 0.50 1.00
0.30 -0.10 1.00
0.60 0.20 1.00
0.60 0.50 0.10
0.60 -0.10 1.00
0.60 -0.10 1.00
2025 2 4 17 27 27 125
196.21 197.96 197.44 72.60 71.60 72.90 775.09 597.75 656.67 5.35 258.19 4.46 299.27 194.90 195.46 196.49
-0.20 -1.20 -0.20
0.40 0.10 -0.20
0.40 0.40 0.10
0.40 -0.20 -0.20
-0.20 0.10 -0.20
0.40 0.10 -0.20
-0.20 -0.60 -0.20
0.40 -0.20 -0.20
0.40 0.10 -0.20
0.40 0.10 0.10
0.40 0.40 -0.20
0.40 0.10 -0.20
-0.20 -0.60 0.10
0.40 0.40 -0.20
0.40 -0.20 -0.20
-0.20 0.10 -0.20
0.40 -0.60 -0.20
0.40 -0.20 -0.20
-0.20 0.40 -0.20
0.40 -0.60 -0.20
0.40 0.10 -0.20
0.40 0.10 -0.20
0.40 -0.20 0.10
0.40 0.40 -0.20
0.40 -0.60 -0.20
0.40 0.10 0.10
-0.20 0.10 0.10
0.40 0.40 -0.20
0.40 0.40 0.10
0.40 0.10 -0.50
-0.20 0.10 -0.20
0.40 0.10 -0.20
-0.20 -0.20 -0.20
0.40 0.10 -0.20
-0.20 -0.20 -0.20
0.40 0.40 -0.20
0.40 0.10 0.10
-0.20 -0.20 -0.20
-0.20 -0.20 0.10
0.40 0.40 0.10
-0.20 -0.20 1.10
0.40 0.10 0.10
-0.20 0.10 0.10
0.40 -0.60 0.10
0.40 1.00 0.10
0.70 -0.60 0.10
0.40 0.40 0.10
0.40 0.10 -0.20
0.40 -0.20 0.10
0.40 0.10 0.10
0.70 0.10 40.30
29.60 10.10 72.90
72.60 47.10 72.90
72.60 71.60 72.90
72.60 71.60 72.90
72.60 71.60 72.90
72.60 71.60 72.90
72.60 71.60 72.90
72.60 71.60 72.90
72.60 71.60 72.90
72.60 71.60 72.90
72.60 71.60 72.90
72.60 71.60 72.90
72.60 71.60 72.90
72.60 71.60 72.90
72.60 71.60 72.90
72.60 71.60 72.90
72.60 71.60 72.90
72.60 71.60 72.90
72.60 71.60 72.90
72.60 71.60 72.90
72.60 71.60 72.90
72.60 71.60 72.90
72.60 71.60 72.90
72.60 71.60 72.90
72.60 71.60 72.90
72.60 71.60 72.90
72.60 71.60 72.90
72.60 71.60 72.90
72.60 71.60 72.90
72.60 71.60 72.90
72.60 71.60 72.90
72.60 71.60 72.90
72.60 71.60 72.90
72.60 71.60 72.90
72.60 71.60 72.90
72.60 71.60 72.90
72.60 71.60 72.90
72.60 71.60 72.90
72.60 71.60 72.90
72.60 71.60 72.90
72.60 71.60 72.90
72.60 71.60 72.90
72.60 71.60 72.90
72.60 71.60 72.90
72.60 71.60 72.90
72.60 71.60 72.90
72.60 71.60 72.90
72.60 71.60 72.90
72.60 71.60 72.90
72.60 71.60 72.90
72.60 71.60 72.90
72.60 71.60 72.90
72.60 71.60 72.90
72.60 71.60 72.90
72.60 71.60 72.90
72.60 71.60 72.90
72.60 71.60 72.90
72.60 71.60 72.90
72.60 71.60 72.90
72.60 71.60 72.90
72.60 71.60 72.90
72.60 71.60 72.90
72.60 71.60 72.90
72.60 71.60 72.90
72.60 71.60 72.90
72.60 71.60 72.90
72.60 71.60 72.90
72.60 71.60 72.90
72.60 71.60 72.90
72.60 71.60 72.90
72.60 71.60 72.90
72.60 71.60 72.90
72.60 71.60 72.90
72.60 71.60 72.90
72.60 71.60 72.90
72.60 70.70 72.90
72.60 67.80 72.90
72.60 67.20 72.90
72.60 64.10 72.90
72.60 62.80 72.90
72.60 61.20 72.90
72.60 57.80 72.90
72.60 57.80 72.90
72.60 55.30 71.40
72.60 53.40 68.80
72.60 52.80 67.30
72.60 50.60 65.40
72.60 50.00 62.90
72.60 47.80 61.00
72.60 47.40 59.10
72.60 44.30 57.20
72.60 44.30 56.00
72.60 42.40 53.80
72.60 40.50 52.50
72.60 41.20 50.30
72.60 38.30 49.70
72.60 38.70 48.50
72.60 36.80 47.20
72.60 35.50 45.90
72.60 35.80 44.40
72.60 33.00 42.80
72.60 33.00 41.50
72.60 31.80 40.30
72.60 30.20 39.70
72.60 30.20 38.10
72.60 28.30 37.20
72.60 28.60 35.60
72.60 27.10 35.30
72.30 27.10 34.30
70.10 25.50 33.10
68.80 24.20 31.50
66.60 24.50 31.20
65.10 23.00 29.60
63.50 23.00 28.70
61.30 22.30 28.10
59.40 21.40 27.40
58.20 22.30 27.10
56.90 19.80 27.10
55.60 20.50 26.50
54.10 18.90 25.20
52.80 18.60 25.20
52.20 18.60 24.30
50.00 17.60 23.70
48.70 17.30 23.00
48.70 17.30 21.50
47.20 17.00 21.20
46.60 16.10 20.80
45.30 15.80 20.80
43.70 15.80 19.00
42.50 15.10 19.00
41.50 15.10 18.30
40.60 14.50 18.30
40.00 14.20 17.40
38.70 14.20 17.10
38.40 13.20 16.80
37.80 13.20 15.50
36.50 12.90 15.20
35.60 12.60 15.50
35.30 12.90 15.20
34.00 12.30 14.60
33.70 11.70 13.90
32.10 12.30 14.30
31.50 12.30 13.90
30.90 11.70 13.00
29.60 12.30 12.70
28.70 11.10 13.00
28.40 11.10 12.40
28.00 11.40 12.40
27.10 9.80 11.10
2025 2 4 17 28 3 605
202.03 192.08 201.97 61.30 43.20 24.00 208.87 160.26 83.82 28.18 39.18 26.93 10.25 197.60 190.06 202.10
-0.20 -0.10 -0.20
0.40 -0.10 -0.20
-0.20 0.30 -0.20
-0.20 0.30 0.10
-0.20 0.30 0.10
-0.20 -0.40 -0.20
-0.20 0.60 -0.20
-0.20 0.30 0.10
-0.20 -1.00 0.10
-0.20 0.30 -0.20
-0.50 -0.40 0.10
-0.20 0.30 -0.20
-0.20 -0.40 -0.20
0.40 -0.40 -0.20
-0.20 0.30 -0.20
-0.20 0.30 -0.20
-0.20 0.30 0.10
-0.20 0.30 -0.20
0.40 -0.40 -0.20
-0.50 0.30 -0.20
-0.50 0.30 0.10
0.40 -0.10 -0.20
-0.20 -0.40 -0.20
-0.20 0.30 -0.20
-0.50 -0.40 0.10
0.40 0.30 -0.20
-0.20 -0.10 0.10
-0.20 -0.40 -0.20
-0.20 0.30 -0.20
-0.20 -0.10 0.10
0.40 0.30 -0.20
-0.50 0.30 0.10
-0.20 -0.40 0.10
-0.20 0.60 -0.20
-0.20 -0.40 -0.20
-0.20 0.60 0.10
-0.20 -0.40 0.10
-0.20 -0.10 -0.20
-0.20 0.30 -0.20
0.40 -0.10 -0.20
-0.20 -0.10 -0.20
-0.20 -0.10 -0.20
-0.20 0.30 0.10
-0.20 0.60 0.10
-0.50 -0.40 -0.20
-0.20 0.30 -0.20
-0.20 -0.10 -0.20
-0.20 0.30 0.10
0.40 0.30 -0.20
-0.20 4.00 0.10
-0.20 11.20 1.70
6.10 19.10 8.00
12.70 25.70 13.60
23.30 32.60 17.40
34.30 37.00 20.20
43.70 39.20 22.70
50.90 40.40 22.70
56.30 42.90 23.60
59.40 42.00 24.00
60.00 43.20 23.00
61.30 42.00 23.00
61.00 40.70 23.60
60.00 42.00 23.00
58.50 40.10 22.70
57.80 40.10 21.50
56.60 39.20 20.80
55.70 37.90 20.20
54.40 38.50 19.60
52.50 35.70 19.60
51.60 36.30 18.60
50.00 34.80 18.30
48.40 34.10 18.00
47.20 32.90 17.10
45.60 31.30 16.40
44.40 31.30 16.40
42.80 30.40 15.50
41.50 30.10 15.80
41.20 29.70 15.50
40.60 27.90 15.20
39.70 28.50 14.50
38.10 25.40 14.20
38.10 26.90 13.00
36.20 24.40 13.60
35.60 24.40 12.70
34.00 23.50 12.70
32.70 22.50 12.40
32.10 22.80 12.40
31.20 21.60 10.80
29.90 21.60 10.80
28.70 20.30 9.80
28.40 20.00 10.20
27.70 20.00 9.50
26.80 18.80 8.90
26.20 20.00 8.90
24.90 17.80 8.90
24.90 18.80 8.30
23.70 17.50 8.60
23.30 17.20 8.00
22.10 17.20 8.00
21.10 15.60 8.00
20.80 15.60 7.30
19.90 14.70 7.00
19.30 14.70 7.30
19.30 14.40 6.70
18.00 13.10 7.00
17.10 14.40 6.70
17.10 13.10 5.80
16.70 13.40 6.40
16.40 12.50 6.40
16.10 12.50 5.50
15.50 12.80 5.50
15.20 11.20 5.80
14.20 11.90 5.50
13.90 11.50 5.50
13.60 11.20 5.50
13.60 11.20 5.50
13.30 9.70 5.10
13.30 10.00 4.50
11.40 9.70 4.50
11.40 9.70 4.20
10.80 9.00 4.20
11.10 8.70 3.90
10.80 8.70 4.20
9.80 8.40 4.20
9.50 7.80 3.90
9.50 7.80 3.60
9.20 7.20 3.60
8.60 8.70 3.90
8.30 6.20 3.60
8.30 8.40 3.90
8.00 6.20 3.90
8.00 7.20 3.90
8.00 6.80 3.60
8.00 5.60 2.90
6.70 6.80 2.90
7.00 5.60 2.90
6.40 5.60 2.90
6.70 5.60 2.90
6.40 4.60 2.90
6.10 5.60 2.90
6.10 4.30 2.90
6.40 5.60 2.60
5.10 4.30 2.90
5.50 4.00 2.60
5.10 4.30 2.60
5.10 3.40 2.30
4.80 4.60 2.90
5.10 3.40 2.30
4.80 3.40 2.60
4.80 4.30 2.60
4.80 3.10 2.60
4.80 5.30 2.30
3.90 3.10 2.30
4.20 3.40 1.70
3.90 3.40 2.30
4.20 3.10 2.30
3.90 3.40 1.70
3.60 2.50 2.30
3.60 4.00 2.30
3.60 2.80 1.70
3.60 3.40 1.70
3.60 3.40 1.70
4.20 1.80 1.40
3.90 4.00 1.40
3.60 1.80 1.70
3.60 3.40 1.70
3.30 2.80 1.70
3.30 2.50 1.40
3.30 2.80 1.40
2.60 1.80 1.70
2.60 2.50 1.40
3.30 2.80 1.10
2.30 1.80 1.40
3.30 2.80 1.40
2.30 1.80 1.70
2.60 2.50 1.70
2.00 1.50 1.70
2.30 2.80 1.40
2.30 1.20 1.40
2.60 2.50 1.40
2.30 1.50 1.40
2.30 1.50 1.40
2.30 2.50 1.10
2.30 1.20 1.40
2.00 2.50 1.40
2.00 1.20 1.10
2.00 1.20 1.40
2.00 1.80 1.10
2.00 0.30 1.10
2.00 1.80 1.40
2.00 1.20 1.40
2.00 1.50 1.10
2.30 1.50 1.40
1.10 1.20 1.10
1.10 1.80 1.40
2.00 1.20 1.10
2.00 1.80 1.10
0.70 1.50 0.10
1.10 1.50 1.10
2.00 1.80 1.10
2025 2 4 17 31 15 486
196.01 195.13 201.80 11.00 17.40 72.60 39.26 60.58 293.30 17.09 327.21 8.81 55.39 200.48 197.22 199.57
-0.30 -0.20 -0.20
-0.30 0.50 -0.80
0.30 -0.20 -0.50
-0.30 -0.20 -0.50
-0.30 -0.20 -0.20
-0.30 -0.50 -0.50
-0.30 0.50 -0.50
-0.30 -1.10 -0.20
0.30 0.50 -0.50
-0.60 -0.20 -0.50
-0.30 -0.20 -0.20
-0.60 0.50 -0.50
-0.30 -1.10 -0.50
-0.30 0.50 -0.50
-0.30 0.20 -0.50
-0.30 -0.50 -0.50
0.30 1.10 -0.50
-0.30 -0.20 -0.20
-0.30 0.50 -0.50
-0.30 0.20 -0.20
0.30 -0.20 -0.50
-0.30 0.50 -0.20
-0.30 -0.20 -0.50
-0.60 0.20 -0.20
-0.30 -0.50 -0.50
-0.30 0.50 -0.20
-0.30 0.50 -0.50
0.30 -0.50 -0.50
-0.60 1.70 -0.50
-0.30 -0.50 -0.20
0.30 1.10 -0.50
-0.60 -0.20 -0.20
-0.30 -0.50 -0.20
-0.30 1.70 -0.20
-0.30 -0.50 0.80
0.30 0.50 0.80
0.30 0.50 -0.50
-0.30 -0.20 0.80
0.30 1.40 -0.20
0.30 -0.50 0.80
-0.30 1.10 -0.20
-0.30 -0.20 -0.20
0.30 0.50 -0.20
0.30 0.50 -0.20
-0.30 -0.20 -0.20
-0.30 0.50 -0.20
-0.30 0.20 -0.20
-0.30 0.50 -0.20
0.30 0.50 -0.20
0.30 0.20 0.80
1.00 2.30 5.50
3.80 5.20 25.50
6.00 7.70 41.50
6.90 9.90 57.20
8.50 11.80 68.50
10.40 13.30 72.60
10.40 15.50 72.60
10.40 15.50 72.60
10.70 15.50 72.60
10.40 17.10 72.60
11.00 15.80 72.60
10.70 17.40 72.60
10.70 16.20 72.60
10.40 15.50 72.60
10.40 16.20 72.60
9.80 15.20 72.60
9.80 15.50 72.60
9.80 14.30 72.60
9.40 14.30 71.70
8.50 14.00 70.10
9.10 13.30 67.90
8.50 13.30 66.30
9.10 12.40 64.10
8.50 13.30 62.60
7.90 11.80 60.70
8.20 12.70 59.40
8.20 12.40 58.80
7.90 11.10 58.80
8.20 12.40 57.20
6.90 9.90 56.30
6.90 11.40 54.10
6.90 10.50 52.50
6.60 9.90 51.00
6.90 10.50 49.40
6.60 8.90 48.50
6.60 9.90 46.90
6.30 8.90 45.60
6.00 8.30 44.40
6.30 9.60 42.50
5.40 7.70 41.50
5.40 8.90 40.00
5.00 6.70 39.40
5.00 7.70 38.10
4.70 7.70 36.80
4.70 5.80 35.60
4.70 7.70 35.30
4.10 5.80 34.00
4.10 6.10 32.80
4.10 5.80 31.50
3.80 5.20 29.90
3.80 6.10 29.60
3.50 5.20 28.70
3.80 5.50 27.70
3.80 5.50 26.80
3.50 3.90 26.50
3.50 4.50 25.50
3.50 3.30 24.30
3.50 4.20 24.00
3.20 4.20 23.40
3.20 3.90 22.70
3.20 4.20 21.20
2.50 3.00 20.80
3.20 4.50 19.90
2.50 3.30 19.90
2.50 3.30 18.60
2.50 3.90 18.30
2.20 2.70 17.70
2.20 4.20 18.00
2.20 3.30 16.50
2.20 2.70 16.50
2.50 3.90 16.10
1.90 2.70 15.50
2.20 3.90 14.90
2.20 2.70 14.90
2.20 3.00 14.30
2.20 3.00 13.60
2.50 2.70 13.30
1.00 2.70 13.30
1.90 2.30 12.70
1.90 2.70 12.40
1.90 2.30 12.10
1.90 2.70 12.10
1.90 2.30 11.40
1.00 1.70 11.40
2.20 2.70 9.90
0.70 1.70 9.90
1.00 2.30 10.50
1.00 1.40 9.50
1.90 2.30 9.20
1.90 1.40 9.20
1.90 1.70 8.30
0.70 1.70 8.30
1.00 1.40 8.30
0.70 1.70 8.00
1.00 1.70 8.00
0.70 1.70 7.00
1.00 1.70 7.00
0.70 1.40 7.00
0.70 2.70 7.00
0.30 1.10 6.40
0.70 1.70 6.70
1.90 1.40 6.70
0.30 1.10 6.40
0.70 2.30 6.10
0.70 1.10 6.10
0.70 1.70 6.40
0.70 1.10 5.50
0.30 1.40 5.50
0.70 1.70 4.80
0.30 0.50 5.20
0.30 1.70 5.20
0.30 -0.20 5.20
0.30 2.30 4.80
0.30 0.50 4.80
0.30 1.10 4.20
0.30 2.30 4.20
0.30 0.20 3.90
0.30 1.70 3.90
0.70 0.50 3.90
0.30 0.20 3.90
0.70 2.30 3.90
0.30 0.20 3.30
1.00 1.70 3.60
0.70 0.50 3.30
0.70 1.40 3.30
0.30 1.10 3.60
0.70 0.50 3.30
0.30 1.40 3.30
0.30 0.50 3.30
0.30 1.40 3.30
0.30 1.10 2.60
0.70 0.50 2.60
0.70 1.70 2.30
-0.30 -0.20 3.30
0.30 1.40 2.60
0.30 0.20 3.30
0.30 0.50 2.60
-0.30 1.40 2.00
0.30 0.20 2.30
-0.30 0.50 2.60
0.70 0.50 2.00
0.30 0.20 2.30
0.30 1.10 2.00
0.70 0.20 2.00
0.70 0.20 2.00
0.30 0.20 2.00
0.70 0.50 2.00
0.30 0.20 2.00
0.70 0.50 2.00
-0.60 0.20 2.00
2025 2 4 17 39 12 54
195.59 205.82 197.32 72.50 26.00 30.90 446.97 94.94 114.62 28.55 228.83 35.13 234.78 193.24 205.50 196.53
0.30 0.90 -0.10
0.30 -0.70 -0.10
-0.30 -0.40 -0.10
0.60 0.30 -0.10
-0.30 -0.70 -0.50
-0.30 0.90 -0.10
0.30 -0.40 -0.50
-0.30 -1.30 -0.10
0.30 0.30 -0.50
0.30 -0.70 -0.10
-0.30 -0.10 -0.10
0.30 -0.70 -0.10
0.30 0.30 -0.50
-0.30 -0.40 -0.10
0.30 -0.10 -0.10
-0.30 -0.70 -0.10
-0.30 -0.40 -0.50
-0.30 -0.40 -0.10
0.30 -0.40 -0.50
-0.30 0.30 0.20
0.30 -0.70 -0.10
-0.30 -0.70 -0.10
0.30 -0.10 -0.10
-0.60 -0.40 -0.10
0.30 0.30 -0.10
-0.30 -0.40 -0.10
0.60 -0.10 0.20
-0.30 -0.10 0.20
-0.30 -0.40 -0.10
-0.30 -0.10 0.20
0.30 -0.40 -0.10
-0.30 -0.10 0.20
0.30 -0.70 -0.10
0.30 0.30 -0.10
-0.30 -0.70 1.10
-0.30 -0.70 0.20
0.30 0.90 -0.10
0.30 -1.30 -0.10
-0.30 0.90 0.20
-0.30 -0.70 0.20
-0.30 -0.40 0.20
0.30 0.90 0.20
0.30 -0.70 0.20
-0.30 0.90 1.10
0.30 -0.40 -0.10
-0.30 -0.10 0.20
-0.30 0.90 1.10
-0.60 -0.70 -0.10
0.30 1.20 -0.10
-0.30 -0.70 4.20
6.90 0.30 10.20
30.40 -0.10 19.60
64.30 2.10 23.70
72.50 5.00 26.80
72.50 7.50 28.40
72.50 12.80 30.00
72.50 15.60 29.70
72.50 20.00 30.00
72.50 22.90 30.90
72.50 24.10 30.90
72.50 26.00 30.90
72.50 25.00 30.30
72.50 25.40 30.00
72.50 25.40 29.00
72.50 24.10 28.10
72.50 24.40 28.10
72.50 23.20 27.50
72.50 24.10 26.50
72.50 24.40 25.60
72.50 23.20 25.30
72.50 24.40 24.00
72.50 22.20 24.30
72.50 23.20 23.10
72.50 22.20 22.80
72.50 21.60 21.80
72.50 22.20 21.20
72.50 20.00 21.50
72.50 20.00 20.20
72.50 19.70 19.90
72.50 18.80 19.00
72.50 19.40 19.00
72.50 17.50 18.40
72.50 18.10 18.00
72.50 16.90 17.10
72.50 17.20 17.40
72.50 15.90 16.50
72.50 15.90 16.50
72.50 15.60 15.50
72.50 15.00 14.60
72.50 15.00 14.60
72.50 15.00 14.30
72.50 14.10 14.30
72.50 13.80 13.00
72.50 12.80 13.00
72.50 13.10 12.70
72.50 12.20 11.80
72.10 12.20 11.80
70.60 11.20 11.10
68.70 11.60 10.80
67.10 10.90 10.80
64.90 10.30 10.20
63.40 10.30 10.20
61.50 9.40 9.60
59.90 10.00 8.60
57.70 9.70 9.90
56.50 9.40 8.60
54.30 9.40 8.60
52.40 8.10 8.30
51.10 8.70 8.00
49.20 7.50 8.30
48.30 7.50 7.40
46.70 6.90 7.40
45.20 6.90 7.10
43.30 6.90 6.80
42.00 6.50 6.80
40.80 6.90 6.80
39.80 5.90 6.40
38.30 5.60 6.80
37.00 6.50 6.40
36.10 4.30 5.80
35.10 7.50 5.20
34.20 4.30 5.50
33.60 5.30 5.50
32.00 6.50 5.50
31.00 4.30 5.50
30.40 6.90 4.60
29.50 4.30 4.60
28.20 5.30 4.60
27.60 5.60 4.20
26.00 4.00 4.60
26.00 5.30 4.60
25.40 4.00 4.60
24.10 5.30 4.20
23.50 4.30 4.60
23.50 3.70 4.60
21.90 4.30 4.20
21.00 3.10 4.20
21.00 4.30 3.90
20.40 2.50 3.90
19.70 4.00 3.60
19.10 3.70 3.60
18.20 2.10 3.90
18.20 3.70 3.60
17.60 2.10 3.90
16.90 3.10 3.60
16.60 2.50 3.00
16.30 2.50 3.60
15.40 3.10 3.60
15.00 2.50 3.60
14.70 2.50 2.70
14.10 2.10 3.00
13.80 1.50 3.00
13.50 2.50 2.70
13.50 1.20 2.70
13.20 2.50 2.70
12.20 1.20 2.70
11.30 2.50 2.70
12.20 1.50 2.40
11.00 1.20 2.40
11.00 2.10 2.40
11.00 1.20 1.70
10.30 1.50 2.40
10.30 1.50 2.40
9.70 1.50 2.40
9.70 1.20 2.40
9.70 0.90 1.40
9.10 1.50 2.40
8.50 1.20 1.70
8.50 1.20 1.70
7.80 1.20 1.70
8.50 1.50 1.70
7.80 0.30 1.70
6.90 1.50 1.40
7.50 0.90 1.70
7.80 0.90 1.70
6.90 1.20 1.70
7.50 0.90 1.40
6.90 0.90 1.40
6.90 1.20 1.70
6.60 0.30 1.70
6.30 1.20 1.70
5.90 0.30 1.70
6.30 1.20 1.40
5.30 0.90 1.70
6.30 0.90 1.40
5.30 0.90 1.70
5.90 -0.40 1.70
5.30 0.90 1.40
5.30 0.90 1.40
5.30 -0.10 1.70
5.90 1.20 1.40
5.90 0.30 1.40
5.30 1.20 1.70
5.30 0.30 1.40
4.70 -0.10 1.70
4.70 1.20 1.10
4.70 0.30 1.40
4.70 1.20 1.40
4.70 -0.10 1.40
3.70 0.90 1.10
2025 2 4 17 39 36 571
199.43 197.90 201.70 72.30 71.60 45.80 536.81 579.60 169.37 8.22 348.99 9.57 354.12 197.30 195.26 199.73
0.20 0.40 -0.30
-0.40 -0.20 0.00
0.20 1.00 0.00
0.20 0.10 -0.30
0.20 0.40 0.00
-0.40 0.40 0.00
0.20 0.10 -0.30
-0.40 0.40 0.00
0.50 0.10 -0.30
0.20 -0.20 -0.30
0.20 1.00 -0.30
-0.40 -0.20 0.00
0.20 0.40 0.00
-0.40 -0.20 0.90
0.50 -0.50 -0.30
-0.40 -0.20 -0.30
0.20 -0.50 0.00
-0.40 -0.50 -0.30
0.20 0.40 -0.30
-0.40 -1.20 0.00
0.20 -0.20 -0.30
-0.80 -0.50 0.00
0.50 -0.20 0.00
-0.40 -0.20 -0.30
0.20 -0.50 -0.30
0.20 0.40 -0.30
-0.40 0.40 -0.30
0.20 -0.20 0.00
0.20 1.30 0.00
-0.40 0.40 -0.30
0.20 0.40 -0.30
0.20 1.00 0.90
0.20 0.40 0.00
-0.40 0.40 -0.70
0.20 0.40 0.00
0.20 0.40 0.90
0.20 1.00 0.00
-0.40 0.40 0.90
-0.40 0.40 0.00
-0.40 1.00 0.00
0.20 0.10 0.00
0.20 -0.20 0.90
0.20 0.40 -0.30
-0.40 0.10 0.00
0.20 -0.50 0.90
0.20 0.40 0.00
0.20 -1.20 0.90
-0.40 -0.20 0.00
0.20 0.10 0.00
0.20 -1.20 0.90
0.50 1.00 5.30
6.50 10.10 14.40
34.70 51.80 22.90
72.30 71.60 31.00
72.30 71.60 36.40
72.30 71.60 38.90
72.30 71.60 42.30
72.30 71.60 44.20
72.30 71.60 45.10
72.30 71.60 44.50
72.30 71.60 44.50
72.30 71.60 45.50
72.30 71.60 45.80
72.30 71.60 45.10
72.30 71.60 43.90
72.30 71.60 43.90
72.30 71.60 42.30
72.30 71.60 41.10
72.30 71.60 40.10
72.30 71.60 38.90
72.30 71.60 38.90
72.30 71.60 37.30
72.30 71.60 36.70
72.30 71.60 35.40
72.30 71.60 35.10
72.30 71.60 34.20
72.30 71.60 33.90
72.30 71.60 32.90
72.30 71.60 32.30
72.30 71.60 31.00
72.30 71.60 30.10
72.30 71.60 28.80
72.30 71.60 28.20
72.30 71.60 27.30
72.30 71.60 27.00
72.30 71.60 26.30
72.30 71.60 25.40
72.30 71.60 25.10
72.30 71.60 23.50
72.30 71.60 22.60
72.30 71.60 22.60
72.30 71.60 21.30
72.30 71.60 20.70
72.30 71.60 20.70
72.30 71.60 19.40
72.30 71.60 19.40
72.30 71.60 18.80
72.30 71.60 18.20
72.30 71.60 17.90
72.30 71.60 16.90
72.30 71.60 16.90
72.30 71.60 15.70
72.30 71.60 15.30
72.30 71.60 15.30
72.30 71.60 15.30
72.30 71.60 14.40
72.30 71.60 14.10
72.30 71.60 13.80
72.30 71.60 13.50
72.30 71.60 12.50
72.30 71.60 12.50
72.30 71.60 12.50
72.30 71.60 11.60
72.30 71.60 11.60
71.10 71.60 10.60
69.20 71.60 10.00
67.00 71.60 10.00
64.80 71.60 10.00
62.60 71.60 9.40
61.10 71.60 9.70
59.20 71.60 8.80
57.00 71.60 8.80
55.40 71.60 8.40
53.20 68.50 8.40
52.30 66.30 8.10
50.70 64.70 8.10
49.10 61.60 7.80
47.90 61.30 7.20
46.60 58.40 7.20
45.40 56.90 7.20
43.20 55.90 6.60
42.20 52.80 6.20
41.00 52.80 6.60
39.70 49.60 6.20
38.50 49.60 5.60
37.80 47.50 6.20
36.60 45.60 6.20
35.30 45.90 6.20
34.10 43.10 5.60
33.40 42.40 5.60
32.50 41.20 5.30
31.20 38.70 5.30
30.30 39.90 5.30
29.40 37.10 5.00
29.10 37.10 4.40
27.50 35.50 5.00
27.50 34.60 5.00
26.50 33.30 4.00
26.20 31.80 4.40
25.30 31.80 4.00
24.70 29.60 4.00
23.70 28.90 4.00
23.10 28.60 4.00
22.20 27.10 3.70
21.20 27.40 3.70
20.90 25.50 3.40
20.90 25.50 3.70
19.60 24.50 3.40
19.30 24.20 2.80
19.00 24.20 2.80
18.40 22.70 3.40
18.40 22.70 2.80
17.80 21.70 2.50
16.80 21.10 3.40
16.50 21.10 2.50
16.20 20.20 2.50
15.90 20.20 2.50
15.20 18.90 2.20
14.90 18.90 2.50
14.60 18.60 2.50
14.60 18.30 2.20
13.40 18.60 2.20
13.40 17.60 2.20
13.10 17.30 2.20
13.10 17.00 1.50
12.40 17.00 2.20
12.10 16.10 2.50
11.20 15.80 2.20
10.90 15.50 1.50
10.50 15.50 1.50
10.50 15.80 1.50
10.20 13.90 1.50
10.20 15.10 1.50
10.20 13.90 1.20
10.20 13.90 1.20
9.60 14.20 1.20
9.30 11.70 1.20
9.00 13.90 1.50
9.30 11.70 0.90
8.30 12.30 1.20
8.30 12.60 1.20
8.00 10.40 1.20
8.00 11.70 0.90
8.00 10.10 1.50
7.70 11.10 1.20
7.70 9.80 1.50
8.00 9.80 1.20
7.40 10.40 1.50
7.40 8.90 1.20
7.40 9.80 1.50
2025 2 4 17 45 39 501
184.95 179.21 185.35 12.30 7.50 7.70 43.42 25.25 28.21 16.07 34.82 15.01 345.18 191.94 189.50 196.27
-0.30 0.30 0.80
-0.30 -0.70 -0.50
0.30 0.00 -0.20
0.30 -0.30 -0.20
0.30 -0.30 -0.20
-0.30 -0.30 -0.20
-0.30 0.00 -0.50
-0.30 0.00 -0.20
0.30 -0.30 -0.20
0.30 0.90 -0.20
-0.60 -0.70 -0.20
0.30 0.90 -0.20
-0.30 -0.30 -0.50
0.30 -0.30 -0.20
0.30 1.20 -0.20
-0.30 -0.30 -0.20
-0.30 0.00 -0.20
0.30 0.30 -0.20
-0.30 -0.70 -0.20
0.30 0.90 -0.50
-0.30 0.00 -0.50
-0.30 -0.30 -0.20
-0.60 0.00 -0.20
0.30 -0.30 -0.50
-0.30 0.30 -0.50
-0.30 0.00 -0.20
0.30 -0.30 0.80
-0.30 0.00 -0.50
0.30 -0.30 -0.20
-0.30 0.00 -0.20
0.30 0.00 -0.20
0.30 0.00 -0.20
-0.30 0.00 -0.50
-0.30 0.00 -0.20
0.30 0.00 -0.20
-0.30 0.00 -0.20
-0.30 -0.30 -0.50
0.30 0.30 -0.20
0.30 -0.70 -0.20
-0.30 0.30 -0.50
-0.30 0.00 -0.20
-0.30 -0.30 -0.50
0.30 0.30 -0.20
0.30 -0.30 -0.20
0.30 0.90 -0.20
0.30 0.90 -0.20
-0.30 0.30 1.10
1.00 3.10 2.40
3.20 2.80 2.70
4.10 5.00 4.90
6.30 5.60 6.40
7.90 5.90 7.10
9.10 7.50 7.70
10.40 6.60 7.70
10.70 6.90 7.70
11.30 6.60 7.70
12.30 5.90 6.80
12.30 6.90 7.10
12.30 5.90 7.10
11.30 6.90 6.40
11.00 5.60 6.80
12.30 5.90 6.40
12.30 5.90 6.10
11.30 5.00 6.40
11.30 6.60 6.10
11.00 5.00 6.10
10.70 5.60 6.10
10.70 5.30 5.50
9.80 4.00 5.20
9.80 5.60 5.50
9.10 3.70 4.90
9.40 5.30 4.90
8.50 5.00 4.20
8.50 3.70 4.90
8.20 5.30 4.20
9.10 3.10 4.20
7.90 5.00 4.20
8.20 4.40 4.20
7.60 2.80 4.20
8.20 5.00 3.90
7.90 2.50 3.90
7.60 4.40 3.90
6.60 3.10 3.90
6.90 2.80 3.60
6.30 4.00 3.60
6.30 2.80 3.60
6.30 3.70 3.60
6.00 3.10 3.30
5.40 2.20 3.30
6.00 3.10 2.70
5.10 2.80 3.30
5.10 3.10 2.70
4.70 1.50 2.70
5.10 2.80 2.70
4.70 2.20 2.40
4.70 2.50 2.40
4.70 2.50 2.40
4.70 1.50 2.40
3.80 3.10 2.40
3.80 2.20 2.40
4.10 2.50 2.40
3.80 2.80 2.00
3.80 2.20 2.00
3.80 2.80 2.00
3.80 2.20 2.00
3.50 2.50 1.40
3.20 2.20 2.00
3.50 2.50 1.40
3.20 1.50 2.00
3.20 2.50 1.40
3.20 2.20 1.40
3.20 1.20 1.10
2.50 2.50 2.00
3.20 0.90 1.40
2.50 2.20 1.10
3.20 1.20 1.10
2.50 0.90 1.10
2.20 2.20 1.10
2.50 0.30 1.40
2.20 1.50 1.40
2.50 0.30 1.10
2.20 1.50 1.10
2.50 1.20 1.10
2.20 0.90 1.10
1.90 2.50 1.40
2.20 0.00 1.40
1.90 2.20 1.10
2.20 0.30 1.10
1.90 0.00 1.10
2.20 2.50 1.10
1.00 -0.30 2.00
1.90 1.50 2.00
1.90 0.90 2.40
1.00 0.00 2.00
1.90 1.50 2.00
1.90 0.30 2.00
1.00 0.90 2.00
1.00 0.30 2.40
0.70 0.30 2.00
1.00 0.90 2.00
0.70 0.30 1.40
1.90 0.90 2.00
0.70 0.30 2.40
1.00 0.90 2.00
1.00 0.30 2.00
1.00 0.30 1.40
0.70 1.50 2.00
0.70 0.30 1.40
0.70 1.20 1.40
0.70 0.90 1.10
0.70 0.00 1.40
0.70 2.20 1.40
0.70 -0.70 1.40
1.90 1.20 1.40
0.30 0.30 1.40
0.70 0.00 1.40
0.70 1.20 1.10
0.30 0.00 1.10
0.70 0.90 1.40
0.30 0.90 1.10
0.70 0.00 1.10
0.30 1.20 1.10
0.30 0.30 1.10
0.70 1.20 1.10
0.30 0.00 1.10
0.70 0.30 0.80
0.30 0.90 1.40
0.70 0.00 1.10
0.30 0.90 0.80
0.70 0.00 1.10
0.30 0.30 1.10
0.30 1.20 0.80
-0.30 0.30 0.80
0.30 0.90 0.80
0.30 0.00 1.10
0.70 0.30 -0.20
0.70 0.30 1.10
0.30 0.30 0.80
0.30 0.00 -0.20
0.30 0.30 0.80
0.30 0.30 1.10
0.30 0.30 -0.20
-0.30 1.20 0.80
0.30 0.00 -0.20
-0.30 0.90 1.10
0.30 0.90 1.10
0.30 -0.30 -0.20
0.30 1.20 0.80
-0.30 -0.70 0.80
0.30 1.20 -0.20
0.30 0.00 -0.20
0.30 0.30 0.80
-0.60 0.30 -0.20
0.30 0.00 0.80
0.30 0.30 -0.20
-0.30 0.00 -0.20
0.30 1.20 -0.20
0.30 -0.30 -0.50
0.30 0.00 -0.50
0.30 0.90 -0.20
2025 2 4 17 48 2 486
202.24 194.38 198.21 42.10 46.80 7.20 149.57 164.02 22.74 22.95 68.68 27.13 17.21 199.66 191.37 203.14
0.40 -1.20 -0.40
-0.60 0.00 -0.10
-0.30 0.00 -0.40
-0.60 -0.60 -0.10
-0.30 0.00 -0.40
-0.30 -0.60 -0.40
-0.30 0.00 -0.40
-0.30 0.00 -0.40
0.40 -0.30 -0.10
-0.60 0.00 -0.40
0.40 -0.30 -0.10
-0.30 0.00 -0.40
-0.30 -0.30 -0.10
-0.30 0.30 -0.40
0.40 0.00 -0.10
-0.30 0.30 -0.40
0.40 0.30 -0.40
-0.60 0.00 -0.10
-0.30 0.30 -0.10
-0.30 -0.30 -0.40
-0.30 0.30 -0.10
-0.60 -0.30 0.90
-0.60 0.30 -0.40
-0.30 -0.30 -0.10
0.40 0.30 -0.40
-0.60 0.30 -0.40
0.40 -0.30 -0.10
-0.30 0.00 -0.40
0.40 0.00 -0.40
-0.30 -0.30 -0.40
0.40 0.30 -0.40
-0.60 -0.60 -0.40
-0.30 1.00 -0.10
-0.30 -0.60 -0.40
0.40 0.00 -0.10
-0.30 -0.30 -0.10
-0.30 0.00 -0.40
-0.30 0.30 -0.70
0.40 -0.30 -0.10
-0.30 0.30 -0.40
-0.30 -0.60 -0.10
0.40 0.30 -0.40
-0.30 0.30 -0.40
0.40 -0.60 -0.40
-0.30 1.00 -0.10
-0.30 -0.30 -0.10
0.40 0.30 -0.40
0.40 -0.30 -0.10
0.70 -0.60 -0.40
0.70 2.80 -0.10
0.70 7.50 2.80
3.20 16.00 5.60
8.50 24.50 6.20
17.00 30.10 6.50
25.10 38.60 6.80
30.50 39.90 6.80
35.50 43.30 7.20
37.70 45.50 7.20
39.90 44.20 7.20
40.80 46.80 7.20
42.10 45.20 6.80
42.10 46.10 6.80
42.10 45.80 6.50
41.50 43.90 6.50
39.90 45.20 6.20
39.30 41.70 6.20
38.60 43.00 6.20
38.00 41.10 5.60
37.10 39.90 5.30
36.10 39.90 5.60
35.50 37.70 5.30
33.90 37.70 4.30
33.90 35.50 5.00
32.00 35.80 4.30
31.40 34.50 5.00
30.80 33.00 5.00
30.50 33.90 4.30
29.50 31.10 4.30
29.50 31.70 4.00
28.00 29.80 4.30
28.00 28.60 4.00
27.00 28.90 4.30
26.40 27.00 4.00
25.50 28.20 4.00
24.80 25.40 3.40
24.20 25.10 4.00
23.30 25.10 3.70
22.00 22.90 3.40
22.00 23.90 3.40
20.70 22.30 3.40
20.40 21.70 2.80
19.50 21.00 3.40
19.50 20.40 3.40
18.60 19.50 2.80
18.20 19.50 2.50
17.00 18.80 2.80
17.00 17.60 2.50
16.70 18.50 2.80
16.00 16.00 2.10
15.40 16.00 2.80
16.00 16.00 2.50
14.80 14.40 2.10
14.80 15.70 2.10
13.80 13.80 2.10
13.50 14.10 2.10
13.20 13.80 2.10
13.20 12.90 2.10
12.30 13.20 2.10
12.30 11.60 2.10
11.00 12.60 2.10
11.00 11.00 2.10
10.70 11.60 1.50
10.70 11.00 1.50
10.40 10.10 2.10
9.80 11.30 1.50
8.50 8.80 1.50
9.50 11.00 1.50
9.10 9.40 2.10
8.20 8.80 1.50
8.20 9.40 0.90
8.20 7.50 1.50
7.60 8.50 1.20
7.60 8.20 1.20
6.90 7.50 1.20
6.90 7.50 1.20
6.90 6.90 1.20
6.90 7.50 1.20
6.30 5.70 1.20
6.60 6.90 0.90
6.00 5.70 1.20
6.00 5.70 0.90
5.40 6.60 1.20
5.40 4.10 -0.10
5.40 6.00 0.90
5.40 5.30 0.90
4.70 4.40 1.20
5.40 6.00 0.90
4.70 3.80 0.90
4.70 5.30 0.90
4.70 5.00 0.90
4.10 3.80 -0.10
4.10 5.30 0.90
4.10 4.10 0.90
3.50 4.40 0.90
4.10 3.80 0.90
3.50 3.80 0.90
4.10 4.40 0.90
3.50 3.10 0.90
3.80 3.80 0.90
3.20 2.80 0.90
3.80 3.80 -0.40
3.50 3.80 -0.10
3.50 2.20 0.90
3.50 3.80 -0.10
3.50 2.50 -0.40
2.60 2.80 -0.10
3.50 3.10 -0.40
2.20 2.20 -0.10
3.50 4.10 -0.40
2.60 2.20 -0.10
3.20 3.10 -0.10
2.60 2.50 -0.10
2.60 2.20 -0.40
2.60 2.20 -0.40
3.20 2.20 -0.10
2.60 2.80 0.90
3.20 2.20 -0.40
2.20 2.20 0.90
2.60 2.50 -0.10
2.20 1.30 -0.10
2.20 2.50 -0.10
2.20 1.60 -0.10
3.20 1.30 -0.40
2.20 1.60 -0.40
2.20 2.20 -0.10
1.90 1.30 -0.10
2.20 2.20 -0.10
2.20 2.20 -0.10
2.60 1.30 -0.10
1.00 1.60 -0.10
1.90 1.60 -0.40
2.20 1.30 -0.10
2.20 1.60 0.90
1.90 1.60 -0.40
2.20 1.30 -0.10
2.20 -0.30 -0.40
1.90 2.50 -0.10
1.00 -0.30 -0.10
1.90 1.00 -0.40
1.90 1.60 -0.10
1.90 0.00 -0.10
1.00 1.60 -0.40
1.00 0.30 -0.10
1.90 1.00 -0.10
1.00 0.30 -0.10
0.70 0.30 -0.10
1.00 1.30 -0.10
0.70 -0.30 -0.40
0.70 1.60 -0.10
1.00 0.30 -0.40
2025 2 4 17 56 40 26
196.67 196.67 194.43 31.40 32.40 8.60 112.30 112.07 33.20 6.28 139.22 11.59 319.14 195.58 195.57 199.68
-0.30 -0.30 -0.20
0.40 0.10 0.20
0.40 0.40 -0.20
0.40 0.10 0.20
-0.30 0.10 -0.20
0.40 1.00 0.20
0.40 -0.30 0.20
0.40 0.40 0.20
-0.60 -0.30 0.20
0.40 -0.30 0.20
-0.30 0.40 0.20
0.40 -0.30 1.10
-0.30 0.10 -0.20
-0.30 -0.30 0.20
-0.30 0.10 -0.20
-0.30 0.40 0.20
-0.60 -0.30 0.20
0.40 0.40 0.20
-0.30 -0.60 -0.20
0.40 0.40 -0.20
-0.30 -0.30 0.20
0.40 0.10 -0.20
0.40 0.40 0.20
0.40 -0.30 -0.20
-0.30 0.10 0.20
-0.30 0.10 -0.20
-0.60 0.10 -0.20
0.40 1.00 -0.20
-0.60 -1.20 -0.20
0.40 0.40 0.20
0.40 -0.60 0.20
-0.30 0.40 0.20
-0.60 -0.30 -0.20
-0.30 -0.30 1.10
-0.60 0.40 -0.20
-0.30 -0.30 -0.20
-0.30 0.10 -0.20
0.40 -0.60 -0.20
-0.30 -0.30 0.20
-0.60 0.40 -0.20
-0.30 -0.60 -0.20
-0.30 1.00 -0.20
-0.30 -0.60 -0.20
-0.30 0.40 -0.20
-0.60 0.40 -0.20
0.40 -0.30 0.20
-0.30 0.40 0.20
0.40 0.10 -0.20
-0.60 0.10 0.20
0.70 1.00 2.70
3.50 2.20 5.20
8.20 7.60 6.40
14.20 12.60 7.40
19.20 17.60 8.00
24.20 22.30 8.00
26.70 26.70 8.30
28.60 28.30 8.60
30.80 29.50 8.60
31.40 30.20 8.60
31.40 31.40 8.30
31.40 31.70 8.00
31.40 31.40 8.00
30.80 32.40 8.00
29.90 31.70 8.00
29.50 31.10 7.40
28.60 30.50 7.10
28.30 29.50 7.10
27.70 28.90 6.40
27.70 27.70 6.40
27.70 27.30 6.70
26.10 26.70 6.40
25.50 26.10 6.40
24.80 25.10 5.80
23.90 23.90 5.80
23.60 23.30 5.50
23.60 22.60 6.40
22.00 22.60 5.80
22.00 21.40 5.80
21.10 21.10 5.50
20.80 20.40 5.50
19.80 19.80 5.50
19.20 19.50 5.20
19.20 18.20 5.20
18.60 18.90 5.20
17.60 17.60 4.50
17.60 17.30 4.20
17.00 17.60 4.50
16.40 15.40 4.20
15.10 15.70 4.50
16.00 15.10 3.90
15.10 13.90 3.90
14.20 14.50 3.90
13.90 13.20 3.90
13.90 13.20 3.60
13.20 12.90 3.60
13.20 12.60 3.60
12.30 12.30 3.60
12.30 11.70 3.00
11.30 10.40 3.00
11.30 11.30 3.00
10.70 11.00 3.00
10.40 11.00 3.00
9.80 10.10 3.00
10.40 9.50 2.70
9.50 9.50 2.30
9.50 9.80 2.70
9.10 9.50 2.30
8.50 9.50 2.30
8.50 8.80 3.00
8.20 8.50 2.30
7.90 8.20 2.70
7.90 8.50 2.30
7.00 7.60 2.30
7.00 7.60 1.70
7.00 7.60 2.30
6.60 7.60 2.30
6.30 7.00 2.30
6.60 6.00 2.30
6.30 6.60 1.70
6.30 5.70 1.70
5.40 6.00 2.30
6.00 6.00 1.40
6.00 5.40 1.70
6.00 5.70 1.70
5.40 5.10 1.70
5.40 5.40 1.70
5.10 5.10 1.40
5.10 5.10 1.70
5.10 5.10 1.40
5.10 4.10 1.40
4.80 4.40 1.40
4.80 4.40 1.40
3.80 3.20 1.70
4.10 4.10 1.40
3.80 3.20 1.70
4.10 3.20 1.70
3.80 3.20 1.10
3.80 3.20 1.10
3.80 3.20 1.40
3.80 3.80 1.10
3.50 2.90 1.40
3.50 3.20 1.10
3.20 3.20 1.10
3.50 2.60 1.10
3.20 2.90 1.10
3.20 2.90 0.20
2.60 2.90 1.10
2.60 2.90 1.10
2.60 1.60 0.20
2.60 2.20 1.10
2.20 2.60 1.10
2.60 2.60 1.10
2.20 1.60 1.10
2.20 2.60 0.20
2.60 2.20 1.40
2.60 2.20 1.10
2.20 1.60 1.10
2.60 1.60 0.20
2.20 1.60 1.10
2.60 1.30 0.20
2.20 1.60 -0.20
2.60 2.20 0.20
1.90 1.30 0.20
2.60 1.60 0.20
1.90 1.30 1.10
1.90 2.60 0.20
1.90 1.00 1.10
1.90 1.60 1.10
1.90 2.20 1.10
1.00 1.00 1.10
1.00 1.60 0.20
1.90 1.30 -0.20
0.70 1.60 1.10
1.90 1.30 -0.20
0.70 1.30 0.20
1.00 2.20 -0.20
0.40 0.40 0.20
1.00 1.30 -0.20
0.70 1.60 0.20
0.70 1.00 0.20
0.70 1.30 1.10
0.70 1.00 0.20
0.40 1.30 1.40
1.00 1.30 1.10
1.00 1.30 1.10
0.70 1.00 0.20
0.70 0.40 1.10
0.40 1.00 1.10
0.40 1.00 1.10
1.00 1.00 0.20
0.70 0.40 0.20
0.70 1.00 1.10
0.40 1.00 -0.20
0.70 0.40 0.20
0.70 1.30 1.40
0.70 1.00 0.20
-0.30 0.10 1.10
0.70 0.40 1.10
0.40 1.00 1.10
0.40 0.40 0.20
2025 2 4 18 7 23 391
191.10 196.43 192.73 16.00 10.00 12.50 60.66 35.62 46.46 14.57 236.96 47.49 237.86 193.16 208.75 198.15
0.30 0.20 -0.10
0.30 -0.10 0.90
-0.30 -0.40 -0.10
0.30 0.90 0.90
0.30 -0.10 -0.10
-0.30 -0.10 -0.10
0.30 0.90 -0.10
-0.30 -0.70 -0.10
0.30 0.20 -0.10
0.30 -0.10 -0.10
-0.60 -0.40 -0.40
-0.60 0.20 0.90
0.30 -0.10 -0.10
-0.30 -0.10 -0.10
0.30 0.20 -0.10
-0.30 -0.10 0.90
0.30 -0.40 0.90
-0.30 -0.10 -0.10
0.30 -0.10 -0.10
-0.30 -0.70 0.90
0.30 0.20 -0.10
-0.30 -1.30 -0.10
0.30 0.20 -0.10
-0.30 -0.10 -0.10
-0.30 -0.70 -0.40
-0.60 1.20 -0.40
-0.30 -0.70 0.90
-0.60 0.20 -0.10
0.30 -0.10 -0.10
0.30 -0.70 0.90
-0.30 1.50 0.90
-0.30 -1.30 0.90
-0.30 0.90 -0.10
0.30 -0.10 0.90
0.30 -0.40 0.90
0.30 0.20 -0.10
0.70 -1.30 -0.10
-0.30 1.20 -0.10
0.30 -0.10 -0.40
0.30 -0.40 1.20
-0.30 0.20 0.90
-0.30 -0.70 0.90
0.30 0.90 0.90
-0.60 -0.70 1.20
0.30 -0.10 -0.10
-0.60 -0.10 0.90
-0.30 -0.70 1.20
-0.30 0.20 0.90
0.30 -1.30 2.10
2.50 0.90 4.30
6.00 0.90 5.60
6.90 2.40 6.80
10.40 4.30 8.40
12.30 3.70 8.70
13.80 5.30 9.30
14.80 4.00 10.00
15.40 5.90 12.20
16.00 6.80 12.50
16.00 6.50 12.20
16.00 8.70 11.50
15.40 8.10 11.50
15.10 10.00 11.50
15.10 9.70 10.60
14.80 9.30 10.90
15.10 10.00 10.00
15.10 8.70 10.00
14.10 9.70 9.60
14.10 8.70 9.60
13.80 9.30 9.30
13.20 8.70 8.70
13.20 8.40 8.40
12.60 8.40 8.10
13.20 8.10 8.10
11.30 8.40 7.80
12.30 8.10 8.10
10.70 7.50 7.80
11.30 8.10 7.80
10.70 6.80 7.10
10.70 7.50 7.10
9.80 6.80 6.50
9.80 7.50 6.80
9.40 5.90 7.10
9.40 7.50 6.50
8.50 6.50 6.50
8.50 5.90 6.20
8.50 6.80 6.50
8.20 5.30 6.20
7.60 5.90 6.20
8.20 5.60 6.20
7.60 5.00 5.60
7.60 6.50 4.90
6.90 5.00 4.90
7.60 5.30 4.90
6.30 4.30 5.30
6.90 4.30 4.30
6.30 5.00 4.30
6.30 4.00 4.00
6.30 4.30 4.00
6.00 3.70 4.00
6.00 4.30 4.00
6.00 2.80 3.70
5.40 3.70 4.00
5.00 3.70 3.70
5.00 2.80 3.40
5.00 5.00 3.70
4.70 2.40 3.70
4.70 3.10 3.40
4.10 4.00 3.40
4.10 2.10 3.40
4.70 4.30 2.70
4.70 2.80 2.70
4.10 2.80 2.40
4.70 4.00 3.40
4.10 1.50 2.70
3.80 3.10 3.40
3.80 2.40 2.70
3.80 2.10 2.70
3.20 2.40 2.70
3.20 2.10 2.70
3.20 2.80 2.70
3.20 2.10 2.40
3.20 2.40 2.10
3.50 2.40 2.10
2.50 1.50 2.40
3.20 2.10 2.10
2.50 1.20 2.40
3.20 2.40 2.10
2.50 1.20 2.40
2.50 1.20 2.10
2.50 2.10 2.10
2.50 1.20 2.10
2.20 1.50 2.10
2.20 1.50 2.10
2.50 1.50 2.10
2.50 1.50 1.50
2.20 1.20 2.10
2.20 1.50 2.10
1.90 0.90 1.50
2.50 1.50 1.50
1.90 0.90 2.10
2.20 0.90 1.20
1.00 1.20 1.50
1.00 0.90 1.20
2.20 1.50 1.50
1.90 0.20 1.50
1.90 0.90 1.50
1.90 2.10 1.20
1.00 -0.10 1.20
2.50 1.50 2.10
1.00 0.20 1.50
2.20 0.90 0.90
2.20 1.20 1.20
1.90 -0.10 1.20
1.90 0.90 1.20
2.20 1.20 0.90
1.00 0.20 1.20
1.90 0.90 1.20
1.00 0.90 1.20
1.90 0.20 0.90
1.90 1.20 1.20
2.50 1.20 1.20
1.00 -0.10 1.50
1.00 1.20 1.20
0.70 -0.40 1.20
2.20 0.90 0.90
1.00 1.20 1.20
1.90 0.20 0.90
1.90 1.20 1.50
1.90 -0.70 1.20
1.90 0.20 1.20
1.90 0.20 1.20
1.90 -0.10 1.50
1.90 0.90 1.50
1.00 -0.40 1.50
1.00 0.90 1.50
0.70 -0.40 1.50
1.90 0.90 1.20
1.00 0.20 1.50
1.00 0.20 0.90
0.70 0.20 1.50
0.70 -0.10 1.50
1.00 0.90 0.90
1.00 -0.10 1.20
0.70 -0.10 1.20
1.00 0.20 1.20
0.70 -0.10 1.20
1.00 1.20 1.20
0.70 -0.70 1.20
0.70 0.90 1.20
0.70 0.20 1.20
0.70 -0.10 0.90
0.70 0.90 0.90
1.00 -0.10 0.90
0.30 0.90 1.20
0.70 0.20 0.90
0.30 -0.40 -0.10
0.70 1.20 0.90
0.30 -0.10 0.90
1.00 0.90 -0.10
0.30 0.20 0.90
2025 2 4 18 21 25 638
198.65 195.71 201.65 66.60 48.30 7.80 236.19 171.26 29.28 12.71 357.79 53.52 325.13 194.98 193.18 211.00
0.40 -0.30 -0.30
-0.20 0.00 0.00
-0.60 -0.30 -0.30
-0.20 -0.30 -0.30
0.40 0.00 -0.30
-0.20 -0.30 0.00
0.40 0.90 0.00
-0.20 -0.30 -0.30
0.40 -0.30 0.00
0.40 0.00 0.90
-0.20 0.00 0.00
-0.60 -0.30 -0.30
0.40 -0.60 0.90
-0.20 0.00 -0.30
-0.20 0.00 0.00
-0.20 -0.30 0.00
-0.20 0.30 0.00
-0.20 -0.30 0.00
-0.20 0.30 0.90
-0.60 -0.30 -0.30
-0.20 -0.60 0.00
-0.60 0.30 0.00
0.40 0.00 0.00
-0.20 -0.30 -0.30
0.40 0.30 0.00
-0.20 -0.30 0.00
-0.20 -0.30 -0.30
-0.60 0.30 0.00
-0.20 -0.30 -0.30
-0.20 0.00 0.00
-0.20 0.30 0.00
-0.60 -1.30 0.00
0.40 0.30 0.00
-0.20 -0.30 0.00
0.40 -0.60 -0.30
-0.20 0.30 0.00
-0.20 -0.60 0.00
-0.20 0.00 0.00
-0.20 0.30 0.00
-0.20 -0.60 -0.30
-0.20 0.30 -0.30
0.40 -0.30 -0.30
-0.20 0.30 0.00
-0.20 0.00 0.00
0.40 0.00 0.00
-0.60 0.00 0.00
0.40 0.00 0.00
-0.20 0.00 -0.30
-0.60 -1.30 0.00
0.40 1.60 0.00
3.50 5.30 0.90
12.30 13.20 2.50
23.90 22.60 4.10
33.90 29.50 5.30
46.20 37.00 5.60
53.70 39.80 6.60
59.40 43.90 6.90
63.40 46.10 7.20
65.00 47.40 7.80
65.60 48.30 7.20
66.60 46.10 7.20
65.60 47.70 7.20
64.40 46.10 7.20
63.80 45.80 6.90
63.40 45.80 6.60
62.50 43.00 6.60
60.90 45.20 6.60
59.40 41.10 6.30
58.10 41.10 5.60
56.50 40.20 5.60
54.30 37.60 5.30
52.80 38.30 5.30
51.50 36.10 5.30
50.60 35.80 5.30
48.70 34.20 4.40
47.10 32.60 5.00
46.50 32.90 5.30
45.60 31.10 5.00
44.90 31.10 4.40
42.70 29.80 4.10
42.10 28.20 5.00
40.80 27.60 4.10
39.30 27.30 4.40
38.00 26.70 4.10
37.10 25.40 4.10
36.10 25.10 4.10
35.50 24.20 4.10
34.30 24.20 3.80
33.60 23.80 4.10
32.10 22.60 3.40
31.40 22.90 3.40
30.80 22.30 3.80
29.90 21.60 3.40
28.60 20.40 3.40
28.30 20.10 3.40
27.00 20.40 2.80
26.40 18.80 2.80
25.50 18.80 2.80
24.20 18.80 2.80
24.20 18.20 2.80
23.60 17.60 2.50
22.30 16.00 2.80
22.00 16.90 2.50
21.10 15.40 2.50
20.80 15.70 2.50
19.80 14.40 2.50
19.20 15.70 2.50
18.60 15.40 2.20
18.30 14.10 2.50
17.60 13.80 2.80
17.60 12.90 2.80
16.40 13.80 2.20
16.40 12.90 2.20
16.10 12.20 2.20
15.10 12.90 2.20
14.80 11.00 1.60
14.80 11.60 2.20
13.90 11.00 2.50
13.60 10.00 2.20
12.60 11.00 1.60
13.20 9.40 2.20
12.30 9.70 2.20
11.40 9.40 1.60
11.40 8.20 1.60
11.40 8.80 1.60
11.00 7.50 1.20
10.70 8.80 2.20
10.40 6.90 1.60
10.40 7.50 1.60
10.40 7.50 1.60
9.50 6.00 1.20
8.50 7.50 1.20
9.50 5.60 1.60
9.20 6.60 1.20
8.50 6.90 1.20
7.90 5.30 1.60
8.20 6.90 1.60
7.60 4.40 1.20
7.60 5.60 0.90
7.00 5.30 2.20
7.60 5.00 1.20
7.00 6.00 1.20
6.70 4.10 1.20
6.70 5.30 1.20
6.70 5.00 1.20
6.30 4.10 1.60
6.00 5.00 1.20
6.00 4.10 0.90
6.30 4.40 0.90
6.00 3.80 1.20
6.00 4.40 1.20
5.40 4.10 0.90
5.40 3.10 1.20
5.10 4.10 0.90
5.10 3.10 0.90
4.10 4.10 1.20
4.80 3.10 1.60
4.80 2.80 0.90
4.80 4.10 1.20
3.80 2.20 1.20
4.10 3.10 1.20
3.80 3.10 1.20
3.80 2.50 0.90
3.50 2.80 0.90
3.80 2.20 0.90
3.50 2.20 1.20
3.50 2.80 0.90
3.20 2.20 0.90
3.80 2.20 1.20
3.50 2.20 0.90
3.50 2.20 0.90
3.20 2.20 0.90
3.20 2.80 0.00
3.20 1.30 0.00
3.20 2.20 0.90
3.20 2.20 0.90
2.60 1.60 0.00
3.20 2.50 0.00
3.20 2.20 0.90
2.60 1.60 1.20
3.20 1.60 0.90
2.30 2.20 0.00
2.60 0.90 0.90
2.30 2.20 0.90
3.20 1.30 0.90
2.30 1.30 0.90
2.60 2.80 0.00
2.30 -0.30 0.00
2.60 2.20 0.90
2.30 1.30 0.00
1.90 0.30 0.00
2.30 1.60 1.20
2.30 0.90 0.90
1.90 1.30 -0.30
2.30 2.20 0.00
1.90 0.30 -0.30
2.30 1.60 0.90
2.30 0.90 0.00
1.90 1.30 0.00
1.90 0.90 0.90
2025 2 4 18 31 59 736
198.09 192.20 208.39 21.90 50.20 28.70 72.02 177.42 108.61 38.23 345.50 41.56 357.66 198.76 189.91 207.82
-0.40 0.40 -0.50
-0.40 -0.30 -0.10
0.20 -0.30 -0.50
-0.40 1.00 -0.50
-0.40 -1.20 -0.10
-0.40 1.30 -0.10
0.20 -0.60 -0.10
-0.40 0.00 -0.10
-0.40 0.40 -0.10
0.20 -1.20 -0.50
0.20 1.00 -0.10
0.20 -0.30 -0.50
-0.40 0.00 0.80
-0.40 1.30 -0.10
-0.40 -0.60 0.80
0.20 0.40 -0.10
-0.70 -0.60 0.80
-0.40 0.00 -0.50
-0.40 0.00 -0.10
-0.40 -0.30 -0.10
0.20 -0.30 -0.50
0.20 -0.30 -0.10
-0.40 0.00 -0.10
0.20 -0.30 -0.10
-0.40 0.00 -0.50
-0.40 0.00 -0.50
-0.70 -0.60 -0.10
0.20 1.00 -0.50
-0.40 -0.60 -0.50
0.20 0.40 -0.10
-0.70 0.40 -0.50
-0.40 -0.30 -0.50
-0.40 0.40 -0.50
0.20 -0.30 -0.50
-0.40 -0.30 -0.50
0.20 0.00 -0.50
-0.40 -0.30 -0.10
-0.70 0.00 -0.50
-0.40 0.00 -0.10
0.20 -0.60 -0.10
-0.40 0.00 -0.50
0.20 0.00 -0.10
-0.40 -0.30 -0.50
0.20 0.40 -0.10
0.20 0.00 0.80
-0.40 1.30 -0.50
-0.70 -0.30 -0.10
0.20 0.40 -0.50
-0.40 1.30 -0.10
0.20 4.10 -0.10
0.50 12.90 0.80
4.60 22.90 0.80
8.10 31.70 5.20
12.10 37.70 10.80
14.00 40.50 16.50
17.80 45.20 19.30
19.00 45.50 20.90
20.30 49.00 21.50
20.60 49.90 23.70
21.90 49.00 26.20
20.60 50.20 26.20
21.20 48.70 27.20
20.90 48.40 28.10
21.20 47.40 28.40
20.60 45.80 28.70
19.70 45.20 28.40
19.30 44.00 27.80
19.30 42.70 27.20
18.40 42.40 26.80
18.10 41.10 26.80
16.80 40.20 26.50
17.50 38.90 25.60
16.80 37.70 25.60
16.20 37.10 25.30
15.90 35.80 24.00
15.90 34.60 24.00
15.00 33.00 23.40
14.60 33.90 22.40
14.60 31.40 22.80
14.60 30.50 21.20
13.40 30.20 21.20
13.10 28.30 20.60
12.40 28.90 19.90
13.10 26.70 18.40
12.40 27.00 18.70
11.20 26.70 18.40
10.60 24.20 18.10
10.60 25.50 16.80
10.20 22.90 16.80
10.60 22.90 16.50
9.30 22.60 16.50
9.60 20.10 15.50
9.00 22.30 15.20
9.30 19.80 14.90
8.40 19.80 14.30
8.40 19.80 14.00
8.10 17.60 13.70
8.10 19.50 13.30
7.40 17.30 12.40
7.70 17.00 12.40
7.40 17.00 12.10
6.80 15.70 12.10
6.50 15.70 10.80
6.80 15.10 10.50
6.50 13.80 10.50
6.20 14.50 9.90
6.20 13.80 9.90
6.20 13.20 9.30
5.90 13.20 9.30
5.90 13.20 8.30
5.20 12.60 8.30
5.20 12.60 8.30
4.90 11.70 8.00
4.60 11.30 8.00
4.60 11.00 8.00
4.60 10.40 7.10
4.60 10.10 7.10
4.00 10.40 6.80
4.00 9.50 6.80
4.60 10.10 6.10
3.70 9.80 6.10
3.70 8.80 6.10
3.30 10.10 6.10
3.70 8.50 5.50
3.30 8.80 5.20
3.30 8.80 5.20
3.00 6.60 5.20
3.70 8.80 4.90
3.00 6.90 5.20
3.00 7.60 4.20
2.40 7.60 4.90
3.00 6.60 3.90
3.00 8.20 3.90
3.00 5.70 4.20
2.40 6.90 3.60
2.40 6.00 3.90
2.40 5.40 4.20
2.10 6.60 3.90
2.10 4.40 3.90
2.40 6.00 3.90
2.10 5.10 3.60
2.10 4.10 3.30
0.80 5.70 3.30
2.40 4.10 3.30
1.80 4.40 3.30
2.10 5.10 3.30
0.80 3.80 3.60
0.80 5.40 2.70
1.80 3.80 2.70
1.80 3.80 2.40
0.80 4.10 2.70
1.80 3.20 2.40
0.80 3.80 2.70
0.80 3.80 2.10
0.50 3.20 2.10
0.80 3.20 2.10
0.50 2.90 2.10
0.80 3.20 2.10
0.80 2.60 2.70
1.80 3.20 2.10
0.20 2.60 2.40
0.80 3.20 2.10
0.50 2.90 1.40
0.80 2.20 2.10
0.50 2.90 1.40
0.50 2.60 2.10
0.20 2.90 1.40
0.50 3.20 1.10
0.50 1.60 1.40
0.20 2.90 2.10
0.20 1.60 2.10
0.80 2.20 2.10
0.50 2.90 1.40
0.50 1.30 1.40
0.20 2.90 1.40
0.50 2.60 1.40
0.50 1.60 1.40
0.50 2.90 1.10
0.50 1.30 2.10
0.50 2.20 1.10
0.20 1.60 1.10
0.50 1.60 1.10
0.20 2.90 1.10
0.50 1.00 0.80
0.50 2.20 1.10
0.20 1.60 2.10
0.50 1.00 0.80
0.20 2.60 0.80
0.50 0.40 0.80
0.50 1.60 1.10
0.20 1.00 1.10
0.50 1.30 0.80
0.20 1.60 1.10
0.20 0.40 0.80
0.20 1.60 0.80
0.50 1.30 0.80
0.20 1.30 0.80
0.50 1.60 0.80
-0.40 1.30 1.10
0.20 2.20 -0.10
2025 2 4 18 38 53 164
211.46 210.10 199.23 44.20 29.40 25.00 155.80 106.30 85.97 36.19 132.91 29.89 139.68 209.39 209.50 199.23
-0.30 0.00 -0.40
0.30 -0.40 -0.40
-0.30 -0.40 -0.40
0.30 0.30 -0.40
-0.30 -0.40 0.60
0.30 0.00 0.60
-0.30 -0.40 -0.70
0.30 0.90 -0.40
-0.70 -0.40 -0.40
0.30 -0.40 -0.40
-0.30 0.30 -0.40
0.30 0.30 -0.70
-0.30 0.00 -0.40
-0.30 0.30 -0.70
-0.30 -0.40 -0.40
-0.30 -0.40 -0.70
-0.70 0.00 -0.40
-0.30 -0.70 -0.40
0.30 0.30 -0.40
-0.30 0.90 -0.70
-0.30 -0.70 -0.40
0.30 0.90 -0.70
-0.30 -0.40 -0.40
-0.30 0.30 -0.70
0.30 0.90 -0.70
-0.30 -0.40 -0.40
-0.30 0.00 -0.40
0.30 0.00 -0.70
-0.30 -0.40 -0.40
-0.30 0.30 -0.40
0.30 -0.40 -0.40
0.30 0.30 -0.70
-0.30 0.00 -0.40
0.30 0.00 -0.40
-1.00 -0.40 -0.70
-0.30 0.00 -0.40
-0.30 0.30 -0.40
0.30 0.00 -0.40
-0.30 0.30 -0.40
0.30 0.00 -0.40
-0.30 -0.40 -0.70
0.30 0.30 -0.70
0.30 0.00 -0.40
0.30 0.90 -0.40
-0.30 0.30 0.60
0.30 0.00 -0.40
0.30 0.30 -0.70
-0.30 0.00 -0.40
-0.30 0.00 -0.70
-0.30 0.00 1.20
-0.30 0.00 5.90
0.30 0.00 11.80
-0.30 0.30 15.90
0.90 2.80 19.70
6.20 5.00 22.50
15.30 10.90 24.10
22.20 15.30 24.70
28.20 19.70 24.70
32.60 23.20 24.70
37.00 24.10 25.00
39.20 26.90 25.00
40.80 28.20 23.80
42.60 27.60 24.10
44.20 29.40 23.80
42.60 27.60 23.10
42.60 28.20 22.50
42.30 27.30 22.20
41.10 26.90 20.90
39.80 28.20 20.30
39.50 26.60 20.30
38.20 26.60 19.70
37.90 26.00 18.40
36.40 25.10 18.40
36.10 24.10 18.10
35.40 24.10 17.80
33.50 23.80 16.90
32.30 22.20 16.60
32.30 22.50 16.20
31.00 21.00 16.20
31.00 21.30 15.90
30.70 20.30 15.00
30.40 19.40 15.00
29.20 20.00 14.00
28.50 18.20 13.40
27.60 18.50 13.40
27.60 18.20 13.40
26.30 17.20 12.50
25.40 17.20 12.20
24.80 16.90 12.20
24.10 16.00 11.20
23.50 16.00 10.60
22.20 15.30 10.60
21.90 13.80 10.60
21.00 14.40 9.30
20.40 13.80 9.70
19.40 12.80 9.30
19.10 13.10 9.30
19.10 12.20 8.40
18.20 12.50 9.00
17.50 12.20 8.10
16.90 10.90 7.80
16.60 11.60 8.10
16.30 10.90 7.80
15.30 10.90 7.50
15.00 10.00 6.80
15.00 10.30 6.80
14.10 9.70 6.80
13.80 9.70 6.50
13.50 9.70 6.50
13.20 8.40 6.20
12.50 9.70 6.50
12.20 8.40 6.20
11.00 8.10 5.90
11.30 8.10 5.30
11.00 7.50 5.90
10.60 8.10 5.30
10.60 6.90 4.90
10.30 6.90 4.90
9.70 6.50 4.90
10.30 6.50 4.90
8.40 5.90 4.00
9.40 5.90 3.70
8.40 5.60 4.00
7.80 5.60 3.70
8.10 5.60 4.00
7.80 5.60 3.70
7.80 5.30 4.00
7.50 5.60 3.40
6.90 5.00 3.40
7.50 5.00 3.40
6.60 5.00 3.70
6.60 4.30 3.40
6.20 4.30 3.40
6.60 4.30 3.10
6.20 4.00 3.10
6.20 3.70 3.10
5.30 3.10 2.40
6.20 3.70 2.40
6.20 3.70 2.40
6.20 3.10 2.10
5.90 3.70 2.40
5.90 3.10 2.10
5.00 2.80 2.40
5.90 3.10 2.10
5.00 3.10 2.40
5.30 3.70 2.10
5.00 2.80 2.10
5.00 3.10 2.10
4.70 2.80 2.10
4.70 2.80 1.80
4.10 3.10 1.80
4.70 3.10 1.80
4.10 2.80 1.80
4.70 3.10 1.20
3.70 2.80 1.80
3.70 3.10 1.20
3.70 2.80 1.20
3.70 2.80 1.80
3.70 2.50 1.80
3.40 2.50 1.80
3.40 2.20 1.20
3.70 2.80 1.20
3.10 2.50 1.20
3.10 2.50 0.90
2.50 2.20 1.80
2.50 2.20 0.90
2.50 2.20 1.20
3.10 2.50 1.20
2.50 1.20 0.90
3.10 2.80 0.90
2.50 2.20 1.20
2.50 1.20 1.20
2.20 1.50 0.90
2.50 1.50 0.90
2.20 1.20 0.90
2.50 2.50 0.60
2.20 0.90 0.90
2.50 2.20 0.90
2.20 1.20 1.20
2.50 0.30 0.90
1.90 2.20 1.20
2.50 1.20 0.90
1.90 1.20 1.20
2.20 2.20 0.90
1.90 0.30 0.90
1.90 1.20 0.90
0.90 1.20 0.90
1.90 1.20 0.90
0.90 0.90 1.20
1.90 1.20 0.90
0.90 0.90 0.90
1.90 1.20 0.90
0.90 1.20 0.90
0.90 0.90 0.90
0.90 1.50 0.60
0.60 1.20 0.90
0.90 1.20 0.60
0.90 1.50 -0.40
0.90 0.30 1.20
0.90 1.20 0.60
2025 2 4 18 43 5 165
195.63 191.13 196.21 11.50 20.00 6.10 39.71 74.42 18.61 12.76 31.57 54.79 348.39 200.93 192.38 214.00
-0.10 -0.10 1.10
-0.10 -0.40 1.40
-0.10 1.20 0.80
-0.40 -1.00 1.40
0.50 0.50 0.80
-0.10 -0.40 0.80
-0.10 0.20 1.10
-0.40 0.20 -0.20
0.50 -0.40 -0.20
-0.10 0.20 1.10
0.50 -0.40 0.80
-0.10 0.20 1.10
-0.10 0.20 -0.20
0.50 0.20 0.80
0.50 0.50 -0.20
-0.40 -0.40 0.80
-0.10 0.50 -0.20
-0.10 -0.40 0.80
-0.10 0.50 -0.20
-0.40 0.20 -0.20
0.50 -0.40 0.80
-0.10 0.20 -0.20
0.50 -0.40 0.80
-0.10 0.20 0.80
0.50 -0.10 0.80
-0.10 -0.10 -0.50
-0.10 0.50 0.80
-0.40 -0.40 -0.20
-0.10 0.20 0.80
-0.10 -0.40 0.80
-0.10 -0.10 0.80
-0.10 0.50 -0.20
-0.10 -0.40 -0.20
-0.10 0.50 -0.20
0.80 0.20 0.80
-0.10 -0.10 0.80
0.50 0.50 -0.20
0.50 -0.40 0.80
-0.10 0.20 -0.20
-0.40 -0.10 0.80
0.50 -0.10 -0.20
0.50 0.20 -0.50
0.50 0.20 -0.20
-0.10 -0.10 0.80
0.50 0.50 -0.50
0.50 -0.40 -0.20
-0.10 0.20 -0.20
0.50 0.20 -0.20
0.50 -0.10 1.10
0.50 2.70 1.40
2.10 5.90 3.30
2.70 7.80 3.60
6.20 11.50 3.90
8.10 13.10 4.80
9.60 15.30 5.20
10.60 16.20 6.10
10.90 17.20 6.10
10.90 18.40 6.10
11.50 18.40 5.20
10.90 18.70 5.50
10.90 20.00 4.80
10.60 18.70 5.20
9.90 19.70 4.20
9.60 18.40 5.20
9.60 19.10 4.80
9.30 18.40 4.80
9.30 18.40 4.20
8.70 18.40 4.20
8.70 17.50 3.90
8.70 17.50 3.90
8.40 15.90 3.90
7.70 15.90 3.90
8.10 15.30 3.90
7.10 14.70 3.60
7.70 15.30 3.60
6.80 13.10 3.30
6.80 15.30 3.30
6.80 14.00 3.30
6.80 14.30 3.30
6.50 14.00 2.60
6.80 12.50 3.30
6.20 14.30 2.60
5.60 11.80 2.60
6.20 12.50 2.30
5.60 12.50 2.60
5.20 10.60 2.30
5.60 12.80 2.30
4.90 9.60 2.30
4.90 11.50 2.30
4.30 10.60 2.30
4.90 9.60 2.30
4.30 10.60 2.00
4.90 8.70 2.00
4.30 10.00 1.40
4.90 9.00 1.40
3.70 8.40 2.00
4.30 9.00 2.00
4.00 6.80 2.00
4.00 8.70 2.00
3.70 6.80 2.30
4.00 8.40 2.00
3.40 6.20 1.40
3.70 6.80 1.40
2.70 6.20 1.10
3.70 5.60 1.10
3.70 6.80 1.40
3.40 5.90 1.10
2.70 5.60 1.40
3.70 6.20 1.10
2.70 4.60 1.40
3.40 5.90 1.10
2.40 4.60 1.10
3.40 5.30 1.10
2.70 5.60 1.10
2.40 4.30 1.10
2.40 4.60 1.10
2.70 4.30 0.80
2.70 4.60 1.10
2.10 4.00 1.10
2.40 3.40 1.10
2.70 4.30 1.10
2.10 3.40 1.10
2.40 3.40 0.80
1.20 4.00 1.10
2.40 3.40 0.80
2.40 3.40 0.80
2.40 3.40 1.10
1.20 2.70 -0.20
2.10 3.10 1.10
2.10 3.10 0.80
2.40 2.40 0.80
1.20 3.10 1.10
2.10 2.40 0.80
1.20 3.10 1.10
1.20 3.40 -0.20
1.20 1.50 -0.20
2.10 3.40 0.80
1.20 2.40 -0.20
2.10 2.40 0.80
1.20 2.70 0.80
2.10 1.50 -0.20
2.10 2.40 -0.20
1.20 1.80 0.80
0.80 1.50 0.80
2.10 1.80 -0.20
1.20 1.50 1.10
1.20 2.40 0.80
1.20 1.50 0.80
2.10 2.40 0.80
0.80 1.50 -0.20
1.20 1.80 -0.20
0.50 1.80 0.80
1.20 0.50 -0.20
0.80 3.10 0.80
0.80 1.20 -0.20
0.50 1.50 0.80
0.80 2.40 -0.20
0.50 0.20 0.80
1.20 3.10 -0.20
0.50 1.20 0.80
1.20 1.50 1.10
0.80 1.80 0.80
0.80 1.50 -0.50
0.80 2.40 -0.20
0.80 0.50 -0.20
0.80 1.80 -0.20
0.80 1.50 -0.50
0.50 1.50 -0.20
0.50 2.40 -0.50
0.50 0.20 0.80
0.80 2.40 0.80
0.50 0.50 -0.20
0.80 0.50 -0.20
0.50 1.50 -0.50
0.50 0.20 -0.20
0.80 1.50 -0.50
0.80 0.50 -0.50
0.50 0.20 0.80
0.50 1.50 -0.50
0.50 -0.10 0.80
0.80 1.20 -0.50
0.50 1.20 -0.50
0.50 1.50 -0.20
0.50 0.20 -0.20
0.80 0.50 -0.20
0.50 1.20 -0.20
-0.10 0.20 -0.20
0.50 1.20 -0.50
0.50 0.20 -0.50
0.50 1.20 -0.20
0.50 0.50 -0.50
-0.10 -0.10 -0.50
0.50 1.50 -0.20
-0.10 -0.10 -0.50
0.50 1.50 -0.50
0.50 0.50 -0.20
0.50 0.20 -0.20
0.50 0.50 -0.20
0.50 0.50 -0.20
-0.40 0.50 -0.20
2025 2 4 18 47 25 260
188.62 190.97 189.29 8.50 10.50 8.10 31.88 36.42 34.66 6.37 235.88 24.26 73.53 203.94 195.93 199.08
-0.30 0.20 0.90
0.30 1.10 0.00
-0.30 -0.40 0.00
-0.30 1.40 0.00
0.30 -0.40 0.00
0.60 -0.10 0.90
-0.30 -0.10 0.00
0.30 0.20 0.00
-0.30 0.50 0.00
-0.30 -0.40 0.00
-0.30 1.40 0.00
-0.30 -0.10 0.00
0.30 -0.10 0.00
0.30 1.40 0.00
0.30 -0.40 0.00
-0.30 1.40 0.00
-0.30 0.20 0.00
0.60 -0.10 0.90
-0.60 0.50 0.00
0.30 -0.40 0.00
-0.30 0.20 0.90
0.30 -0.10 0.00
0.30 0.20 0.00
0.30 0.20 0.00
-0.30 -0.10 0.90
0.30 0.20 0.00
-0.30 0.20 -0.30
0.30 0.20 -0.30
-0.30 -0.10 0.00
0.30 0.20 0.00
-0.60 -0.10 0.00
-0.30 0.50 0.00
-0.30 -0.10 0.90
0.30 0.20 1.20
0.30 0.20 0.90
-0.30 0.20 0.00
-0.60 0.20 0.00
0.60 -0.10 0.90
-0.30 0.50 0.00
0.30 -0.10 0.00
-0.60 -0.10 -0.30
0.30 0.50 -0.30
-0.30 -0.40 0.00
-0.30 0.50 0.00
-0.30 -0.10 0.00
-0.30 0.50 0.00
-0.30 1.10 0.00
-0.30 -0.10 1.20
0.60 1.40 2.50
2.50 1.40 4.00
2.50 3.30 5.30
3.50 6.10 5.60
4.10 6.10 6.60
6.30 8.60 6.90
7.60 7.70 8.10
7.90 9.60 7.20
7.90 9.60 8.10
8.50 9.00 8.10
8.50 10.50 8.10
8.50 9.00 8.10
8.20 10.20 7.80
8.20 9.90 7.80
8.20 8.30 7.80
8.50 10.20 6.90
7.60 8.30 6.90
7.90 9.60 6.90
6.90 9.00 6.90
7.60 8.60 6.60
6.90 9.00 6.60
6.60 7.70 6.60
6.60 9.00 6.20
6.90 8.30 6.20
6.60 7.70 6.20
6.90 7.70 6.20
6.60 6.10 5.30
6.30 7.70 5.30
6.00 5.80 5.60
6.30 7.10 5.00
5.40 6.10 5.60
6.30 5.50 5.00
5.00 6.80 5.00
6.00 5.50 4.00
5.40 5.50 4.40
5.00 5.80 4.00
4.10 4.30 4.00
5.00 6.10 3.70
4.70 3.90 4.00
4.10 5.50 4.00
4.10 4.60 4.00
4.70 3.30 3.70
4.10 5.50 3.70
4.10 3.90 3.40
3.80 4.30 3.40
3.80 4.30 3.40
3.50 3.30 3.70
3.50 4.30 3.70
3.20 3.30 3.70
3.80 4.30 3.70
3.80 3.30 3.40
3.80 3.90 2.80
3.50 3.30 2.80
3.50 3.30 3.40
3.20 3.00 3.40
3.20 3.00 2.20
3.20 2.70 2.80
3.50 2.70 2.80
3.20 3.00 2.80
3.20 2.40 2.20
2.50 3.00 2.50
3.20 2.70 2.20
2.50 2.40 2.20
3.20 3.30 2.20
2.20 1.40 2.20
2.50 3.00 2.20
2.50 2.40 2.50
2.50 2.40 2.20
2.20 2.40 2.80
2.20 1.40 2.50
1.90 2.40 2.50
2.20 1.40 2.50
1.00 1.70 2.20
1.90 1.70 2.20
1.90 1.70 1.50
2.20 2.70 2.20
1.00 1.40 2.20
2.20 1.70 1.50
1.00 0.50 2.20
1.90 1.70 2.20
1.00 1.40 1.50
2.20 0.50 1.50
1.90 2.40 1.50
1.90 0.20 1.50
1.90 1.40 1.50
2.20 1.40 1.20
1.00 1.10 2.20
1.00 3.00 1.50
1.90 -0.10 1.50
0.60 1.40 1.20
1.00 1.10 1.50
1.90 0.50 1.50
0.60 1.70 1.20
0.60 0.50 1.20
1.00 1.40 1.20
0.60 0.50 1.20
0.60 0.20 1.20
0.60 1.70 1.20
0.30 -0.40 0.90
0.60 1.40 1.50
0.30 0.50 1.20
0.60 0.20 1.20
0.30 1.10 1.20
1.00 0.20 1.20
0.30 1.40 1.20
0.60 1.10 1.20
0.60 1.10 1.50
0.60 1.10 1.20
0.30 -0.10 1.20
0.60 0.50 0.90
0.30 0.20 1.20
0.30 0.50 1.20
0.30 0.50 1.20
0.60 -0.10 1.20
0.60 0.50 0.90
0.30 0.20 1.20
0.30 1.10 1.20
0.60 0.50 0.90
0.60 -0.10 1.20
0.60 1.10 0.00
0.30 -0.10 1.20
0.60 1.10 0.90
0.60 0.20 0.90
0.30 0.20 0.90
0.30 0.50 0.90
0.30 -1.10 1.20
0.30 0.50 1.50
0.30 0.50 1.20
-0.30 -0.10 0.90
0.30 0.50 0.90
0.30 0.20 1.50
-0.30 0.50 1.20
-0.30 0.50 0.90
0.30 -0.10 1.20
-0.30 0.20 0.00
0.60 1.10 1.20
-0.30 -0.10 0.90
0.30 0.50 1.20
-0.30 -0.10 0.90
0.30 0.20 1.20
0.30 0.20 1.20
0.30 -0.10 0.00
-0.30 1.40 0.00
0.30 0.20 1.20
-0.30 1.10 0.90
0.30 1.10 0.00
-0.30 -0.10 1.20
0.60 1.70 0.90
-0.30 -0.10 0.90
-0.30 1.10 0.00
0.30 0.20 0.00
0.30 0.20 0.00
2025 2 4 18 57 45 539
199.81 201.29 192.98 25.30 34.00 14.20 89.75 117.60 55.02 20.71 150.39 7.49 131.70 199.75 199.39 197.05
0.20 -0.20 -0.20
-0.70 0.10 -0.20
0.20 0.10 -0.20
-0.40 -0.50 -0.20
0.20 0.40 0.10
-0.40 -0.50 0.10
0.20 0.40 -0.20
-0.40 -0.20 0.10
0.20 0.10 -0.20
-0.40 1.00 0.10
0.20 -0.50 0.10
-0.70 0.40 0.10
0.20 0.40 0.10
0.20 -0.20 0.10
0.20 1.30 -0.20
-0.40 -0.20 -0.20
0.20 0.40 0.10
0.20 -0.20 -0.20
0.20 0.40 0.10
-0.40 0.40 1.00
0.20 0.10 -0.20
-0.40 0.40 -0.20
-0.40 -0.20 -0.20
0.20 0.10 0.10
0.20 0.10 -0.20
-0.70 -0.20 -0.20
-0.40 0.40 -0.20
-0.40 -0.20 0.10
0.20 0.40 0.10
-0.40 0.10 1.00
0.20 0.10 0.10
-0.40 0.40 0.10
0.20 0.10 -0.20
-0.40 0.10 1.00
0.20 0.10 -0.20
-0.40 0.10 0.10
-0.40 0.10 0.10
-0.40 0.40 -0.20
0.20 0.10 0.10
0.20 0.10 0.10
0.20 0.40 0.10
-0.40 -0.20 -0.20
0.20 1.30 -0.20
-0.40 -0.50 0.10
0.20 0.10 0.10
-0.40 1.00 0.10
-0.40 0.40 -0.20
-0.70 0.40 0.10
0.20 -0.20 2.30
0.20 0.40 4.50
2.40 1.00 6.40
3.40 3.20 7.90
7.80 7.00 11.10
10.30 11.10 12.30
14.00 17.70 12.30
15.90 20.50 13.60
18.40 27.70 14.20
20.30 29.90 13.90
22.20 30.20 13.90
24.70 34.00 13.90
25.00 31.80 13.90
25.30 33.00 13.60
25.00 33.00 13.60
24.70 31.80 13.00
24.10 32.70 13.60
23.40 30.20 12.60
23.10 31.10 13.00
23.10 30.50 12.60
22.20 29.60 12.60
20.90 29.00 11.70
20.90 27.70 11.10
20.30 27.40 10.80
20.30 26.10 10.10
19.40 26.10 10.80
19.40 24.60 9.80
19.00 24.20 9.80
18.40 24.20 10.10
17.50 22.40 9.50
17.50 23.00 8.90
16.90 21.70 8.90
16.90 20.50 8.20
16.20 21.70 8.60
15.90 19.90 8.90
15.00 19.90 8.20
15.00 18.90 7.90
14.70 18.30 8.20
14.00 18.30 7.30
13.40 17.30 7.30
13.40 17.30 6.70
12.50 16.10 6.70
13.10 16.10 6.40
12.10 15.80 6.70
11.20 14.50 6.40
10.90 15.10 6.70
10.90 13.90 6.40
10.90 13.90 5.70
10.30 13.90 5.40
10.30 12.30 5.40
10.30 13.30 4.50
9.30 12.30 5.10
9.30 12.30 4.50
9.00 11.70 4.50
9.00 11.40 4.50
8.10 11.40 4.20
8.40 10.40 4.50
8.10 10.10 4.20
8.40 10.40 4.20
7.80 10.10 4.20
7.80 9.80 4.20
7.40 10.10 4.20
7.80 9.80 3.90
6.50 8.60 3.90
6.80 8.90 4.20
6.20 8.20 3.50
6.20 8.20 3.50
6.20 7.60 3.50
6.20 8.20 3.90
5.20 7.00 3.50
5.90 7.00 2.90
5.20 8.20 3.50
5.20 5.70 2.90
4.60 7.60 2.60
4.90 6.10 2.90
4.90 6.10 2.90
4.90 6.70 2.30
4.60 4.50 2.60
4.00 5.70 2.60
4.00 5.10 2.60
4.00 4.50 2.30
4.00 5.10 2.30
4.60 4.20 2.30
3.70 5.40 2.30
4.00 4.20 2.30
3.40 4.50 2.30
4.00 4.20 2.30
3.40 3.20 2.30
3.40 5.10 2.30
3.00 2.60 2.30
3.40 5.40 1.30
2.40 3.90 2.30
3.00 2.90 1.70
3.00 4.50 1.70
3.00 2.30 1.70
2.40 4.20 1.70
3.00 2.90 1.70
2.40 2.60 1.70
2.40 4.20 1.30
2.10 1.30 1.70
2.40 3.90 1.70
2.10 2.30 1.70
2.40 2.90 1.30
2.10 2.60 1.30
2.10 2.30 1.00
2.40 2.90 0.10
2.10 2.30 1.30
2.10 2.60 1.00
2.10 1.30 1.30
2.10 2.30 1.70
2.10 2.90 1.00
1.80 1.00 1.00
2.40 2.90 1.30
0.90 1.30 1.00
1.80 1.70 1.30
0.90 2.30 1.00
0.90 0.40 1.30
0.90 2.60 1.00
0.90 1.30 1.00
0.90 1.30 1.30
1.80 2.60 0.10
0.50 1.00 1.30
1.80 2.30 -0.20
0.90 1.30 1.00
0.90 1.30 1.30
0.90 1.70 1.30
0.90 1.30 0.10
0.90 0.40 1.30
2.10 1.30 1.30
0.50 1.00 1.00
0.90 1.00 1.00
0.20 1.30 1.30
0.50 1.00 1.30
0.50 1.00 1.30
0.90 1.30 1.00
0.50 0.40 1.00
0.90 1.30 1.30
0.20 0.40 0.10
0.90 1.30 1.00
0.90 1.00 1.00
0.90 1.30 1.00
0.50 0.10 1.30
0.20 1.30 0.10
0.50 1.00 1.00
0.90 0.40 1.00
0.20 1.30 1.30
0.20 0.10 1.00
0.20 0.40 1.30
0.90 1.30 1.00
0.20 -0.20 1.00
0.50 1.30 0.10
0.20 -0.20 0.10
2025 2 4 19 9 37 237
197.27 186.48 198.50 15.40 8.90 15.20 56.20 26.90 54.56 31.80 32.34 23.53 35.81 200.48 192.17 200.91
-0.30 -0.20 -0.20
0.70 0.10 -0.20
-0.30 1.00 -0.20
0.40 -0.20 0.80
-0.30 0.10 -0.20
0.70 0.10 0.80
-0.60 -0.20 1.10
0.70 0.40 0.80
-0.30 -0.20 1.10
-0.30 -0.20 0.80
-0.30 0.10 0.80
0.40 -0.50 0.80
-0.30 0.10 -0.20
0.40 0.10 -0.20
-0.30 0.10 -0.20
0.40 0.40 -0.20
-0.30 -0.50 0.80
0.70 0.40 0.80
0.40 0.10 -0.20
0.40 -0.50 0.80
-0.30 -0.20 0.80
0.40 0.10 -0.20
-0.30 0.10 -0.50
0.40 -0.20 1.10
0.40 0.10 0.80
0.40 0.40 0.80
0.40 -0.20 0.80
0.40 0.10 0.80
-0.30 0.10 0.80
0.40 0.10 -0.20
0.40 0.10 0.80
0.40 -0.50 0.80
0.40 -0.50 0.80
0.40 0.10 0.80
-0.30 -0.20 0.80
0.70 0.40 0.80
-0.30 -0.20 -0.20
0.40 0.10 -0.20
-0.30 0.10 0.80
0.40 -0.20 -0.20
-0.30 -0.20 0.80
0.40 0.10 -0.20
-0.30 -0.20 -0.20
0.40 0.40 -0.20
-0.30 -0.20 0.80
0.40 0.10 -0.20
-0.30 -0.20 -0.50
0.40 0.40 -0.20
-0.30 1.00 0.80
0.40 4.20 1.10
1.00 5.40 4.20
3.80 6.00 7.70
6.00 7.00 9.90
8.20 6.70 12.10
9.80 8.90 13.60
12.30 8.20 13.60
12.60 7.60 14.30
14.20 8.90 14.00
14.80 7.00 14.00
15.10 7.60 15.20
15.10 8.20 14.90
15.40 7.60 14.30
14.80 8.20 14.30
15.10 7.60 14.00
13.90 7.60 13.60
14.20 7.00 13.60
13.20 6.70 13.30
13.20 6.70 12.40
13.20 6.00 12.40
12.60 6.00 12.10
12.30 5.70 12.10
12.60 5.40 10.80
11.00 5.10 10.80
11.00 6.00 10.80
10.70 4.50 10.50
10.70 5.70 9.90
10.40 4.50 9.90
10.70 4.50 9.90
9.80 5.40 9.60
10.40 4.50 8.60
9.50 4.50 8.30
9.20 4.20 8.60
9.50 4.20 8.60
9.20 3.80 7.70
8.50 3.80 8.00
8.20 3.80 7.10
8.20 3.20 7.70
7.90 3.80 6.70
7.00 3.20 7.10
7.60 3.80 6.40
7.00 2.90 6.70
7.00 3.20 6.40
6.60 3.20 6.10
6.60 2.60 5.50
6.30 2.90 5.50
6.30 2.60 5.50
6.00 2.60 5.20
6.00 3.20 5.50
5.10 1.70 4.90
5.40 2.90 5.20
5.40 2.30 4.90
5.40 2.30 4.90
5.10 2.30 4.20
5.10 2.30 4.20
4.80 2.30 3.90
5.10 1.70 3.90
4.10 2.60 3.90
5.40 1.30 3.60
5.10 2.30 3.60
4.80 2.30 3.90
3.80 1.30 3.90
4.80 2.30 3.30
3.80 1.00 3.60
4.10 1.70 3.30
3.50 1.70 3.30
4.10 1.00 3.30
3.80 1.70 2.70
3.80 1.30 2.40
3.20 1.30 2.70
3.50 1.00 2.40
3.50 1.30 2.40
3.50 1.30 2.40
3.50 1.30 2.40
3.80 1.30 2.40
2.60 0.40 2.40
3.20 1.30 2.00
2.60 1.00 2.00
3.20 1.00 2.40
2.60 1.30 2.70
2.60 1.00 2.00
2.60 1.00 2.40
2.60 0.40 2.00
2.60 0.10 2.00
3.20 1.30 1.40
1.90 1.00 2.40
2.60 0.40 2.00
1.90 1.00 2.00
2.30 0.40 1.40
1.90 0.40 2.00
2.60 1.00 2.00
1.90 -0.20 2.00
2.30 0.40 2.00
1.00 1.00 2.00
1.90 0.40 1.40
1.00 1.00 1.40
1.90 1.00 1.10
0.70 0.10 1.40
1.90 1.00 1.10
1.90 0.10 2.00
2.30 0.40 1.40
1.00 1.00 1.40
1.90 0.40 1.10
1.90 0.40 1.40
1.90 0.40 1.40
1.00 0.40 1.40
1.00 1.00 1.10
0.70 0.10 1.10
1.00 0.10 1.10
1.90 0.40 1.40
1.90 0.10 0.80
1.00 0.10 1.40
1.00 0.10 1.10
1.00 0.10 1.10
1.00 0.10 0.80
1.00 0.40 1.10
0.70 0.40 1.10
0.40 0.40 1.40
1.00 -0.20 1.10
0.70 0.10 1.10
0.70 0.40 1.10
0.70 -0.50 1.10
1.00 0.10 0.80
0.70 -0.20 -0.20
0.70 0.10 -0.20
0.40 0.10 0.80
0.70 -0.20 1.10
0.40 1.00 0.80
1.00 -0.20 0.80
0.70 0.40 0.80
1.00 -0.20 0.80
0.70 0.10 0.80
1.00 1.00 0.80
0.40 -0.20 1.10
0.70 1.00 0.80
0.40 -0.50 0.80
0.40 0.10 0.80
0.40 0.40 0.80
0.40 -0.50 0.80
0.70 0.40 0.80
0.70 -0.20 -0.20
0.40 0.10 0.80
0.70 0.10 -0.20
0.40 -0.20 0.80
0.70 0.40 -0.20
0.40 -0.50 1.10
0.40 1.00 0.80
0.40 -0.50 0.80
0.40 0.10 -0.20
-0.30 0.40 0.80
0.40 -0.20 0.80
2025 2 4 19 23 7 628
196.32 189.68 197.60 9.30 22.20 10.80 35.45 71.39 37.09 19.42 28.08 38.28 23.20 202.30 190.38 205.76
0.20 -0.10 -0.50
0.20 2.10 -0.20
0.20 -1.30 -0.50
0.60 1.20 -0.20
-0.40 0.20 -0.50
0.60 -0.70 -0.20
0.20 1.20 -0.50
0.20 -0.70 -0.20
-0.40 0.90 -0.20
0.20 0.20 -0.20
0.20 -0.70 -0.50
0.20 0.90 -0.20
0.20 -0.70 -0.50
0.60 0.20 -0.20
0.20 -0.70 -0.50
0.60 -0.10 -0.20
0.60 0.20 -0.20
0.90 -0.70 -0.20
-0.40 0.90 -0.20
0.20 -0.70 -0.20
0.20 -0.10 -0.50
0.90 -0.10 -0.20
0.20 -0.40 -0.50
0.20 1.20 -0.50
0.20 -0.70 0.80
0.60 0.20 -0.50
0.20 0.20 -0.50
0.20 -0.10 -0.20
-0.40 0.90 -0.50
0.60 -0.40 -0.20
0.20 0.20 -0.50
-0.40 -0.40 -0.50
0.20 -0.40 0.80
0.20 0.90 -0.80
0.20 -0.40 -0.20
0.20 0.20 0.80
-0.40 -0.70 -0.20
0.20 -0.40 -0.20
-0.40 -0.10 -0.20
0.20 -0.70 0.80
0.20 0.90 0.80
0.20 -0.70 -0.20
0.20 -0.40 -0.20
0.60 -0.10 -0.50
0.20 -0.40 -0.20
0.20 -0.10 -0.20
0.20 -0.10 0.80
0.20 -0.40 -0.50
-0.40 1.20 -0.50
0.20 4.30 1.40
0.60 7.50 3.30
3.10 12.20 3.90
5.00 13.10 6.40
7.50 16.90 7.00
8.40 18.40 7.70
9.00 19.40 8.00
9.30 22.20 9.20
9.30 20.90 9.50
9.00 21.30 9.90
9.30 21.60 10.80
9.00 20.00 10.80
9.00 20.90 10.80
8.40 18.40 10.80
8.40 19.70 10.80
7.80 18.40 9.90
8.10 18.10 9.50
7.80 18.10 9.90
8.40 17.20 9.50
7.80 18.40 8.60
7.50 15.60 8.60
6.80 16.90 8.60
6.80 16.90 8.30
6.50 14.40 8.00
6.50 15.60 8.00
5.90 13.10 8.00
6.20 15.30 7.70
5.90 13.70 7.00
6.50 12.50 7.00
6.20 13.70 6.70
6.50 11.50 7.00
5.90 12.80 6.70
6.20 12.20 6.70
5.90 12.20 6.10
5.90 12.20 6.10
5.30 10.30 6.40
5.30 11.20 5.50
5.00 9.70 5.50
5.30 10.30 5.50
4.60 10.00 5.50
5.00 8.40 4.80
4.60 9.30 5.20
4.60 8.40 5.20
4.60 8.40 4.80
4.60 8.40 4.80
4.00 6.80 4.80
4.60 8.70 3.60
3.40 6.50 4.20
4.60 7.50 3.90
3.40 7.50 3.90
4.00 6.80 3.90
3.40 7.50 3.90
3.70 6.80 3.60
3.40 6.50 3.90
3.40 6.80 3.60
2.40 5.60 3.60
3.10 5.90 3.30
2.40 5.60 3.60
3.10 5.30 2.60
2.40 5.30 3.30
3.40 4.30 3.60
2.40 5.60 2.60
2.40 4.00 2.60
2.40 4.90 2.30
3.10 4.00 2.60
2.40 3.70 2.60
2.40 4.90 2.00
2.10 3.10 2.00
2.40 3.70 2.30
0.90 2.80 2.00
2.10 3.10 2.00
1.80 3.70 2.00
1.80 3.10 2.00
1.80 2.80 2.00
1.80 3.10 1.40
0.90 2.80 2.00
1.80 3.10 2.00
1.80 2.80 2.00
1.80 3.70 2.00
0.90 3.10 2.00
2.10 2.80 2.00
1.80 2.80 2.00
1.80 2.80 2.00
0.90 2.40 1.40
0.90 2.80 1.40
0.60 1.20 2.00
1.80 2.10 1.10
0.90 2.40 1.40
1.80 0.90 1.10
0.90 2.40 1.40
0.90 1.20 1.40
0.90 2.10 1.40
0.90 1.50 1.40
0.90 0.90 1.10
0.90 2.40 1.40
0.60 0.90 1.10
0.90 2.10 1.10
0.90 0.90 1.40
0.90 1.50 1.10
0.60 1.20 1.10
0.90 0.20 0.80
0.60 2.10 1.10
1.80 0.20 1.10
0.60 1.20 0.80
0.90 1.20 0.80
0.60 0.90 0.80
0.90 2.80 0.80
0.60 -0.40 1.10
0.60 2.10 0.80
0.60 0.90 0.80
0.60 0.90 -0.20
0.20 2.10 0.80
0.20 0.20 -0.20
0.20 1.50 0.80
0.60 1.20 0.80
0.20 0.90 -0.20
0.60 1.50 -0.20
0.20 0.20 0.80
0.60 1.20 0.80
0.20 0.20 -0.20
0.60 0.20 0.80
0.20 0.90 -0.20
0.90 0.20 0.80
0.20 0.90 -0.20
0.20 -0.10 -0.20
0.20 0.20 0.80
0.90 -0.10 -0.20
0.20 -0.10 0.80
0.90 0.90 -0.20
0.60 -0.10 -0.20
1.80 0.90 -0.20
0.60 0.20 -0.50
0.60 -0.10 0.80
0.90 0.90 -0.20
0.90 -0.10 -0.20
0.60 0.90 -0.50
0.60 1.20 -0.20
0.60 -0.10 -0.20
0.90 1.50 -0.20
0.60 0.20 -0.20
0.90 0.20 -0.50
0.60 1.20 -0.20
0.60 0.20 -0.20
0.20 0.90 0.80
0.90 0.20 -0.20
0.20 -0.10 0.80
0.20 0.90 0.80
0.60 -0.10 -0.20
0.60 0.20 -0.20
0.20 -0.10 0.80
0.90 0.20 -0.50
2025 2 4 19 26 25 777
202.56 202.77 193.43 26.20 47.00 10.50 93.34 159.46 40.83 26.67 140.37 13.31 105.11 202.38 199.62 198.00
0.20 0.00 -0.20
0.20 -0.70 0.70
-0.70 -0.30 -0.20
0.50 0.30 -0.50
-0.40 -1.30 -0.20
0.20 0.30 -0.50
-0.40 0.00 -0.20
-0.40 -0.30 -0.50
-0.40 0.00 -0.50
-0.40 -0.30 -0.20
-0.40 -0.30 -0.50
0.20 0.00 -0.20
-0.40 -0.30 -0.20
0.20 0.30 -0.50
0.20 -0.30 -0.50
0.20 0.30 -0.50
-0.40 0.30 -0.20
0.20 -0.30 -0.50
-0.40 0.00 -0.50
-0.40 0.00 -0.50
-0.40 0.00 0.70
-0.40 -0.70 -0.20
-0.40 -0.30 -0.20
0.20 0.00 -0.80
-0.40 -0.70 -0.20
0.20 0.30 -0.50
0.20 -0.30 -0.20
-0.40 0.00 -0.20
0.20 0.30 -0.20
-0.40 -0.70 -0.20
-0.70 0.30 0.70
0.20 0.00 -0.50
-0.40 0.00 -0.50
0.20 0.00 -0.20
-0.40 -0.30 -0.20
0.20 0.00 -0.50
-0.40 -0.30 -0.20
-0.40 0.00 -0.20
-0.70 -0.70 -0.50
-0.40 -0.30 -0.20
-0.40 0.00 -0.20
0.20 -0.30 -0.50
-0.40 0.00 -0.20
-0.40 -0.30 -0.20
0.20 0.00 0.70
0.20 0.00 -0.50
-0.70 -0.70 0.70
-0.40 0.30 -0.20
0.20 -0.30 1.10
-0.40 -0.30 3.90
-0.70 0.00 6.10
1.80 1.50 6.70
4.90 8.10 8.00
10.20 12.20 8.60
15.30 20.10 9.80
19.00 27.00 9.80
21.90 31.00 9.50
23.70 37.00 10.50
24.70 41.70 10.50
25.30 45.20 9.80
25.90 47.00 10.50
26.20 47.00 9.80
25.30 47.00 9.80
25.90 47.00 9.80
25.30 45.50 9.80
25.30 45.20 9.50
24.70 43.30 9.50
24.70 42.30 9.20
23.40 41.70 8.60
23.40 39.80 8.30
22.20 39.80 8.30
21.20 38.60 8.00
20.30 37.60 8.00
20.60 37.00 8.00
19.30 34.50 7.60
19.30 34.50 7.60
18.40 32.90 7.00
18.40 32.60 7.00
18.40 31.30 6.70
18.40 30.40 6.70
17.80 29.80 6.40
16.80 28.80 6.70
16.50 28.50 6.10
16.20 26.60 5.40
15.30 27.00 6.10
15.90 25.40 5.40
14.90 24.10 5.10
14.60 24.40 4.80
14.00 22.60 4.80
13.70 22.60 4.80
13.10 21.60 4.20
13.10 21.30 4.80
12.40 21.30 4.80
12.40 19.70 3.90
10.90 20.10 4.20
10.90 19.70 3.90
10.90 18.20 3.90
10.90 18.80 3.90
10.20 17.20 3.90
10.20 17.20 3.90
9.60 16.00 4.20
9.30 15.70 3.90
8.40 16.00 3.90
8.40 15.00 3.90
8.40 15.00 3.90
8.40 14.10 3.90
8.00 13.20 3.90
7.70 13.80 3.60
7.40 13.20 3.60
7.70 12.80 3.20
7.70 12.80 3.60
7.40 11.60 3.60
6.80 11.60 3.60
6.80 11.30 3.20
6.50 10.30 2.60
6.50 11.00 2.30
5.90 10.30 3.20
6.20 9.70 2.60
5.20 9.70 2.60
6.20 9.70 2.60
5.90 9.40 2.30
5.90 9.70 2.30
5.20 8.10 2.30
4.90 8.40 2.00
4.90 8.10 2.00
4.90 6.90 2.30
4.60 8.10 2.30
4.60 6.90 2.30
4.00 7.50 2.00
4.60 6.90 2.00
4.00 5.60 2.00
4.00 6.90 1.40
3.70 6.60 1.40
3.70 5.60 1.40
3.30 6.60 1.40
3.70 5.60 2.00
3.30 5.30 2.00
3.70 5.30 2.00
3.30 5.00 1.40
3.00 5.30 2.00
3.00 5.30 1.40
3.00 3.70 1.40
3.00 5.00 2.00
3.00 4.40 1.40
2.40 4.10 1.40
2.40 4.40 1.10
2.40 3.10 2.00
2.40 4.10 1.10
3.00 3.70 1.40
2.40 3.70 1.10
2.10 3.70 1.40
2.40 3.10 1.10
2.40 4.10 1.10
2.10 3.10 1.10
2.10 3.10 1.10
2.10 4.10 1.10
2.10 2.50 1.10
2.40 3.10 1.40
1.80 2.50 1.10
1.80 2.50 1.10
1.80 2.80 1.40
1.80 2.20 1.10
1.80 2.80 1.10
2.10 2.20 1.10
0.80 2.80 1.10
1.80 2.50 0.70
0.50 2.50 1.40
1.80 2.20 1.10
0.80 1.20 1.10
0.80 2.80 1.10
0.50 1.20 1.10
0.80 2.50 0.70
0.50 1.20 0.70
0.80 1.50 -0.20
0.80 2.20 0.70
0.80 1.20 0.70
0.50 2.20 0.70
0.80 1.20 1.10
0.50 1.20 0.70
1.80 2.20 0.70
0.20 0.90 1.10
1.80 2.20 0.70
0.50 1.20 0.70
0.80 2.20 0.70
0.50 1.20 0.70
0.80 1.20 -0.20
0.20 1.20 0.70
0.50 1.20 0.70
0.20 1.50 0.70
0.50 0.30 0.70
0.20 0.90 0.70
0.50 0.90 0.70
0.20 0.30 -0.20
0.50 1.20 0.70
0.20 0.30 -0.20
0.20 1.50 -0.20
0.20 1.20 0.70
0.20 0.90 0.70
0.20 1.50 0.70
0.20 0.90 -0.50
2025 2 4 19 38 30 556
191.35 180.70 191.20 14.90 9.70 6.10 49.94 30.65 22.98 30.31 39.65 25.74 332.72 195.14 192.95 203.38
0.20 0.30 -0.20
-0.40 -0.30 0.80
0.20 0.00 0.80
-0.40 -0.60 -0.50
0.20 0.30 -0.50
0.20 0.00 -0.50
0.20 0.30 -0.20
-0.40 -0.30 -0.20
0.20 -0.30 -0.20
-0.40 0.30 -0.50
0.20 -0.60 -0.50
-0.70 0.30 0.80
-0.40 0.30 -0.50
-0.40 -0.30 -0.20
0.20 0.90 -0.50
-0.40 -0.60 -0.20
-0.40 0.30 -0.50
-0.40 0.00 -0.20
0.20 -0.30 -0.20
0.20 0.90 -0.20
0.20 -0.30 -0.50
0.20 0.30 0.80
0.50 0.00 -0.20
-0.40 0.00 -0.50
0.20 0.90 -0.50
-0.70 -0.60 -0.20
0.20 1.30 0.80
-0.40 -0.60 -0.50
0.20 0.00 -0.20
-0.40 0.90 0.80
0.20 -0.60 -0.20
-0.40 0.30 -0.20
0.20 -0.30 0.80
-0.40 0.00 -0.20
0.50 0.30 -0.50
-0.40 -0.60 -0.50
-0.40 0.30 -0.20
0.20 0.00 -0.50
0.20 -0.30 -0.50
-0.40 0.00 -0.20
0.20 0.00 -0.50
-0.40 -0.30 -0.20
-0.40 0.00 -0.20
0.20 0.00 -0.50
-0.40 0.00 -0.50
-0.40 0.30 -0.50
0.50 0.90 -0.20
-0.40 2.20 -0.50
0.50 4.10 2.00
2.40 3.10 2.70
4.60 5.30 3.90
6.50 5.30 5.20
9.00 6.60 4.90
10.90 9.40 6.10
13.10 7.50 6.10
13.40 8.80 6.10
14.60 9.40 6.10
14.00 8.50 6.10
14.90 9.70 6.10
14.60 8.20 5.50
14.60 8.50 5.20
13.70 8.80 5.50
13.70 7.50 5.20
13.10 8.20 5.20
13.40 7.50 5.20
12.40 8.20 4.90
12.40 6.90 4.90
12.10 6.90 4.20
11.20 6.90 4.20
10.50 6.60 4.90
10.90 6.60 4.90
10.20 6.60 4.20
10.20 6.90 4.90
9.60 5.30 4.90
9.60 6.00 4.90
9.30 5.30 4.20
9.30 5.30 3.90
9.00 5.70 4.20
9.30 5.00 4.20
8.30 5.70 3.90
8.30 4.40 3.60
8.00 5.00 3.90
8.00 5.00 3.90
8.00 4.10 3.60
7.70 5.00 3.60
7.40 3.10 3.60
7.40 4.40 3.30
6.50 3.80 3.30
6.80 4.40 2.70
6.80 4.10 3.30
6.50 3.10 3.30
6.20 4.10 3.30
6.50 3.10 2.40
5.80 4.10 2.70
6.20 3.10 2.40
5.20 2.80 2.00
5.80 4.10 2.40
4.90 2.50 2.40
5.20 4.10 2.40
4.90 2.50 2.00
4.90 3.10 2.00
4.60 3.10 2.40
4.90 1.60 2.00
4.60 3.10 2.00
4.60 2.20 2.00
3.60 3.10 2.00
4.00 2.50 2.00
3.60 2.20 2.00
4.00 3.10 1.40
3.30 1.60 2.00
3.60 2.80 2.00
3.30 1.60 1.40
3.60 2.50 2.00
2.40 2.20 2.00
3.30 1.30 1.40
3.00 2.20 1.40
3.30 1.60 1.40
2.40 2.20 1.40
3.30 1.60 1.40
2.40 1.30 1.40
3.30 2.20 1.40
3.00 1.30 1.40
3.00 1.30 1.10
2.10 1.30 1.40
2.40 1.60 0.80
2.10 0.90 1.40
2.10 1.30 1.10
1.80 1.60 1.40
2.10 0.90 1.10
2.10 1.60 1.10
2.40 1.30 0.80
1.80 0.30 0.80
2.10 1.60 1.10
2.10 0.30 1.10
2.10 0.90 0.80
1.80 1.30 1.10
2.10 0.90 0.80
1.80 1.30 1.10
1.80 0.90 -0.20
0.80 0.00 1.10
2.10 1.30 0.80
1.80 0.00 0.80
2.10 0.90 0.80
0.50 0.30 0.80
0.80 0.00 0.80
0.80 1.30 0.80
1.80 0.90 0.80
0.50 0.30 1.40
0.80 0.30 -0.20
0.50 0.30 1.10
0.80 0.00 -0.20
0.50 0.90 0.80
1.80 1.30 1.10
0.50 0.90 0.80
0.80 1.30 -0.20
0.50 0.30 1.10
0.80 0.90 -0.20
0.80 0.30 -0.50
0.80 0.00 0.80
0.20 0.30 0.80
0.50 0.00 -0.20
0.80 0.30 -0.20
0.50 0.30 -0.20
0.50 0.30 1.10
0.50 0.00 0.80
0.20 0.00 0.80
0.80 0.30 0.80
0.20 -0.30 1.10
0.80 0.90 0.80
0.50 -0.30 1.10
1.80 0.00 0.80
0.50 0.30 0.80
0.50 0.00 0.80
0.50 0.00 -0.20
0.80 0.00 1.10
0.50 0.30 0.80
0.50 0.30 0.80
0.20 0.00 0.80
1.80 0.00 0.80
0.80 0.00 -0.20
0.20 0.30 -0.20
0.20 -0.60 -0.20
0.80 0.30 0.80
0.50 -0.30 1.10
0.50 0.00 -0.50
0.50 0.90 -0.20
0.20 -0.60 -0.20
0.20 0.30 0.80
0.50 -0.30 -0.20
0.20 -0.30 -0.20
0.80 0.90 0.80
0.20 -0.60 -0.20
0.50 0.30 -0.20
0.50 -0.30 -0.20
0.50 -0.30 0.80
-0.40 0.30 -0.20
0.50 0.00 -0.50
0.20 0.00 -0.20
0.80 -0.30 -0.20
0.20 0.00 -0.20
2025 2 4 19 42 40 318
195.18 195.31 199.03 72.50 71.40 20.10 387.20 330.35 75.50 10.82 317.20 22.52 321.58 192.02 191.67 199.77
-0.60 -0.80 0.00
0.40 -0.10 -0.30
-0.60 -0.40 -0.30
0.40 -0.40 0.00
-0.20 -0.10 0.90
0.40 -0.40 0.00
-0.60 0.20 0.90
0.40 -0.10 0.00
-0.20 -0.80 0.00
0.40 -0.10 0.90
-0.60 -0.40 0.00
0.40 -0.10 0.00
0.40 -0.40 0.00
0.40 -0.10 0.00
-0.20 -0.10 -0.30
0.40 -0.80 0.00
-0.20 0.80 0.00
0.40 -0.40 0.00
-0.20 -0.10 -0.30
0.40 0.80 -0.30
0.40 -1.40 0.00
0.40 1.10 -0.30
0.40 -1.40 -0.30
0.70 -0.10 -0.30
-0.20 0.80 0.00
0.40 -1.40 0.00
-0.20 0.20 0.90
0.40 -0.10 0.00
-0.20 0.20 -0.30
0.40 0.20 -0.30
0.70 -0.80 0.00
0.40 0.20 0.00
-0.20 -0.80 -0.30
0.40 0.80 0.00
0.40 -0.80 0.00
0.70 -0.10 0.00
0.40 -0.10 0.00
0.40 -0.40 -0.30
0.70 0.80 0.00
0.40 -0.40 0.00
0.40 0.20 0.00
0.40 0.80 -0.30
-0.20 -0.80 0.00
0.70 0.80 -0.30
0.40 -0.10 0.00
0.40 -0.10 0.00
0.40 0.80 0.90
0.70 -0.10 0.90
-0.20 -0.10 -0.30
0.70 1.10 0.00
10.70 8.30 5.30
28.00 21.50 9.40
52.20 35.60 11.60
72.50 52.30 14.10
72.50 67.60 16.90
72.50 71.40 17.30
72.50 71.40 18.20
72.50 71.40 18.80
72.50 71.40 19.80
72.50 71.40 19.80
72.50 71.40 19.80
72.50 71.40 20.10
72.50 71.40 20.10
72.50 71.40 18.80
72.50 71.40 19.50
72.50 71.40 18.50
72.50 71.40 18.50
72.50 71.40 18.20
72.50 71.40 17.90
72.50 71.40 17.30
72.50 71.40 16.90
72.50 71.40 16.30
72.50 71.40 16.30
72.50 71.40 15.70
72.50 71.40 15.40
72.50 71.40 15.10
72.50 71.40 15.10
72.50 70.50 14.10
72.50 70.10 14.10
72.50 67.60 13.50
72.50 66.10 12.90
72.50 64.20 12.60
72.50 61.40 12.60
72.50 60.40 11.60
72.50 58.50 11.60
72.50 57.00 11.60
71.00 55.70 11.00
68.80 52.90 10.00
66.90 51.60 10.00
65.00 49.80 9.40
62.80 48.80 9.70
60.90 48.20 9.40
59.40 45.40 8.80
58.10 45.40 8.50
55.60 42.90 8.50
54.00 42.50 8.20
52.50 41.30 8.20
51.20 39.40 8.20
49.60 39.40 7.20
48.40 37.20 7.20
46.50 36.90 7.20
45.60 36.00 7.20
43.70 33.80 6.60
42.40 34.10 6.60
41.50 31.60 6.60
39.60 31.60 5.30
38.70 30.90 6.30
38.00 29.40 6.30
36.50 30.00 6.30
35.50 27.20 5.70
34.30 27.50 6.30
33.60 26.50 5.70
32.10 25.30 5.70
31.10 25.30 5.00
30.50 23.10 5.00
29.60 23.70 4.10
28.60 22.50 4.40
28.30 22.10 4.40
27.10 21.20 4.40
26.70 20.00 4.10
25.20 20.30 4.10
25.20 19.30 4.10
23.90 19.30 4.10
23.90 18.70 3.80
22.00 17.40 3.80
22.00 18.10 3.50
21.10 15.90 3.80
20.80 15.60 3.80
19.80 15.90 3.80
19.50 14.90 3.50
18.60 14.90 3.50
19.20 14.90 2.80
17.00 12.70 2.80
17.60 14.30 3.50
16.70 12.10 2.80
16.40 12.40 2.80
16.10 12.70 2.80
15.40 10.90 2.50
14.80 12.10 2.50
14.20 10.90 2.50
13.90 10.20 2.20
13.60 10.90 2.20
13.30 9.30 2.20
12.60 10.20 2.20
12.30 9.30 1.60
12.30 9.60 1.60
11.40 8.30 2.20
12.30 8.70 1.60
10.70 8.70 2.20
11.10 7.40 1.30
10.70 8.70 2.20
10.40 6.80 1.60
9.80 7.40 1.60
9.80 8.00 1.60
9.20 5.50 1.60
8.50 8.00 1.60
8.50 4.90 1.30
8.50 5.80 1.60
8.20 6.50 1.60
8.20 4.90 1.30
7.90 6.50 1.30
7.90 4.90 1.60
7.60 5.20 1.30
7.60 5.50 1.60
7.00 4.90 1.60
7.00 5.50 1.30
6.70 4.30 1.30
6.70 5.20 0.90
6.70 4.30 1.30
6.70 4.00 1.30
6.00 4.30 1.30
6.30 4.00 1.30
6.00 4.30 1.30
6.00 3.00 0.90
5.10 3.00 1.30
5.40 4.30 0.90
5.10 3.00 1.30
5.40 3.00 0.90
5.10 4.00 0.90
4.80 2.40 0.90
5.10 3.00 0.90
4.80 2.70 0.90
3.80 3.00 0.90
4.80 3.60 0.90
3.80 2.70 1.30
4.80 3.00 0.90
4.20 3.00 0.90
4.20 3.00 0.00
4.20 3.00 0.00
4.20 2.70 0.00
4.20 2.40 0.90
3.80 2.70 0.90
3.80 2.70 0.90
3.50 2.70 0.90
3.50 2.40 0.90
3.80 2.70 0.00
3.20 2.10 1.30
3.80 2.70 0.00
2.60 2.10 0.90
2.60 2.10 0.00
2025 2 4 19 49 16 212
201.05 203.70 201.24 72.40 40.40 54.60 297.47 149.47 181.68 7.13 222.95 14.77 249.95 195.75 200.85 198.49
-0.30 -0.40 -0.60
0.30 0.50 -0.90
0.30 0.20 -0.90
-0.30 0.20 -0.90
-0.30 0.50 -0.90
-0.30 0.20 -0.60
0.30 0.20 -0.60
0.30 -0.10 -0.60
0.30 0.20 -0.90
-0.30 0.20 -0.90
0.30 -0.40 -0.60
0.30 1.10 -0.60
-0.30 -0.40 -0.90
-0.70 1.10 -0.90
0.60 0.50 -0.60
0.30 -0.10 -0.90
0.30 1.80 -0.60
-0.30 -0.40 -0.60
0.30 0.50 -0.90
0.30 0.50 0.40
0.30 -0.10 -0.60
-0.30 1.10 -0.60
0.30 0.50 0.40
-0.30 0.20 -0.60
0.30 0.20 -0.90
0.30 0.50 -0.90
0.30 0.20 -0.90
0.30 1.50 -0.90
0.30 0.20 -0.60
-0.30 0.20 -0.90
0.30 0.50 -0.60
-0.30 -0.40 -0.60
0.30 1.50 -0.90
-0.30 0.20 -0.60
0.30 0.20 -0.60
-0.30 0.20 -0.60
-0.30 -0.40 -0.60
-0.30 1.10 -0.60
-0.30 -1.10 -0.60
-0.30 1.50 -0.60
0.30 0.20 -0.60
-0.30 0.50 -1.80
0.30 0.20 0.40
-0.30 -1.10 -0.90
0.30 1.50 -0.90
-0.30 0.20 -0.90
-0.30 0.20 -0.60
-0.30 0.20 -0.60
-0.30 -0.40 -0.90
0.30 1.50 0.70
3.40 -0.10 7.60
7.80 2.40 18.30
17.50 5.50 29.50
31.00 10.20 38.30
46.10 17.80 45.90
58.60 22.50 50.90
67.10 30.30 53.10
72.40 32.50 54.60
72.40 36.00 53.70
72.40 37.50 54.00
72.40 37.50 53.10
72.40 40.40 51.80
72.40 38.50 50.90
72.40 40.00 50.30
72.40 39.10 48.10
72.40 37.50 47.40
72.40 40.40 46.20
72.40 37.20 44.90
72.40 37.20 44.00
72.40 37.80 42.40
72.40 34.40 41.80
72.40 36.30 40.50
69.90 34.10 39.30
68.10 33.10 38.00
66.20 33.10 36.80
64.30 31.30 36.50
62.40 31.60 36.10
60.80 30.00 34.90
60.50 29.10 34.90
58.60 29.10 33.30
58.00 27.80 31.70
55.50 27.50 30.50
53.90 25.60 30.20
52.40 26.90 29.20
50.80 24.70 28.30
49.90 24.40 28.00
48.30 24.40 26.40
46.40 23.10 26.40
45.50 23.10 25.20
43.60 22.50 24.80
42.30 21.50 23.90
41.40 21.80 23.00
39.80 20.30 22.30
39.20 20.30 22.00
37.90 19.00 20.80
37.00 20.00 20.10
36.10 18.70 19.50
34.80 17.50 19.20
33.50 17.50 18.90
32.00 15.90 17.90
31.30 15.90 17.60
29.80 15.60 16.40
29.50 15.30 16.10
28.20 14.60 16.40
27.90 14.00 15.70
27.60 14.00 15.10
26.00 13.40 14.50
25.40 13.10 13.90
24.80 12.40 13.20
23.50 12.40 12.90
23.50 11.50 12.90
21.90 12.40 12.00
21.00 11.20 12.30
20.70 10.20 11.70
20.40 10.60 11.70
19.40 9.60 11.70
19.10 10.60 10.40
18.20 9.60 10.40
17.50 9.60 10.10
17.50 9.90 9.50
16.90 7.70 9.50
16.00 9.90 8.80
16.00 7.10 9.20
15.00 7.70 8.20
15.00 8.40 8.20
14.10 6.20 7.60
13.80 8.70 7.90
13.80 5.50 7.60
13.50 6.80 7.60
12.50 6.20 6.60
12.50 5.20 6.60
12.20 6.80 6.60
12.20 4.60 6.30
10.60 6.20 6.30
10.60 5.20 6.30
10.60 5.20 6.00
10.30 5.80 5.70
9.40 4.00 6.00
9.70 5.50 6.00
9.40 4.60 6.00
9.10 4.60 5.70
8.40 4.60 5.10
9.10 3.30 5.10
8.40 5.20 4.80
8.40 3.30 5.70
8.10 4.00 4.80
8.40 4.30 4.50
7.80 2.70 4.50
7.50 4.60 3.80
6.90 2.70 3.80
7.50 4.00 3.80
6.60 3.30 3.80
6.90 2.40 3.80
6.30 4.00 3.50
6.30 2.40 3.50
6.60 3.00 2.90
6.60 3.30 2.90
5.90 2.40 2.90
5.90 3.00 3.20
5.30 2.70 3.20
6.30 2.70 2.90
5.00 2.70 3.20
4.70 2.70 2.90
5.00 2.40 2.90
5.00 2.70 2.90
4.10 1.80 2.30
4.70 1.80 1.90
5.00 1.80 2.90
4.70 2.40 2.30
4.10 1.80 2.30
4.10 1.80 1.60
4.10 1.50 1.90
4.10 1.50 1.90
3.40 2.40 1.60
3.70 1.50 1.60
3.70 2.40 1.60
3.40 1.80 1.60
2.50 0.50 1.60
3.40 2.40 1.60
3.10 1.10 1.00
3.70 1.10 1.60
3.10 1.80 1.60
3.70 0.50 1.60
3.10 1.80 1.00
3.10 1.10 1.00
2.50 0.50 1.00
3.40 1.80 1.60
2.50 0.50 1.60
2.50 1.80 1.60
2.50 1.50 1.60
3.10 1.10 1.60
2.50 1.50 1.60
2.50 1.10 1.60
2.50 1.50 1.00
2.20 1.10 1.60
1.90 1.80 1.00
2.50 1.10 1.00
1.90 0.50 1.00
2.20 1.50 1.00
2.20 0.20 1.00
2025 2 4 19 55 47 28
189.00 200.48 191.09 8.90 15.30 7.00 28.59 50.09 29.86 32.43 229.63 23.87 231.34 197.97 206.62 199.79
0.10 0.20 -0.60
0.10 -0.70 -0.20
-0.50 0.20 -0.60
0.10 -0.40 0.70
0.10 -0.40 -0.20
0.10 0.20 -0.20
0.10 -0.40 -0.20
0.10 -0.10 -0.20
0.10 -0.10 -0.20
0.10 -0.40 -0.60
-0.50 0.80 -0.60
0.10 -0.10 -0.20
0.10 0.20 0.70
0.10 0.20 -0.20
-0.50 -0.40 -0.20
0.10 -0.10 -0.20
0.40 -0.70 0.70
0.10 -0.10 -0.20
0.10 -0.10 0.70
0.10 -0.40 0.70
-0.50 0.20 -0.20
0.10 -0.40 -0.20
0.10 -0.10 0.70
0.10 -0.40 -0.20
0.10 -0.40 1.00
0.10 -0.10 -0.20
-0.50 -0.70 -0.20
0.10 -0.40 -0.20
-0.50 -0.40 -0.20
0.10 -0.40 -0.60
-0.50 0.20 -0.20
0.10 -0.70 0.70
0.10 0.20 -0.20
0.10 0.20 -0.20
-0.50 -0.40 -0.20
0.10 0.80 -0.20
-0.50 -0.40 -0.20
0.10 0.20 -0.60
0.10 0.20 0.70
0.10 -0.10 -0.20
0.10 0.80 -0.20
0.10 -0.40 -0.20
0.10 0.20 -0.20
0.10 -0.10 -0.20
0.10 -0.40 -0.60
0.10 -0.10 0.70
-0.50 -0.40 -0.20
-0.50 -0.10 -0.20
0.70 -0.70 2.00
2.30 -0.10 3.20
3.90 0.80 5.10
5.10 1.20 6.00
6.10 3.70 6.70
6.40 4.30 6.30
6.70 6.80 6.70
7.90 9.60 6.30
7.90 10.90 7.00
8.90 12.80 6.70
8.20 13.70 6.70
8.20 13.70 6.70
8.20 15.00 6.30
7.90 14.00 7.00
7.60 15.30 6.70
7.60 14.30 6.30
7.30 14.30 6.30
7.30 15.00 6.00
7.30 13.70 6.30
6.70 13.10 5.40
6.40 13.10 5.40
6.40 12.80 5.40
6.10 12.50 5.10
6.10 11.50 5.40
6.10 12.10 4.80
5.10 10.90 5.40
5.10 11.20 5.10
5.70 10.90 5.10
5.10 9.90 4.80
5.10 10.90 5.10
4.50 9.60 4.80
5.10 9.90 4.80
4.80 9.90 4.20
4.80 8.70 3.80
4.50 9.30 3.80
4.50 8.70 4.80
4.50 8.40 3.80
4.50 8.70 3.50
3.50 8.10 3.80
3.50 8.10 3.50
3.90 8.10 3.80
3.50 7.40 3.50
3.50 6.80 3.20
3.50 6.80 2.60
3.20 6.80 3.50
2.90 5.60 3.20
3.20 6.50 3.20
2.30 5.60 2.60
3.20 5.60 2.60
2.90 5.90 2.30
2.90 4.90 3.20
3.20 5.20 3.20
2.30 4.30 2.30
2.90 4.30 2.30
2.30 5.20 2.30
2.30 4.00 2.60
2.90 4.00 2.60
2.30 4.30 2.00
2.30 4.00 2.60
2.30 4.30 2.00
2.30 3.70 2.30
2.90 3.70 2.30
2.00 4.30 2.30
2.30 3.70 2.00
1.70 4.00 2.00
2.30 3.00 2.30
2.00 3.70 2.60
2.00 2.70 2.00
2.00 2.70 2.00
2.00 3.70 2.00
0.70 2.10 2.00
2.00 3.00 1.30
1.70 2.40 1.30
2.00 2.70 1.30
0.70 2.70 2.00
0.40 1.20 1.00
0.70 2.70 1.30
1.70 2.10 2.00
0.40 2.10 1.30
1.70 2.10 1.30
1.70 2.10 1.30
0.70 2.10 1.30
0.70 1.50 2.00
0.70 2.10 1.30
1.70 2.10 2.00
0.70 1.50 0.70
0.40 1.50 1.00
0.70 1.50 1.00
0.70 2.40 1.30
0.40 0.80 1.30
0.40 1.50 1.30
0.70 1.50 0.70
0.40 1.50 1.30
0.70 1.20 1.00
0.70 1.20 1.00
1.70 1.50 2.00
0.70 1.50 0.70
0.70 1.20 0.70
0.40 0.20 1.00
1.70 1.50 0.70
0.40 0.80 1.00
0.70 0.80 1.00
0.10 1.50 0.70
0.70 0.20 0.70
0.70 0.80 0.70
0.70 0.20 0.70
0.10 1.20 -0.20
1.70 1.20 -0.20
0.70 0.80 0.70
0.40 1.20 1.00
0.40 0.80 1.30
0.40 1.20 1.00
0.70 0.80 1.00
0.70 1.20 1.30
0.10 1.20 1.00
0.10 0.80 1.00
0.70 1.50 1.00
0.10 0.80 1.30
0.70 1.20 1.00
0.10 1.20 1.00
0.40 0.80 1.00
0.10 1.20 0.70
0.10 1.20 1.00
0.10 0.80 1.00
0.40 0.80 1.00
0.40 0.80 1.00
0.10 0.80 1.00
0.10 1.20 0.70
0.10 0.80 1.30
0.40 0.80 1.30
0.10 0.20 1.00
0.40 0.80 1.00
0.10 0.20 1.30
0.10 0.80 1.00
0.10 0.80 0.70
0.40 0.20 1.00
0.40 0.20 1.30
0.10 0.80 1.00
0.10 0.20 1.00
0.10 0.20 1.00
0.10 -0.10 1.00
0.40 1.20 1.00
0.10 0.20 1.00
0.40 0.80 1.00
0.70 0.80 1.00
0.10 -0.10 1.00
0.10 1.20 0.70
0.10 -0.10 1.00
0.10 0.20 0.70
0.70 0.20 0.70
0.10 -0.10 0.70
0.40 0.20 0.70
2025 2 4 19 57 33 314
190.66 185.21 188.27 20.50 10.50 10.40 78.97 33.41 44.34 15.33 64.70 28.53 296.88 192.30 196.17 202.00
0.20 0.10 -0.20
0.20 0.10 -0.20
0.20 0.40 -0.20
-0.50 0.10 1.00
0.20 -0.50 0.70
0.20 -0.20 -0.20
-0.50 -0.20 0.70
0.20 -0.20 0.70
0.20 -0.20 0.70
0.20 0.10 -0.20
-0.50 -0.50 -0.50
0.20 0.10 -0.20
-0.50 0.10 0.70
-0.50 -1.10 0.70
0.20 0.40 0.70
0.20 -0.50 0.70
-0.50 0.10 0.70
0.20 0.40 -0.20
-0.80 -0.50 0.70
0.20 0.40 0.70
0.20 -0.20 0.70
0.20 -0.20 -0.20
-0.50 0.40 0.70
0.20 -0.50 0.70
-0.50 0.10 0.70
0.20 0.10 -0.20
-0.50 -0.20 0.70
-0.50 -0.20 -0.20
0.20 0.10 0.70
0.20 0.10 -0.50
-0.50 -0.50 -0.20
0.20 0.10 -0.20
0.20 -0.20 0.70
0.20 -0.20 0.70
-0.50 0.40 0.70
-0.50 -0.50 -0.20
-0.50 1.10 0.70
0.20 -1.10 0.70
-0.50 0.10 -0.20
-0.50 -0.20 0.70
0.20 -0.20 0.70
0.20 0.40 -0.20
-0.50 -0.50 -0.20
0.20 0.10 0.70
-0.50 -0.50 -0.20
0.20 -0.20 -0.20
-0.50 0.40 0.70
0.20 -0.50 2.00
0.80 2.30 3.20
3.90 1.70 3.50
6.10 4.20 3.90
8.30 5.40 6.10
11.10 6.10 7.00
13.30 9.50 8.30
16.20 7.60 9.20
19.00 9.80 9.20
19.60 9.50 9.50
20.20 10.20 9.80
20.50 10.50 9.80
20.50 9.50 9.80
20.50 10.20 9.80
20.50 9.50 9.50
19.60 9.80 9.50
19.60 8.90 9.50
19.60 9.50 10.40
19.00 8.90 9.50
18.00 7.60 9.50
18.30 9.80 9.80
17.40 7.00 9.50
16.80 8.30 9.20
16.50 8.30 8.60
16.50 6.10 8.60
16.20 7.60 8.60
15.80 5.80 8.30
15.20 7.00 8.30
14.90 6.70 7.60
14.90 6.10 7.90
14.90 6.70 7.00
13.60 5.40 6.70
13.60 6.10 7.00
13.30 5.40 6.40
13.30 5.40 6.40
12.40 5.40 6.70
12.10 5.10 6.40
12.10 5.10 6.10
11.10 4.50 6.10
10.50 4.50 5.40
10.50 4.50 6.10
9.60 4.20 5.40
10.20 4.50 5.10
9.30 3.90 5.10
9.30 4.20 4.80
8.90 3.90 5.10
8.90 4.20 4.80
8.30 3.30 5.10
8.00 3.30 4.80
8.00 3.90 4.80
8.00 3.30 4.20
7.40 3.90 4.20
7.70 2.60 3.90
7.70 3.30 3.90
7.70 3.30 3.50
6.70 2.90 3.90
7.40 2.90 3.50
6.70 2.60 3.90
6.40 1.70 3.20
6.10 2.90 3.20
6.10 2.30 3.20
6.10 2.60 3.50
6.10 2.30 2.60
5.80 2.60 3.20
6.10 2.30 2.60
5.80 2.30 2.60
5.80 2.30 2.60
5.80 1.40 2.60
5.80 1.70 2.60
5.20 1.70 2.30
4.90 1.40 2.60
5.20 1.70 2.30
4.90 0.40 2.30
4.90 1.40 2.60
4.90 1.70 2.60
3.90 1.10 2.60
4.50 2.60 2.60
4.50 1.10 2.00
4.50 1.70 2.30
3.90 1.70 2.30
4.50 1.40 2.30
3.90 1.10 2.60
3.90 1.10 2.00
3.60 1.40 2.00
3.90 -0.20 2.00
3.90 1.70 2.00
3.60 0.40 2.30
3.00 1.10 2.00
3.60 1.40 2.00
3.30 -0.20 2.30
3.30 2.30 2.00
3.00 0.10 2.00
3.00 0.40 1.40
3.00 1.10 2.00
3.00 -0.50 1.40
2.30 1.40 1.40
2.30 -0.20 2.00
3.00 1.10 1.40
2.30 0.40 1.40
2.30 0.40 1.00
3.00 1.40 1.40
2.30 0.10 0.70
3.00 1.40 1.00
2.00 0.10 1.00
2.00 1.40 1.00
2.00 1.10 1.40
2.00 0.10 1.00
2.00 1.40 1.00
1.70 -0.20 1.40
2.00 1.10 1.40
2.00 0.40 2.00
1.70 0.40 1.40
2.00 1.40 1.40
2.00 0.40 1.00
1.70 1.10 1.40
1.70 0.10 1.40
2.00 1.10 1.00
2.00 0.10 1.40
1.70 0.40 1.40
1.70 0.40 1.00
2.00 -0.50 1.00
2.00 1.40 1.00
1.70 0.10 1.00
1.70 0.40 1.00
2.00 -0.20 1.40
1.70 0.10 1.40
1.70 1.10 0.70
1.70 -0.20 0.70
1.70 1.10 1.00
1.70 1.10 1.40
1.70 0.10 1.00
0.80 1.10 0.70
0.80 0.10 0.70
0.50 0.40 1.40
0.80 -0.20 0.70
0.80 0.40 0.70
0.50 -0.50 1.00
0.80 0.40 0.70
0.80 0.40 0.70
0.20 -0.20 0.70
0.80 1.10 -0.20
0.50 -0.20 1.00
0.20 1.10 -0.20
0.50 0.10 0.70
0.80 -0.50 0.70
0.80 1.10 0.70
0.80 -0.50 -0.20
0.50 0.40 0.70
0.80 0.10 1.40
0.80 0.10 1.00
0.50 0.40 0.70
0.50 0.10 1.00
0.50 0.10 1.00
2025 2 4 19 58 19 806
202.68 209.98 199.47 24.90 6.80 28.80 87.61 21.34 105.62 23.91 196.36 66.74 207.40 202.70 220.97 198.93
0.10 -0.10 -0.40
0.40 -0.10 -0.10
-0.50 -0.70 0.90
0.10 0.20 -0.40
0.10 -1.30 0.90
0.10 0.20 -0.10
0.10 0.90 -0.10
0.10 -0.70 -0.40
0.10 0.90 -0.10
0.10 -0.70 -0.10
-0.50 -0.40 -0.40
0.10 -0.10 -0.40
0.10 -0.10 -0.40
0.10 0.20 -0.40
0.10 -0.70 -0.10
0.10 -0.10 -0.10
-0.50 -0.40 0.90
0.10 -0.40 -0.40
0.40 0.90 -0.40
-0.50 -1.30 -0.10
-0.50 -0.40 -0.10
0.10 -0.10 -0.10
-0.50 -0.40 0.90
0.40 -0.10 -0.10
-0.50 -0.40 -0.10
0.10 0.20 -0.10
0.10 -0.40 -0.40
0.10 -0.40 -0.40
0.10 -0.10 -0.10
0.10 -0.40 -0.40
-0.50 -0.10 0.90
0.10 -0.70 -0.10
0.10 -0.40 -0.40
0.10 -0.10 0.90
-0.50 -0.70 0.90
0.10 -0.10 -0.10
-0.50 -0.40 -0.10
0.10 -0.40 -0.10
-0.50 0.20 -0.10
-0.50 -1.30 -0.40
-0.50 0.90 -0.10
0.10 -0.10 -0.40
-0.50 -0.40 -0.10
0.10 1.20 -0.10
0.10 -0.70 -0.10
0.10 0.90 -0.10
-0.50 -0.10 0.90
-0.50 -0.40 -0.10
0.10 1.50 -0.10
0.10 -0.70 0.90
0.10 1.20 6.50
0.80 -0.40 12.50
4.50 -0.10 18.50
9.50 1.50 24.40
15.20 1.20 26.30
18.00 3.70 27.20
20.80 3.70 28.20
23.00 5.20 28.50
23.70 5.60 28.80
24.90 5.20 28.50
24.60 6.80 28.20
24.90 4.90 28.20
24.90 6.50 26.90
24.00 5.60 26.60
24.60 5.20 25.70
24.00 6.80 25.40
23.40 5.20 24.40
23.00 6.50 24.40
22.10 5.60 24.10
21.20 5.20 22.80
20.80 5.90 22.50
20.50 5.20 22.50
19.60 5.60 20.60
19.00 4.90 20.60
18.30 5.20 19.70
18.00 4.90 19.40
17.70 5.20 19.40
17.40 4.90 18.10
16.80 4.90 18.10
16.80 4.30 17.80
15.80 4.90 16.90
15.80 4.00 16.60
15.20 4.00 15.60
14.90 4.00 16.30
14.60 4.00 15.00
13.90 4.00 14.40
13.30 3.70 14.10
13.00 3.10 14.10
12.40 3.70 14.10
12.40 2.40 13.70
11.10 4.00 13.40
11.10 2.40 12.50
10.80 2.70 12.50
10.50 3.70 12.50
10.20 2.40 12.20
10.20 3.10 11.60
9.20 2.10 10.90
9.20 2.70 10.00
8.30 3.10 10.60
8.30 2.10 10.00
8.30 2.70 9.70
8.00 1.50 9.70
7.70 2.40 9.40
7.70 1.50 8.40
7.40 1.20 8.40
7.70 2.70 8.10
6.70 1.20 8.10
6.70 2.40 7.80
6.40 1.20 7.80
6.70 1.20 7.20
6.10 2.40 7.80
6.10 0.90 7.20
6.40 2.10 6.50
5.80 1.50 6.50
5.80 1.20 6.50
5.80 2.10 5.60
5.20 0.20 6.20
5.20 2.10 6.20
4.50 1.50 5.60
4.50 0.20 5.60
4.50 1.50 5.00
4.50 0.20 5.30
4.50 1.20 5.00
4.50 0.90 4.30
3.90 0.20 5.00
3.60 1.20 4.30
3.60 0.20 4.30
3.60 1.20 4.00
3.60 0.20 4.30
3.60 1.20 4.00
3.30 1.20 4.30
3.00 -0.40 4.00
3.30 1.50 4.00
3.00 -0.40 3.70
3.30 0.90 4.00
3.60 0.90 3.70
3.30 -0.10 3.70
3.30 1.20 3.70
3.30 -0.40 3.70
3.60 0.90 3.70
3.30 0.90 3.70
3.00 -0.10 3.40
2.30 0.90 3.40
3.00 -0.40 3.40
3.00 1.20 3.40
3.00 -0.10 2.80
2.30 0.90 2.80
3.00 0.90 2.80
2.30 -0.10 2.80
2.30 1.20 2.80
1.70 0.20 2.50
2.30 0.20 2.80
2.30 1.20 2.50
2.30 -0.10 2.50
2.30 1.20 2.50
2.30 -0.10 2.10
2.30 -0.10 2.10
2.00 0.90 2.10
2.00 0.90 2.10
2.30 -0.10 2.50
2.30 1.20 2.80
2.00 -0.10 2.80
2.00 0.90 2.80
2.30 0.20 2.80
0.80 -0.40 3.40
2.00 1.20 2.10
1.70 -0.10 2.80
0.80 -0.40 2.80
2.00 0.90 2.50
1.70 -0.40 2.50
1.70 0.90 2.50
2.00 -0.40 2.10
0.80 -0.10 2.10
2.00 0.90 2.10
0.80 0.20 2.50
1.70 1.20 2.10
0.80 0.20 2.50
0.80 1.50 2.10
0.40 0.90 2.10
0.80 0.20 2.10
0.80 1.20 2.10
1.70 -0.10 2.10
0.80 1.50 2.10
0.80 -0.40 2.10
1.70 0.90 1.50
1.70 1.20 1.50
0.40 -0.10 1.50
0.80 1.20 2.10
0.80 -0.40 1.20
0.80 1.20 1.50
0.40 0.20 1.20
0.80 -0.10 1.50
0.80 1.20 1.50
0.40 -0.40 1.50
0.40 1.20 1.20
0.40 -0.70 1.20
0.40 0.20 2.10
0.80 1.20 1.20
0.80 -0.70 1.50
0.80 0.90 1.20
2025 2 4 20 6 41 961
203.38 199.30 199.02 45.10 15.70 20.60 160.03 46.90 74.07 15.17 92.24 3.12 151.50 200.86 201.11 199.82
-0.40 -0.60 1.70
-0.40 -0.30 1.10
0.20 0.10 1.10
0.20 -0.30 1.10
0.20 0.10 0.80
0.20 0.10 1.70
0.20 0.40 1.10
-0.40 0.10 0.80
0.20 0.10 1.70
0.20 0.10 0.80
0.20 0.10 0.80
0.20 0.40 0.80
0.20 -0.60 0.80
-0.40 0.10 1.10
0.20 0.10 0.80
-0.40 0.10 0.80
0.20 0.10 0.80
0.20 -0.30 0.80
-0.40 -0.60 0.80
-0.40 0.10 0.80
0.20 0.40 0.50
-0.40 -0.60 0.80
0.20 0.40 1.10
0.20 -0.60 0.50
-0.40 0.10 0.50
0.20 0.40 0.80
0.20 -0.60 1.10
0.20 1.30 0.80
-0.40 -0.60 0.50
-0.40 -0.30 0.50
0.20 0.40 0.50
0.20 -0.30 0.80
-0.40 1.00 0.80
-0.40 -0.30 1.10
0.20 0.10 -0.50
0.20 0.40 0.50
-0.40 -0.60 0.50
0.20 0.40 0.50
0.20 -0.60 0.50
0.20 0.10 -0.50
-0.40 -0.30 0.50
0.20 -0.30 0.80
0.60 1.00 -0.50
-0.40 -0.60 0.50
0.20 0.40 0.50
-0.40 -0.60 0.50
-0.40 -0.30 -0.50
0.20 0.40 -0.50
0.20 -1.20 0.80
0.20 1.00 0.80
0.20 0.40 5.20
1.80 1.30 10.20
6.80 5.40 15.20
15.00 8.20 17.70
23.50 11.30 18.40
28.20 12.60 19.60
34.10 12.60 20.30
39.10 14.20 20.60
42.00 13.90 20.30
43.50 15.70 20.30
45.10 13.90 19.60
44.80 14.50 19.30
44.20 14.50 19.30
43.20 13.20 19.00
43.20 13.90 18.10
42.00 12.30 18.10
42.00 12.90 17.70
39.80 12.90 16.80
39.50 11.00 16.20
38.50 12.60 16.20
37.90 10.40 15.90
36.30 11.00 15.20
35.40 10.40 14.00
33.80 10.10 14.60
33.50 10.40 14.00
32.20 9.50 14.00
31.30 9.80 14.00
30.70 9.50 13.40
30.70 9.50 13.00
29.70 9.80 12.40
29.70 7.60 11.80
29.40 8.80 12.10
28.50 7.60 11.20
27.50 8.50 10.50
26.90 7.60 10.50
26.00 7.00 9.60
26.00 7.00 9.60
24.10 6.60 9.60
24.70 7.00 9.30
23.50 6.60 9.30
21.90 6.00 8.30
20.90 5.40 8.30
20.90 6.00 8.00
20.30 5.70 8.30
19.70 5.40 7.70
19.10 5.70 7.70
18.40 4.40 7.40
18.10 5.40 6.40
17.80 4.40 6.40
16.90 5.10 6.80
16.90 5.10 6.40
16.20 3.80 6.10
16.20 4.40 5.80
15.00 3.20 6.10
15.00 3.80 5.80
14.70 3.20 5.80
14.00 3.20 5.20
13.40 4.10 5.20
13.40 2.60 5.20
12.50 4.10 4.90
13.10 2.60 4.90
11.20 3.20 4.60
12.20 3.80 4.60
11.20 1.60 4.60
10.90 3.80 4.60
10.30 1.30 4.60
10.60 3.20 3.90
10.30 2.90 3.60
9.70 1.60 3.90
9.30 2.90 3.60
9.30 1.30 3.60
9.30 3.20 3.60
8.40 2.30 3.30
8.40 1.60 3.30
7.80 2.60 3.30
8.10 1.30 3.30
7.80 3.20 3.00
7.50 1.00 3.60
6.80 2.60 3.00
6.80 2.30 3.30
6.20 0.40 3.00
6.50 2.60 2.40
6.50 1.00 2.40
6.20 1.60 3.00
6.50 2.30 2.40
5.90 0.40 3.00
5.90 2.30 1.70
5.90 1.30 2.10
5.30 1.00 2.10
4.90 1.60 2.10
5.30 1.00 2.10
4.90 1.30 2.10
4.60 1.30 1.70
4.60 1.30 1.70
4.00 1.00 1.70
4.90 1.00 1.70
4.60 1.30 1.70
3.70 0.40 1.70
4.60 1.30 1.70
3.70 0.40 2.10
4.00 1.00 1.70
3.40 1.30 1.10
3.70 0.10 1.70
3.40 1.30 1.70
3.10 1.00 1.10
3.10 0.40 1.70
3.70 1.00 1.10
3.40 0.10 1.70
3.10 1.30 1.10
3.10 0.40 1.10
3.10 0.10 0.80
3.10 1.00 1.10
3.10 0.40 1.70
2.40 0.10 1.10
3.10 0.40 1.10
2.40 0.40 1.70
3.10 0.10 1.10
2.10 1.00 1.10
2.40 0.10 1.10
2.40 0.40 1.10
2.40 1.00 1.10
2.10 0.10 0.80
2.40 0.40 1.10
3.10 0.10 1.10
2.40 0.40 0.80
2.10 0.10 0.80
2.40 0.40 1.10
2.10 0.10 0.80
2.10 -0.30 1.10
0.90 1.30 1.10
2.10 -0.60 0.80
1.80 1.00 0.80
1.80 0.10 0.80
1.80 -0.30 0.80
2.10 1.30 0.80
1.80 -0.60 1.10
1.80 1.30 0.80
0.90 0.10 0.80
0.90 -0.30 0.80
1.80 1.30 0.80
1.80 -0.60 1.10
0.90 1.00 0.80
0.90 -0.30 -0.50
1.80 0.10 0.80
1.80 0.40 0.80
0.60 -0.60 0.80
0.90 1.30 0.80
0.90 -0.60 0.80
0.90 1.00 0.80
0.60 -0.30 0.50
2025 2 4 20 12 5 945
190.16 189.95 181.78 22.00 8.90 6.10 75.26 31.30 18.98 24.12 137.75 37.59 284.23 190.95 198.41 202.46
0.10 0.10 -0.20
0.10 0.10 -0.20
-0.50 0.10 -0.50
0.10 0.40 -0.20
0.10 0.10 0.80
0.10 1.00 -0.50
-0.50 -0.20 -0.20
-0.50 0.40 -0.20
0.10 0.40 -0.50
-0.50 -0.20 -0.20
-0.50 1.00 -0.20
0.10 0.10 -0.20
-0.50 0.40 -0.20
0.10 0.40 -0.20
-0.50 0.10 -0.50
-0.50 1.30 -0.20
0.10 -0.20 0.80
0.10 1.00 -0.20
-0.50 0.10 -0.20
-0.50 -0.20 -0.20
-0.50 0.10 -0.20
0.10 -0.20 0.80
-0.50 1.00 -0.20
0.10 -0.20 0.80
0.10 0.10 -0.20
-0.50 0.10 -0.20
-0.50 0.10 -0.20
0.10 0.40 -0.20
-0.50 -0.20 0.80
0.10 0.40 -0.20
-0.50 1.00 -0.20
0.10 0.10 -0.20
0.10 0.10 0.80
-0.50 0.40 -0.20
-0.90 0.10 -0.20
0.10 0.10 -0.50
-0.50 0.10 -0.50
0.10 0.40 -0.20
-0.50 0.40 -0.20
-0.50 0.40 -0.20
0.10 -0.50 -0.20
0.10 0.40 -0.50
-0.50 0.10 -0.20
-0.50 0.10 -0.50
-0.50 0.10 -0.50
0.10 0.10 1.10
0.10 0.10 2.00
0.40 -0.20 2.30
1.70 0.40 3.90
4.50 1.60 4.20
7.60 3.20 4.20
11.10 4.50 5.50
14.50 6.70 5.50
16.70 7.60 5.50
18.90 7.00 6.10
20.50 7.60 5.10
20.80 8.20 5.50
22.00 8.20 5.50
22.00 8.60 5.10
21.70 8.20 5.10
21.10 8.90 4.80
20.80 7.60 5.10
20.20 8.20 3.90
19.50 8.20 4.20
18.90 7.60 4.80
18.90 8.20 4.20
18.00 7.60 4.20
17.70 8.20 4.20
17.30 6.70 4.20
16.70 7.60 3.90
16.10 7.00 3.30
16.10 6.70 4.20
15.80 7.60 3.30
15.80 5.40 3.30
15.10 6.00 3.90
14.80 5.70 3.60
14.50 5.40 3.30
13.90 6.00 3.30
13.60 5.10 3.30
13.90 5.40 3.30
13.30 5.40 3.30
12.90 5.70 2.30
12.00 5.10 2.60
12.00 4.50 2.60
11.10 5.10 2.60
10.80 4.50 2.30
10.80 4.50 2.60
10.40 4.20 2.00
9.50 3.80 2.00
9.50 4.20 2.60
8.90 3.20 2.30
8.20 4.20 2.30
8.90 3.20 2.00
8.20 3.20 2.00
8.20 4.20 2.30
7.90 2.90 2.00
7.90 3.20 2.00
7.90 3.20 2.00
7.60 2.90 2.00
7.30 2.90 2.00
6.70 2.90 2.00
7.30 3.20 2.00
6.70 2.60 1.40
6.40 2.60 2.00
6.40 2.60 2.00
6.40 2.30 2.00
5.70 2.60 1.40
5.70 1.60 1.40
5.70 2.60 1.40
5.10 2.30 1.40
5.10 1.30 1.40
5.10 2.30 1.40
4.80 1.60 1.40
4.80 2.30 1.10
4.80 2.60 1.40
4.80 1.30 1.10
3.90 1.60 1.40
4.50 2.30 1.40
3.90 1.60 1.10
3.90 1.30 1.10
4.50 1.30 1.10
3.90 1.30 1.10
3.90 1.30 1.10
3.50 1.60 0.80
3.50 1.00 1.10
3.20 1.60 0.80
3.20 1.00 1.10
3.50 1.00 0.80
3.50 1.60 1.10
3.20 0.40 1.10
2.90 1.60 0.80
3.50 0.40 0.80
2.90 0.40 1.10
3.20 1.60 1.10
2.90 1.00 1.10
2.90 1.30 0.80
2.90 1.00 1.10
2.30 1.30 0.80
2.30 1.00 0.80
2.30 1.00 1.10
2.30 1.00 0.80
2.00 1.00 -0.20
2.00 1.30 -0.20
2.30 -0.20 0.80
2.30 1.00 -0.20
2.30 0.40 -0.20
1.70 0.40 1.10
2.30 1.30 -0.20
2.00 0.10 -0.20
1.70 1.00 0.80
2.00 -0.20 0.80
1.70 1.00 0.80
1.70 0.40 -0.20
2.00 0.40 0.80
1.70 1.30 0.80
0.70 0.10 -0.20
1.70 1.00 0.80
1.70 0.40 -0.20
0.70 0.40 0.80
2.00 1.00 -0.20
0.70 -0.20 0.80
1.70 1.30 0.80
1.70 0.10 -0.50
1.70 0.10 -0.20
0.70 1.00 1.10
0.70 0.40 -0.20
0.40 1.00 -0.20
1.70 -0.50 0.80
0.70 1.30 -0.20
0.40 0.10 -0.20
1.70 0.10 -0.20
0.40 0.40 0.80
1.70 -0.20 -0.50
0.40 1.30 -0.50
0.40 -0.20 -0.20
0.70 0.10 -0.50
0.40 0.40 -0.20
0.40 0.10 -0.50
0.70 1.00 -0.20
0.40 -0.20 -0.20
0.40 1.00 -0.20
0.40 0.40 -0.20
0.40 -0.20 -0.50
0.70 0.10 -0.20
0.40 -0.20 -0.20
0.10 1.00 -0.20
0.40 0.10 0.80
0.70 -0.20 -0.20
0.40 0.40 -0.50
0.70 -0.20 -0.20
0.10 1.00 -0.20
0.40 -0.50 -0.20
0.70 0.10 -0.50
1.70 0.10 -0.20
0.40 -0.20 -0.50
0.70 0.40 -0.20
0.10 -0.20 -0.20
0.70 -0.50 0.80
0.40 0.40 -0.50
0.70 -0.20 -0.20
2025 2 4 20 22 29 720
193.54 192.04 200.21 20.60 32.60 8.50 75.21 119.14 34.63 20.28 330.79 54.18 333.15 194.51 190.30 209.85
0.20 -0.10 0.10
-0.50 -0.10 0.10
0.20 0.60 -0.30
-0.50 0.20 -0.30
0.20 -0.10 -0.30
0.20 0.60 0.10
-0.50 -0.40 0.10
0.20 0.60 0.10
0.20 0.20 -0.30
0.20 0.20 -0.30
0.80 0.20 0.10
-0.50 0.20 0.10
0.20 0.60 0.10
-0.50 0.20 -0.30
-0.50 0.60 -0.30
-0.50 -0.10 0.10
0.20 -0.10 -0.30
-0.50 0.60 1.00
-0.50 -0.40 -0.30
0.20 1.20 0.10
0.20 -0.40 -0.30
0.50 0.20 -0.30
0.20 0.60 -0.30
0.20 -0.40 -0.30
0.80 1.20 -0.30
0.20 -0.40 0.10
0.20 1.20 -0.60
0.20 0.20 -0.30
-0.50 -1.00 -0.30
-0.50 0.60 0.10
0.20 -0.10 -0.30
0.20 0.60 0.10
0.50 -0.40 0.10
0.50 0.20 0.10
0.50 0.20 -0.30
0.20 -0.40 0.10
0.20 1.20 -0.30
0.20 -0.40 0.10
0.20 1.20 0.10
-0.50 0.20 -0.30
0.20 -0.40 0.10
0.20 1.20 0.10
-0.50 -0.40 -0.30
0.20 0.60 0.10
0.20 0.20 -0.30
0.20 -0.10 0.10
0.20 1.20 0.10
0.20 -0.10 -0.30
0.20 2.70 0.10
0.80 4.30 0.10
4.90 7.80 1.60
6.80 12.80 3.50
9.00 15.90 4.40
13.00 22.50 5.70
15.20 24.40 6.60
16.80 28.50 8.20
17.70 29.70 7.90
18.40 30.40 8.20
19.30 31.90 8.50
19.30 31.90 8.20
20.60 32.60 8.20
20.30 31.60 8.20
19.30 31.30 7.30
19.60 31.30 7.90
19.30 30.00 7.30
19.00 30.40 7.90
19.00 29.70 7.30
18.10 28.80 7.00
17.40 27.50 7.00
17.40 27.20 6.60
16.80 26.30 7.00
16.20 25.30 7.00
15.90 24.40 6.60
15.90 23.10 7.00
15.20 23.50 6.30
14.90 23.10 6.30
15.20 21.60 6.60
14.60 21.90 5.70
14.00 20.60 6.30
13.70 20.60 5.40
13.70 19.70 5.70
13.40 19.10 5.70
13.00 18.70 5.40
12.40 18.40 5.10
12.40 18.40 5.10
12.10 17.50 5.10
12.10 17.20 5.10
10.80 15.90 4.10
10.80 15.60 4.10
10.50 15.30 4.40
10.50 14.00 3.80
9.30 15.90 3.80
9.60 14.40 4.10
9.30 14.00 3.80
9.60 14.40 3.80
8.30 12.80 3.80
8.00 13.40 3.50
8.00 12.50 3.80
8.00 12.50 3.50
7.70 12.50 3.50
8.00 11.20 3.50
7.40 11.80 3.50
7.40 10.60 2.90
6.40 11.50 3.50
6.40 10.00 2.90
6.80 10.30 2.90
6.40 10.60 2.90
6.10 9.00 2.60
6.40 10.00 2.30
6.10 8.70 2.30
5.80 8.40 2.60
6.10 9.00 2.60
5.20 7.10 2.60
5.20 8.70 2.30
5.20 7.80 2.30
4.90 7.80 2.30
4.90 7.80 2.30
4.60 6.20 2.60
4.60 7.10 2.30
4.60 5.90 2.30
4.60 6.80 2.30
4.60 5.60 2.30
4.60 5.90 2.30
3.60 6.20 1.60
3.90 4.60 2.30
3.60 5.90 2.30
3.30 4.60 1.60
3.30 5.60 1.60
3.30 5.30 1.30
3.30 4.30 1.60
3.60 5.30 1.30
3.00 4.30 1.30
3.30 4.30 1.30
3.00 5.30 1.60
3.30 4.00 1.30
2.40 4.60 1.30
3.00 4.30 1.60
2.10 4.00 1.30
2.40 4.00 1.00
2.40 3.40 1.30
2.40 3.40 1.30
2.40 3.10 1.30
2.40 4.00 1.30
2.10 3.40 1.30
2.10 4.00 1.00
2.10 2.70 1.00
2.40 3.40 1.30
1.70 3.40 1.30
1.70 2.40 1.30
2.10 3.40 1.00
1.70 2.70 1.00
2.10 3.10 1.30
1.70 1.80 1.00
2.10 2.40 1.00
1.70 2.40 1.00
1.70 1.50 1.00
2.10 2.70 1.30
0.80 2.70 1.00
1.70 1.80 1.00
0.80 2.70 0.10
1.70 1.80 1.00
0.80 2.40 1.00
1.70 1.80 1.30
0.50 2.40 1.00
0.80 1.50 0.10
0.50 1.50 0.10
0.80 1.80 1.00
0.50 1.50 0.10
0.80 1.80 1.30
0.80 1.50 1.60
0.50 1.50 1.30
0.50 1.50 1.60
0.50 1.80 1.00
0.50 1.80 1.00
0.50 0.60 1.60
0.50 1.80 1.30
0.80 1.20 1.00
0.80 0.60 1.60
0.80 1.50 1.30
0.50 0.60 1.30
0.20 1.20 1.00
0.50 1.20 1.00
0.80 0.60 0.10
0.50 1.50 1.30
0.50 0.60 1.00
0.50 1.80 1.30
0.20 1.50 1.00
0.20 1.80 1.30
0.50 1.50 1.00
0.20 1.50 1.00
0.20 1.80 1.00
0.20 0.60 1.00
0.20 1.50 0.10
0.20 0.60 1.00
0.20 1.50 1.00
0.20 2.40 1.30
0.20 0.60 1.30
0.20 1.80 0.10
0.50 1.20 1.00
0.20 1.50 1.00
2025 2 4 20 23 29 721
196.16 196.90 198.29 58.00 23.00 12.50 203.04 86.50 47.92 5.94 299.79 28.76 290.70 192.30 197.20 201.79
-0.30 0.10 0.90
0.30 1.00 0.90
0.30 -0.50 0.90
0.30 0.40 0.90
-0.30 -0.20 0.90
0.30 -0.20 0.90
0.30 0.40 1.20
0.30 0.10 0.90
-0.30 0.40 0.90
-0.30 -0.20 0.00
0.60 0.10 0.90
0.30 0.10 1.20
0.30 0.10 0.90
-0.30 -0.20 0.90
0.30 0.10 0.90
0.30 0.40 0.00
-0.30 -0.20 0.90
0.30 1.30 0.90
0.30 0.10 0.90
0.30 -0.20 0.00
-0.30 1.00 0.00
0.60 -0.20 1.20
-0.30 0.10 1.20
0.30 -0.20 0.90
0.30 0.10 0.00
0.30 0.10 0.90
0.60 0.10 0.00
0.30 0.10 0.90
-0.30 0.10 0.90
0.30 -0.20 0.00
0.30 0.40 0.90
0.30 0.10 0.90
-0.30 0.40 0.90
0.30 -0.20 0.00
0.30 0.10 0.90
0.30 -0.20 0.00
-0.30 0.40 0.90
0.30 0.10 0.00
-0.30 -0.20 0.90
0.30 0.10 0.00
0.30 -0.20 0.00
0.30 0.10 1.20
-0.30 0.10 0.00
0.30 0.10 0.90
-0.30 0.40 0.90
-0.30 -0.50 1.20
0.60 1.00 1.20
-0.30 -0.20 1.20
-0.30 0.10 0.90
2.50 0.40 0.90
7.50 0.10 3.70
16.30 5.40 6.60
26.00 7.00 6.90
36.70 11.40 8.40
44.20 14.50 10.00
49.90 15.80 10.60
53.60 19.90 11.60
55.20 19.50 12.20
58.00 21.40 12.50
57.70 21.70 11.60
57.70 21.70 12.20
57.10 22.70 11.60
57.10 21.70 11.60
55.20 23.00 11.00
54.30 22.40 10.00
53.30 22.40 10.60
52.10 22.70 10.60
50.50 21.10 10.00
49.30 21.40 9.70
48.30 19.90 9.40
46.70 20.20 8.40
45.50 19.90 8.80
44.20 19.50 8.80
43.30 18.90 8.40
42.00 18.30 8.10
40.50 19.50 8.10
39.80 17.30 8.10
38.60 17.70 7.80
38.00 17.70 7.80
36.70 15.50 7.20
36.40 17.30 6.90
34.80 14.20 6.90
33.90 15.10 6.60
32.00 14.50 6.60
31.40 13.90 6.60
30.40 14.20 6.20
29.50 12.60 6.20
28.50 13.90 6.20
27.60 13.30 5.30
27.60 12.30 5.60
26.30 12.60 5.30
26.00 11.70 4.40
25.10 11.70 5.30
23.50 10.40 5.00
23.50 11.70 5.00
22.00 10.10 5.00
21.30 10.10 4.40
21.00 9.80 4.40
19.80 8.60 4.40
19.80 10.40 4.10
19.10 8.90 4.10
18.20 8.90 4.10
18.20 8.90 3.70
17.60 7.60 4.10
16.60 8.90 3.70
16.60 7.60 3.70
15.40 7.00 3.70
16.00 7.00 3.40
15.10 6.70 3.40
14.10 6.10 3.40
14.70 7.00 3.40
13.80 6.10 3.40
13.20 5.70 2.80
13.20 5.70 3.40
12.50 5.40 2.80
12.50 5.70 2.80
12.20 5.70 2.80
11.30 5.40 2.80
11.30 5.40 2.50
10.70 5.10 2.50
10.70 5.10 2.50
10.70 5.10 2.20
9.70 5.10 2.20
9.70 5.10 2.20
9.70 4.20 2.50
9.40 4.50 2.20
8.50 4.20 2.20
8.50 4.20 2.20
7.80 3.90 2.20
8.20 3.20 2.20
7.80 4.20 2.20
7.80 3.20 1.50
7.50 3.20 2.20
7.50 3.90 1.50
6.60 2.90 2.20
6.90 3.90 2.20
6.60 2.90 1.50
6.30 2.30 2.20
6.00 3.90 1.50
6.00 2.30 1.20
5.30 3.20 1.50
6.00 2.90 1.20
5.30 1.70 1.50
5.30 2.90 0.90
5.00 1.70 1.50
5.00 2.90 1.50
5.00 1.70 1.20
5.00 2.30 1.50
4.10 2.30 1.50
4.70 2.30 1.50
4.10 2.60 1.20
3.80 1.30 1.20
4.10 2.90 1.50
3.80 1.30 1.20
3.80 1.30 1.20
3.80 1.70 0.90
3.40 1.00 1.20
3.40 2.30 0.90
3.80 1.00 1.20
3.80 2.30 0.90
3.40 2.30 1.50
3.40 0.40 1.20
3.40 2.30 0.90
3.40 1.00 1.20
2.50 1.30 1.20
3.40 1.00 1.20
3.10 1.30 1.20
3.10 1.70 1.50
3.10 0.10 0.00
3.10 1.70 0.90
3.10 0.40 0.90
3.10 1.00 0.00
2.50 1.00 0.90
2.50 0.40 1.20
2.50 1.30 1.20
2.20 0.10 1.20
2.20 1.30 0.90
2.50 0.10 0.90
2.20 1.30 1.20
2.50 1.30 0.90
2.20 0.40 1.20
2.20 1.30 1.20
2.20 0.10 1.50
2.20 1.00 1.20
1.90 1.00 0.90
1.90 -0.20 0.90
1.90 1.00 0.90
1.90 0.10 0.90
1.90 1.00 0.90
1.90 0.10 0.90
1.90 1.00 0.90
1.90 0.40 0.90
0.90 1.00 0.90
1.90 0.10 0.90
1.90 0.10 0.00
0.90 1.30 0.90
0.90 0.10 0.90
0.90 1.00 0.90
0.60 0.40 0.90
1.90 0.40 1.20
2025 2 4 20 23 52 542
199.77 205.31 195.66 28.80 10.40 16.80 100.87 36.40 59.50 21.02 185.28 44.90 213.52 198.95 213.50 197.60
0.00 0.00 -0.10
-0.60 0.00 -0.10
0.00 -0.30 -0.10
0.00 0.00 -0.40
0.00 -0.30 -0.40
0.00 0.00 -0.40
0.00 -0.30 -0.10
-0.60 -0.30 -0.10
0.00 -0.30 -0.10
-0.60 0.00 -0.10
-0.60 0.00 -0.10
0.00 -0.30 -0.40
0.00 0.00 -0.10
0.00 0.30 -0.10
0.00 0.00 -0.10
0.00 -0.30 -0.10
0.00 0.00 -0.10
0.00 0.00 -0.10
0.00 0.00 -0.40
0.00 0.00 0.80
0.00 0.00 -0.10
-0.60 0.00 0.80
0.00 -0.60 -0.10
0.30 0.00 0.80
0.00 0.00 -0.10
0.00 0.00 0.80
0.00 -0.30 -0.10
0.00 -0.30 -0.10
0.00 0.00 -0.10
-0.60 -0.30 -0.10
-0.60 -0.30 -0.10
0.00 -0.30 0.80
0.00 0.00 -0.10
-0.60 -0.30 0.80
0.00 -0.60 0.80
0.00 0.00 -0.10
0.00 -0.60 -0.10
0.00 0.00 -0.10
0.00 0.00 -0.40
0.00 -0.60 -0.10
0.00 0.30 -0.40
-0.60 0.00 -0.10
0.00 -0.30 -0.10
0.00 0.00 -0.10
0.00 -0.30 -0.10
0.00 -0.30 0.80
-0.60 -0.30 -0.10
0.00 -0.60 -0.10
0.00 -0.30 0.80
0.30 0.00 3.60
1.50 -0.60 7.10
4.40 0.00 10.50
8.10 -0.30 11.50
13.80 2.20 12.70
17.50 4.10 14.00
19.40 5.00 16.20
23.20 6.00 16.80
26.60 6.60 16.50
27.90 7.60 16.80
28.80 9.40 16.80
28.20 9.80 16.50
27.90 9.80 16.20
27.90 10.10 16.20
27.60 10.10 14.90
26.60 10.10 15.30
26.60 10.40 14.00
26.30 9.80 14.30
26.00 9.80 14.00
25.10 10.10 13.70
23.80 9.40 13.40
23.50 9.40 12.40
23.20 8.80 12.40
22.90 8.80 12.40
21.00 8.50 11.50
20.70 7.60 11.50
20.40 8.20 10.90
20.40 7.60 10.90
19.10 8.20 10.50
19.10 6.60 9.90
18.20 6.90 9.60
18.20 7.60 9.60
17.20 6.00 9.60
17.20 6.60 8.70
16.30 6.00 8.70
16.30 6.00 8.30
16.00 5.70 8.00
15.00 5.40 7.70
15.00 5.40 7.70
14.70 5.40 8.00
14.40 5.40 6.80
13.80 5.00 7.10
13.50 5.40 7.10
13.50 5.40 6.20
12.20 5.00 6.20
12.80 4.40 6.80
12.20 4.10 6.20
11.90 4.40 6.20
10.60 3.80 6.20
10.60 4.10 5.20
10.30 4.10 5.20
10.30 3.80 5.20
9.40 4.10 5.20
9.10 3.20 4.90
8.80 4.10 4.90
8.80 3.80 4.90
8.10 4.10 4.30
8.10 2.80 4.00
8.10 3.20 4.00
7.80 2.80 4.00
7.50 2.80 4.00
7.50 3.20 3.60
7.20 2.20 4.30
6.60 3.80 3.60
6.60 2.50 4.00
6.30 2.20 3.60
6.30 2.80 3.60
6.30 2.20 3.60
5.90 2.80 4.00
6.30 2.20 3.60
5.60 2.50 2.70
5.60 2.20 3.30
5.00 1.60 2.70
4.70 2.20 2.70
5.00 2.20 2.70
5.60 2.50 2.70
4.70 1.60 2.70
5.00 1.60 2.70
5.00 2.50 2.40
4.40 1.60 2.40
4.40 2.20 2.10
4.40 1.30 2.70
4.40 1.60 2.70
4.40 1.60 2.70
3.40 1.30 3.30
4.40 1.30 2.40
4.40 1.30 2.10
4.40 2.20 2.40
3.40 1.30 2.10
3.70 1.30 2.10
3.70 1.30 2.10
3.70 1.30 1.40
3.10 1.60 2.10
3.40 0.30 2.10
3.40 1.60 2.40
3.70 1.30 1.40
2.80 1.00 1.40
3.40 1.00 1.40
2.80 1.00 1.40
2.80 1.30 1.40
2.80 1.00 2.10
3.10 1.00 1.40
2.20 1.00 1.40
2.80 1.30 2.10
2.20 0.00 1.10
2.20 0.30 1.10
2.20 1.00 1.10
2.20 0.30 1.40
2.20 1.30 1.10
2.20 -0.30 1.40
2.20 1.00 1.10
2.80 1.00 1.10
1.90 1.00 1.10
1.90 1.00 1.40
1.90 0.00 1.40
1.90 1.30 1.10
1.90 1.00 1.10
0.60 0.30 0.80
1.50 1.30 0.80
2.20 1.00 1.40
0.60 1.30 0.80
1.90 1.00 0.80
1.50 1.00 1.10
1.90 0.30 0.80
0.60 0.30 1.10
1.50 0.30 0.80
1.50 1.00 0.80
1.50 0.00 1.10
0.60 1.00 1.10
1.50 1.00 -0.10
0.60 1.00 0.80
0.30 1.30 1.10
0.30 0.30 1.10
0.60 0.30 0.80
0.60 0.30 1.10
1.50 0.30 0.80
0.60 0.30 -0.10
0.60 1.00 -0.10
0.60 0.30 0.80
1.50 0.30 0.80
0.60 1.00 0.80
0.60 -0.30 0.80
0.60 1.30 0.80
1.50 0.30 -0.10
0.00 0.00 0.80
0.30 0.30 1.10
0.30 -0.60 0.80
0.60 0.30 -0.40
0.60 0.30 -0.10
0.60 -0.60 0.80
0.30 1.00 -0.10
2025 2 4 20 25 36 40
194.70 210.94 196.60 13.10 13.80 19.50 45.38 43.27 74.87 49.48 225.73 44.43 210.52 199.30 213.50 197.21
0.20 0.30 -0.30
0.20 -0.70 0.00
0.50 0.00 1.00
0.20 0.00 0.00
0.20 -0.70 -0.30
-0.40 0.90 0.00
0.20 -0.70 1.00
-0.70 0.00 0.00
0.20 -0.30 0.00
0.20 -0.30 1.30
-0.40 0.00 0.00
-0.40 -1.30 1.00
0.20 0.00 0.00
0.20 0.00 0.00
0.20 0.00 0.00
-0.40 0.30 1.30
-0.40 -0.70 -0.30
0.20 -0.30 0.00
0.50 0.30 0.00
0.20 -0.70 0.00
0.50 -0.30 0.00
0.20 0.00 0.00
0.80 -0.30 0.00
0.20 0.90 -0.30
0.50 -0.70 -0.30
0.50 0.00 -0.30
0.20 0.30 -0.30
0.20 -0.30 1.00
0.50 0.00 -0.30
0.50 -0.70 0.00
0.50 0.00 -0.30
0.20 -0.30 -0.30
0.20 0.30 0.00
0.50 0.00 0.00
0.20 -0.30 0.00
0.20 0.00 0.00
0.20 -1.30 1.00
0.20 0.00 0.00
0.50 0.30 -0.30
0.20 -0.70 -0.30
0.20 0.90 -0.30
0.20 -0.70 1.00
0.20 -0.30 0.00
0.20 0.00 -0.60
0.20 -1.60 0.00
0.20 0.90 -0.30
0.20 -0.70 0.00
-0.40 -0.30 1.00
0.50 0.30 0.00
0.20 -0.70 2.80
2.40 0.00 10.10
4.60 -0.70 14.10
6.20 0.00 15.70
6.80 0.00 17.90
8.40 1.50 18.50
9.30 5.00 18.50
10.60 5.90 19.50
10.60 9.40 18.80
11.20 11.00 18.50
12.10 11.60 18.50
12.50 13.20 18.20
13.10 12.20 18.20
13.10 13.80 18.20
12.10 13.20 17.90
12.50 12.80 17.90
11.20 13.80 17.30
12.10 12.20 17.30
10.90 12.80 15.70
10.90 12.20 16.30
10.60 11.30 16.60
10.60 12.50 15.40
10.30 11.00 15.10
9.60 11.30 14.40
9.60 11.00 14.40
9.30 10.00 14.40
8.40 10.30 13.80
8.40 9.70 14.10
8.40 10.30 13.50
8.40 9.40 12.90
7.70 9.40 12.90
8.10 9.40 12.20
7.70 8.40 11.60
7.70 9.70 11.00
6.80 6.90 10.70
7.40 8.40 10.70
6.50 8.40 10.10
6.50 5.60 10.10
6.20 8.40 9.40
6.20 5.90 9.40
6.20 6.90 8.80
6.20 6.90 8.80
4.90 5.60 8.50
5.90 6.60 8.20
5.90 5.90 8.20
4.90 5.30 8.20
4.90 5.90 7.90
4.90 5.30 7.90
4.60 5.30 7.20
4.60 5.30 6.90
4.60 4.40 6.90
4.00 5.30 6.90
4.60 5.30 6.90
4.00 4.10 6.60
3.70 5.00 6.60
4.00 4.10 6.30
3.70 4.10 6.30
3.70 4.10 6.30
3.40 3.70 5.70
3.70 3.70 5.30
3.40 3.70 5.30
3.70 3.70 5.30
3.00 3.10 5.30
3.70 3.10 5.30
3.00 2.80 5.30
3.40 3.10 4.40
3.00 3.10 5.00
3.40 2.80 4.40
3.00 3.10 4.40
3.00 2.50 4.40
2.40 2.80 4.10
3.00 2.80 4.10
3.00 2.20 3.80
2.40 3.10 4.10
2.10 1.50 3.80
3.00 2.20 3.50
2.10 2.20 3.50
2.40 1.50 3.50
2.10 2.80 3.50
2.10 0.30 2.50
2.10 2.20 3.50
2.10 2.20 2.80
1.80 1.20 2.50
2.10 2.20 2.50
1.80 1.20 3.50
2.10 1.50 2.20
1.80 2.20 2.50
2.10 1.20 2.50
1.80 2.20 2.50
1.80 1.20 2.80
0.80 1.50 2.20
1.80 0.90 2.20
0.80 1.20 2.20
1.80 1.20 2.50
1.80 0.90 2.20
1.80 1.50 2.20
1.80 1.20 1.60
1.80 1.20 2.20
0.50 1.20 2.20
1.80 0.30 2.20
0.80 1.20 2.20
0.80 1.20 1.60
0.50 0.90 2.20
0.50 0.30 1.60
0.50 0.90 1.60
0.80 1.20 1.30
0.20 1.20 1.60
0.80 0.00 2.20
0.50 1.20 1.60
0.80 1.20 1.60
0.50 0.30 2.20
0.80 0.90 2.20
0.80 0.30 1.60
0.50 0.90 1.30
0.50 0.30 2.20
0.50 0.30 1.30
0.20 0.00 2.20
0.20 0.30 1.30
0.20 0.90 1.60
0.50 -0.30 1.60
0.50 0.30 1.60
0.80 0.30 1.60
0.50 0.90 1.30
0.50 0.30 1.30
0.20 -0.70 1.30
0.20 1.20 1.00
-0.40 -0.30 1.30
0.50 -0.30 1.30
0.20 1.20 1.30
0.50 -0.70 1.30
0.20 0.30 1.60
0.50 0.30 1.00
0.20 0.00 1.00
0.20 1.20 1.30
0.20 0.30 0.00
0.20 0.00 1.00
0.50 0.30 1.60
0.20 0.00 1.00
0.20 0.00 1.30
0.20 -0.30 1.00
-0.40 0.00 1.00
0.20 0.30 1.00
0.50 0.30 1.30
0.20 -0.30 1.00
0.20 0.00 0.00
0.50 0.90 0.00
0.20 -0.30 1.30
0.20 0.30 1.00
0.20 0.00 1.00
0.20 0.00 1.30
0.20 0.90 1.30
2025 2 4 20 44 28 3
201.55 197.64 196.46 72.30 33.90 14.10 301.96 121.54 50.62 16.42 98.94 7.80 352.29 197.53 195.94 199.57
0.10 -0.30 -0.30
-0.50 -0.30 -0.30
0.10 -0.30 -0.30
-0.50 0.00 -0.30
0.10 -0.30 -0.30
-0.50 0.00 0.00
0.10 -0.30 -0.30
-0.50 -0.30 -0.30
0.10 -0.60 -0.30
0.10 -0.30 -0.30
0.10 -0.30 -0.30
0.40 -0.30 -0.30
-0.50 0.00 -0.30
-0.80 -0.60 -0.30
0.10 0.00 -0.30
0.10 -0.60 0.00
0.10 0.00 -0.70
0.10 0.00 -0.30
0.10 -0.60 -0.30
0.10 0.90 0.00
0.10 -0.60 -0.30
0.10 0.90 -0.30
0.10 0.30 -0.30
0.10 -0.30 -0.30
0.10 0.30 -0.30
-0.50 -0.60 0.00
0.10 0.90 0.00
0.10 0.00 -0.30
0.10 -0.30 -0.30
-0.80 0.30 0.00
0.10 -0.60 0.00
0.10 1.30 0.00
0.10 -0.60 0.00
0.10 0.30 0.00
0.10 1.30 -0.30
0.10 -1.30 0.00
0.10 0.30 0.00
-0.50 -0.30 0.90
0.10 -0.60 0.00
0.10 0.30 0.90
0.40 -1.30 0.90
0.10 0.30 0.90
0.10 0.30 0.90
0.10 -0.30 0.90
0.10 0.90 -0.30
0.10 -0.30 0.00
0.10 0.90 0.00
0.10 0.90 0.90
0.40 -0.30 0.00
-0.50 0.30 2.50
0.40 2.50 5.30
6.10 6.60 8.80
16.40 11.60 10.60
31.20 18.20 12.20
46.20 22.90 12.80
58.50 27.00 13.50
69.40 29.80 13.80
72.30 29.50 14.10
72.30 31.40 13.50
72.30 32.30 12.80
72.30 31.70 12.80
72.30 33.90 12.50
72.30 31.70 12.20
72.30 32.60 12.20
72.30 32.30 11.00
72.30 32.60 10.60
72.30 32.90 11.00
72.30 31.40 10.00
72.30 31.70 9.70
72.30 30.40 9.70
72.30 30.10 9.70
71.30 29.50 9.40
69.40 27.60 8.80
66.90 28.60 8.40
65.40 26.70 8.40
63.80 26.70 8.10
61.90 24.50 8.40
60.70 24.50 8.40
59.40 23.80 8.40
58.50 23.20 8.40
56.60 22.30 8.10
55.30 22.30 7.80
53.80 20.10 7.80
52.20 20.40 7.80
50.30 20.10 7.20
49.10 18.20 7.20
47.50 18.80 6.90
46.50 18.50 6.90
44.70 15.70 6.60
43.40 17.60 6.20
41.20 15.70 6.60
40.60 16.00 5.60
39.60 15.40 6.20
38.10 14.40 5.30
37.40 15.70 5.30
36.50 13.20 5.30
35.30 14.40 5.30
34.00 13.80 5.30
33.40 12.90 5.00
31.80 13.80 5.30
31.20 11.60 5.00
30.20 13.80 4.40
29.30 11.30 4.00
29.00 12.20 4.00
28.00 11.60 4.40
27.40 10.40 4.40
26.50 11.30 4.00
26.20 9.40 4.00
24.90 10.00 3.40
24.60 9.70 4.00
23.30 8.80 3.70
23.00 9.40 3.40
21.80 7.50 3.40
20.80 9.40 2.80
20.50 6.90 3.40
19.60 6.90 3.40
18.90 7.50 2.50
18.90 6.60 2.80
18.30 7.50 2.50
17.70 5.70 2.50
17.70 6.60 2.50
16.70 6.60 2.50
16.70 5.30 2.50
16.10 6.90 2.50
15.80 5.00 2.20
15.20 5.70 2.20
15.80 5.70 2.20
14.90 4.10 2.50
15.20 6.00 2.50
14.50 4.40 2.50
13.90 4.40 2.20
13.30 5.00 2.20
13.30 4.10 2.20
13.00 4.40 2.20
12.30 3.80 1.20
12.00 4.40 2.20
11.10 3.10 1.50
11.10 3.10 1.50
10.50 3.80 1.50
10.50 3.80 1.50
10.50 4.10 1.20
9.50 3.80 1.20
9.50 3.80 2.20
9.50 3.10 2.20
8.90 2.50 2.20
8.30 3.10 2.20
8.30 2.50 1.50
8.30 2.20 2.20
8.30 3.10 2.20
8.00 2.80 1.50
7.60 2.50 2.20
7.30 2.80 2.20
7.60 2.20 2.20
6.70 2.80 1.50
6.70 2.50 1.50
6.40 2.20 1.50
6.70 2.80 1.50
6.40 2.50 1.50
6.40 2.20 1.20
5.80 2.50 1.50
6.10 1.60 1.50
5.10 2.50 0.90
5.10 2.20 1.20
5.80 1.60 1.50
5.80 2.20 1.20
5.10 1.60 1.20
5.10 2.50 1.20
4.80 0.90 1.50
4.80 2.20 0.90
4.50 0.90 1.20
4.80 0.90 0.90
4.50 1.60 0.90
4.50 -0.30 0.90
4.50 1.30 1.20
4.50 0.30 1.20
3.90 0.30 1.20
4.80 2.20 0.90
3.90 0.00 1.20
3.90 1.60 0.90
3.90 1.30 0.90
4.50 1.30 0.90
4.80 2.50 0.90
4.50 1.30 0.90
4.50 2.20 1.20
4.50 0.30 0.00
4.50 1.60 0.90
4.50 0.90 1.20
4.50 0.30 0.00
3.60 1.60 1.20
3.90 -0.60 0.90
3.90 1.60 0.90
3.30 0.30 0.90
3.90 0.30 0.90
3.60 1.60 1.20
3.30 -0.30 0.90
3.60 1.30 0.90
3.60 0.30 -0.30
2.90 0.00 0.90
3.30 0.30 1.20
3.30 -0.60 0.90
2025 2 4 20 57 56 593
192.31 197.74 197.07 29.10 31.60 12.20 105.86 109.53 39.66 18.38 265.49 25.03 287.55 191.82 196.55 200.00
0.30 0.90 -0.10
-0.40 -0.70 0.90
0.30 1.50 -0.40
0.30 -0.10 -0.40
0.30 -0.10 -0.40
0.30 0.90 -0.40
0.30 -0.40 -0.40
-0.40 0.90 -0.10
0.30 0.20 0.90
0.30 0.20 -0.40
0.30 0.20 -0.10
0.30 -0.40 -0.10
0.30 0.90 -0.10
-0.40 -0.10 -0.40
0.30 0.20 -0.10
0.30 -0.10 -0.10
0.30 -0.10 -0.40
-0.40 0.20 0.90
0.30 -0.40 -0.40
0.30 -0.10 -0.10
-0.40 0.20 -0.40
-0.40 -0.10 -0.40
0.30 0.90 -0.10
-0.40 -0.10 -0.10
0.30 -0.10 -0.40
-0.40 0.20 -0.40
0.30 -0.10 -0.10
0.30 -0.40 -0.10
0.30 0.20 -0.40
-0.40 -0.40 -0.10
0.30 0.90 -0.40
-0.40 -0.40 -0.40
0.30 -0.10 -0.40
-0.70 -0.10 -0.40
0.30 -0.40 -0.10
-0.40 -0.10 -0.40
0.30 -0.10 -0.10
-0.70 -0.10 -0.10
0.30 -0.10 -0.10
0.30 -0.10 -0.40
0.30 -0.40 -0.10
-0.40 -0.40 -0.10
0.30 0.90 -0.10
-0.40 -0.40 0.90
-0.40 0.20 0.90
-0.40 -0.10 -0.10
0.30 -0.70 -0.10
-0.70 0.20 -0.10
0.60 -0.70 0.90
2.50 0.20 1.50
9.10 2.10 5.00
14.10 5.90 7.20
19.70 12.80 8.10
22.20 16.90 10.00
25.10 21.60 10.60
25.40 24.10 12.20
26.90 26.90 11.50
28.20 29.70 11.50
28.50 30.10 11.50
28.50 31.30 10.90
29.10 31.30 10.00
28.50 31.30 10.00
27.90 31.60 9.70
26.90 30.40 10.00
26.90 30.10 9.30
26.30 29.70 9.30
26.30 28.80 8.70
24.70 28.50 8.40
24.10 27.50 8.40
23.50 26.00 8.10
23.20 26.00 7.80
21.30 25.00 7.80
21.30 24.10 7.20
20.40 23.80 7.20
20.40 22.80 7.20
19.10 22.20 7.20
19.70 22.20 7.20
18.50 21.00 6.80
18.50 21.00 6.50
17.50 20.00 6.50
16.90 18.80 6.20
16.90 19.70 6.20
16.30 18.10 6.20
15.30 18.10 6.20
15.30 18.40 5.60
14.10 15.90 5.60
14.10 17.20 5.30
14.70 15.90 5.30
14.70 15.00 5.00
14.10 15.60 5.00
13.80 14.10 5.00
13.40 14.10 5.00
13.80 15.00 4.30
13.10 12.80 4.30
12.20 13.70 5.00
12.20 12.50 4.30
11.30 12.50 4.00
10.60 12.20 4.30
10.90 11.50 4.00
10.60 11.20 3.70
10.60 10.90 4.00
9.70 10.30 4.00
9.40 10.30 4.00
9.10 10.30 3.70
9.10 10.00 3.40
8.40 9.70 3.40
8.40 9.70 3.40
7.80 8.70 2.80
8.10 9.70 3.40
7.50 8.40 2.80
7.80 8.70 2.80
6.90 7.50 2.40
7.50 8.40 2.80
6.50 6.80 2.80
6.90 7.50 2.40
6.20 7.50 2.40
6.50 5.90 2.80
6.20 6.80 2.40
6.20 5.90 2.10
5.30 5.90 2.40
5.90 5.90 2.40
5.30 5.60 2.10
5.00 5.60 2.10
5.00 5.30 2.10
5.30 5.90 2.10
4.70 4.00 1.50
5.00 5.90 2.10
4.70 4.00 2.10
5.00 5.00 1.50
4.00 5.30 2.10
4.70 3.10 1.50
4.70 5.00 2.10
4.70 3.70 2.10
4.70 3.70 1.50
4.00 4.30 1.50
4.00 2.80 1.50
3.70 4.30 1.20
3.70 3.10 1.50
4.00 3.10 1.20
4.00 3.70 1.20
3.70 3.10 1.50
3.40 3.10 1.20
3.70 2.80 0.90
3.40 3.10 1.20
3.70 2.40 1.50
3.40 2.80 1.50
3.40 2.40 1.50
3.10 2.40 1.20
3.40 3.10 1.20
3.10 1.50 1.20
3.40 2.40 0.90
2.50 2.40 1.20
3.10 2.10 0.90
2.50 2.40 1.20
3.10 1.20 -0.10
2.50 2.10 1.20
2.50 2.40 0.90
2.50 1.50 0.90
2.20 2.10 0.90
2.20 1.20 1.20
1.80 2.10 0.90
1.80 1.20 0.90
2.20 1.50 0.90
1.80 1.50 0.90
2.20 1.50 0.90
2.20 1.50 1.20
2.20 1.20 0.90
0.90 1.50 0.90
1.80 1.20 0.90
1.80 1.20 0.90
2.20 1.20 0.90
0.90 0.90 0.90
0.90 1.20 0.90
1.80 1.20 0.90
1.80 0.90 0.90
0.90 1.20 -0.10
1.80 1.50 0.90
1.80 0.90 0.90
1.80 1.20 -0.10
0.60 0.90 -0.10
0.90 0.90 -0.10
0.90 1.20 0.90
0.90 0.20 0.90
0.30 0.20 -0.10
0.90 1.20 -0.40
0.30 0.20 -0.40
0.90 0.90 -0.40
0.30 0.90 0.90
0.60 -0.10 -0.10
0.60 0.90 0.90
0.60 0.20 -0.40
0.60 0.20 0.90
0.60 1.20 0.90
0.60 0.20 -0.10
0.90 0.90 -0.10
0.60 -0.10 -0.10
0.60 1.20 -0.10
0.60 -0.10 -0.40
0.90 -0.40 1.20
0.60 0.90 -0.10
2025 2 4 21 15 15 840
200.53 193.62 215.21 72.50 71.50 69.40 408.95 538.36 242.02 57.34 341.67 57.25 340.96 197.66 190.96 212.44
-0.30 0.30 -0.50
0.30 0.00 -0.50
-0.60 -0.60 -0.50
0.30 0.90 -0.20
-0.30 -0.60 0.70
0.30 0.30 -0.50
0.30 -0.30 -0.20
0.30 0.00 -0.20
-0.30 0.00 -0.20
0.30 -0.30 -0.50
-0.60 0.90 -0.20
0.30 -0.60 -0.20
-0.30 0.00 0.70
-0.30 0.30 -0.20
-0.30 -0.30 1.00
0.30 1.30 -0.20
-0.30 -0.60 0.70
-0.30 0.90 -0.20
-0.30 -0.30 -0.20
0.30 0.00 0.70
-0.30 0.30 -0.20
0.60 0.00 0.70
-0.60 0.30 0.70
0.30 0.00 -0.20
0.30 0.30 0.70
-0.30 0.30 0.70
-0.30 -0.30 -0.20
0.30 0.00 -0.20
-0.30 -0.30 1.00
0.30 0.90 -0.20
-0.30 -0.30 0.70
-0.30 0.30 -0.20
0.30 0.30 0.70
0.30 0.30 -0.20
0.30 0.00 -0.20
0.30 -0.30 -0.50
0.30 0.30 0.70
0.30 0.30 0.70
-0.30 0.00 0.70
0.30 0.30 -0.20
-0.30 0.30 1.00
0.30 0.30 0.70
0.30 -0.30 0.70
-0.30 0.90 0.70
-0.30 -0.30 1.00
-0.30 0.00 0.70
-0.30 0.00 0.70
0.30 0.00 0.70
-0.30 0.90 1.00
0.30 0.30 0.70
0.30 13.20 -0.20
5.90 49.90 1.00
21.30 71.50 1.40
43.60 71.50 3.60
71.20 71.50 16.40
72.50 71.50 31.50
72.50 71.50 45.30
72.50 71.50 56.60
72.50 71.50 61.60
72.50 71.50 67.20
72.50 71.50 69.40
72.50 71.50 68.50
72.50 71.50 68.80
72.50 71.50 68.20
72.50 71.50 67.90
72.50 71.50 66.60
72.50 71.50 65.40
72.50 71.50 64.10
72.50 71.50 62.80
72.50 71.50 61.60
72.50 71.50 59.70
72.50 71.50 58.10
72.50 71.50 56.60
72.50 71.50 55.30
72.50 71.50 53.40
72.50 71.50 52.20
72.50 71.50 50.60
72.50 71.50 49.70
72.50 71.50 48.10
72.50 71.50 47.20
72.50 71.50 47.20
72.50 71.50 45.60
72.50 71.50 45.00
72.50 71.50 42.50
72.50 71.50 41.20
72.50 71.50 39.90
72.50 71.50 38.70
72.50 71.50 37.80
72.50 71.50 37.10
72.50 71.50 35.20
72.50 71.50 34.30
72.50 71.50 33.70
71.20 71.50 32.70
68.40 71.50 31.20
66.80 71.50 30.80
64.90 71.50 28.70
62.40 71.50 28.70
60.80 71.50 28.00
59.30 71.50 27.10
57.70 71.50 26.10
55.20 71.50 25.20
53.60 71.50 24.90
52.10 71.50 23.90
50.80 71.50 23.30
48.60 71.50 22.70
48.30 71.50 22.40
46.40 71.50 21.10
44.80 71.50 20.50
43.60 71.50 19.90
42.00 71.50 18.60
40.80 71.50 18.60
39.50 71.50 18.00
38.30 71.50 17.70
37.60 71.50 16.70
36.10 70.60 16.40
34.80 69.60 16.10
34.20 67.10 15.20
32.60 64.60 14.80
31.40 64.30 14.20
31.40 60.20 13.90
29.80 59.60 13.60
29.50 57.70 13.30
28.20 55.80 13.30
27.60 55.20 12.30
26.60 52.40 12.00
26.30 51.80 12.00
24.80 48.90 12.00
24.80 48.30 10.80
23.50 46.70 10.80
23.50 45.20 9.80
21.90 45.20 9.80
21.00 41.70 9.80
20.70 42.40 9.50
20.40 40.20 9.50
19.10 38.60 8.60
19.10 38.90 8.60
18.20 36.70 8.60
17.90 36.10 7.90
17.60 33.90 7.90
16.90 33.30 7.90
16.30 32.60 7.90
16.30 31.10 7.60
15.00 30.40 7.60
15.00 28.90 7.60
14.10 28.60 7.60
14.10 27.60 6.70
13.50 26.00 7.60
13.50 27.00 6.40
13.20 24.50 6.40
13.20 24.50 6.10
12.20 23.80 6.10
12.20 22.60 6.10
11.30 22.90 6.10
11.30 21.60 5.40
10.60 21.30 5.40
10.30 21.30 4.80
10.30 20.10 4.80
9.70 20.10 4.80
9.40 18.80 4.80
9.40 18.50 4.20
9.40 18.50 4.80
9.10 17.30 4.20
8.10 16.90 4.20
8.50 16.00 3.90
8.10 15.40 4.20
8.50 15.40 3.60
7.80 14.40 3.90
7.80 15.10 3.60
7.50 13.20 3.90
7.50 13.80 3.60
6.60 13.20 3.90
6.90 12.90 3.20
6.90 12.60 3.20
6.60 11.60 2.60
6.30 12.20 2.60
6.30 11.60 2.30
5.90 10.40 3.20
5.30 11.30 2.60
5.30 9.70 2.60
5.90 10.40 2.00
5.30 9.70 2.60
5.00 10.00 2.30
4.70 9.40 2.30
5.00 8.80 2.30
4.70 9.40 2.00
5.00 8.80 2.00
4.10 8.80 2.00
4.10 8.80 2.00
4.10 8.20 2.00
4.10 8.50 2.00
3.70 8.20 2.00
4.10 7.50 2.00
3.70 7.50 1.00
4.10 6.90 2.00
3.40 6.90 2.00
3.40 6.90 1.40
3.40 6.00 2.00
3.40 6.90 1.40
2.50 5.30 2.00
3.40 6.00 1.00
2025 2 4 21 17 46 183
194.62 206.63 198.37 72.30 34.40 39.80 484.71 118.75 142.22 34.53 237.35 39.29 240.73 191.81 205.09 196.72
0.20 -2.00 0.90
0.20 1.20 0.90
0.20 -0.40 0.00
-0.50 -0.70 0.00
0.20 0.90 0.00
-0.50 -1.30 0.90
0.20 1.20 -0.40
-0.80 -0.70 0.00
-0.50 -0.70 0.00
-0.50 0.20 0.00
0.20 -0.40 0.90
0.20 0.90 -0.40
-0.50 -0.40 0.00
0.20 -0.10 0.00
-0.50 -0.10 0.00
-0.50 -0.40 -0.40
0.20 0.20 -0.40
0.20 -1.60 0.90
-0.50 0.90 0.00
0.20 -0.70 0.90
0.20 0.20 0.00
0.20 0.90 0.00
0.20 -1.30 0.00
-0.80 0.90 -0.40
-0.50 -0.40 0.90
-0.50 -0.10 0.00
0.20 0.90 0.00
-0.50 -1.30 0.00
0.20 0.20 0.00
-0.50 -0.40 0.00
0.20 -0.10 0.00
-0.50 -0.10 0.90
0.20 -0.10 0.90
0.20 -0.40 0.00
-0.50 0.20 0.00
0.20 -0.40 0.90
-0.50 -0.10 0.90
0.20 -0.40 0.90
0.20 0.20 0.00
-0.50 -0.10 0.90
0.20 -0.10 0.00
-0.80 0.20 0.00
0.50 0.20 0.00
-0.50 -0.10 0.90
0.20 0.20 0.00
-0.50 -0.10 0.90
0.20 0.90 0.90
-0.50 -0.70 0.90
0.20 0.90 0.90
0.50 -0.10 3.70
12.40 -0.40 10.90
37.80 1.20 21.60
72.30 2.40 26.60
72.30 5.30 31.00
72.30 10.90 34.50
72.30 15.60 37.90
72.30 22.80 38.20
72.30 28.20 39.80
72.30 31.00 39.80
72.30 32.90 39.50
72.30 33.80 38.50
72.30 34.40 38.20
72.30 34.10 37.90
72.30 33.80 37.00
72.30 33.80 35.70
72.30 32.90 35.10
72.30 33.80 34.50
72.30 31.30 33.80
72.30 31.60 32.30
72.30 30.40 31.30
72.30 29.70 30.70
72.30 30.00 30.70
72.30 27.50 28.80
72.30 28.50 28.50
72.30 26.90 27.30
72.30 25.30 27.30
72.30 26.60 26.60
72.30 23.80 26.60
72.30 25.00 25.10
72.30 22.80 24.10
72.30 22.20 23.80
72.30 22.80 22.90
72.30 20.00 21.60
72.30 22.20 21.00
72.30 20.00 20.70
72.30 19.40 20.00
72.30 20.00 18.80
72.30 17.50 18.80
72.30 19.40 18.50
72.30 17.20 18.20
72.30 18.10 17.80
72.30 17.50 16.90
72.30 15.90 16.30
72.30 17.20 15.60
72.30 15.30 15.60
72.30 15.30 15.00
72.30 15.00 14.40
72.30 13.70 14.10
72.30 14.00 13.80
72.30 12.80 13.80
72.30 13.70 13.40
72.30 12.80 12.50
72.30 12.20 12.80
72.30 12.20 12.20
70.80 11.20 10.90
68.30 11.50 11.60
66.70 10.30 10.60
64.20 10.00 10.60
62.60 10.90 10.00
60.70 9.30 9.70
59.50 9.60 9.40
56.60 9.30 8.40
56.30 9.30 8.70
53.50 9.30 8.10
52.30 8.40 8.10
50.70 7.40 8.10
49.40 8.40 8.10
48.20 7.40 8.10
46.60 7.40 7.20
46.00 6.50 7.20
44.10 6.50 6.90
42.50 6.50 6.90
41.90 5.60 6.20
39.70 6.50 6.50
39.40 5.60 6.20
37.80 5.30 6.20
37.50 5.60 6.20
35.90 4.90 6.20
35.00 5.60 5.60
33.40 4.90 5.60
32.50 5.30 5.30
30.90 4.00 5.60
30.30 4.00 5.60
29.40 5.30 5.30
28.40 3.10 4.30
27.50 4.30 5.00
26.80 4.30 5.00
25.90 3.10 4.00
25.30 4.30 4.30
24.00 2.70 4.00
24.00 4.00 4.00
23.40 3.10 4.30
23.10 2.40 4.00
21.20 4.00 3.40
20.90 2.70 4.00
20.30 2.40 4.00
19.60 2.70 3.40
19.00 2.40 3.70
18.40 3.10 3.70
17.70 2.10 3.70
17.70 3.10 3.40
16.80 2.10 2.80
16.80 2.40 3.40
16.20 2.40 3.40
15.90 1.20 2.80
14.90 2.70 2.80
14.90 1.50 2.80
14.60 1.20 2.80
14.60 2.70 2.50
13.70 -0.10 2.50
13.70 2.10 2.50
13.00 1.20 2.80
12.40 1.20 2.20
12.10 2.40 2.50
11.20 1.20 2.50
10.80 1.50 2.50
10.50 2.40 2.20
10.20 1.20 2.20
10.20 2.40 2.20
9.60 1.20 2.20
9.30 1.50 2.50
9.30 1.50 2.50
9.00 1.50 2.20
8.30 1.20 2.20
8.30 1.20 2.50
8.00 1.20 2.50
8.00 1.20 2.20
7.40 1.20 2.20
7.70 1.20 2.20
6.80 0.20 2.20
7.40 2.10 2.20
6.50 0.20 2.20
6.50 1.50 2.20
6.50 1.20 2.20
6.10 -0.10 1.50
6.10 1.50 1.50
6.10 0.20 2.20
5.20 0.90 1.50
5.80 1.20 1.50
6.10 -0.40 1.50
5.80 1.20 1.20
6.10 -0.10 1.50
5.20 0.20 1.50
5.80 1.20 1.50
5.20 0.20 1.50
4.90 1.20 1.20
5.20 1.20 1.50
4.90 -0.10 1.50
4.90 1.20 0.90
4.60 -0.40 1.50
2025 2 4 21 23 26 850
199.06 188.38 194.56 13.60 5.70 12.50 42.83 17.51 43.33 31.05 63.68 12.00 104.02 202.83 200.27 198.91
-0.80 0.00 1.20
0.10 -1.20 -0.40
0.10 1.00 0.90
0.10 -0.30 0.90
-0.50 -0.30 -0.10
0.10 0.30 -0.10
-0.50 -1.20 -0.10
0.10 1.00 -0.10
0.10 -0.60 -0.10
-0.50 -0.60 -0.10
-0.50 0.30 0.90
0.10 -1.20 0.90
-0.50 0.00 0.90
0.10 0.00 -0.10
0.10 0.00 -0.10
-0.50 0.00 -0.10
-0.50 -0.60 -0.10
0.10 0.30 -0.40
-0.50 -0.60 -0.10
0.10 0.30 -0.10
-0.50 -0.60 0.90
-0.50 0.30 -0.40
-0.50 0.00 0.90
0.10 -0.60 -0.10
-0.50 0.30 -0.40
0.10 -0.30 -0.10
-0.80 -0.30 -0.10
0.10 0.30 -0.10
-0.80 -0.60 -0.10
-0.50 0.30 0.90
0.10 -0.30 0.90
0.10 -0.30 -0.10
-0.50 -0.30 -0.10
0.10 -0.60 -0.10
-0.50 0.00 -0.10
-0.50 -0.30 -0.40
-0.50 -0.30 -0.10
0.10 0.00 -0.40
-0.50 -0.60 -0.10
0.10 0.00 -0.10
-0.50 -0.60 -0.40
0.10 0.00 0.90
-0.50 0.00 0.90
-0.50 -0.30 -0.10
-0.50 0.30 -0.10
-0.50 -0.30 -0.40
-0.50 -0.60 -0.10
0.10 1.00 -0.10
-0.50 -0.30 0.90
0.50 2.20 3.40
0.80 3.20 5.60
2.30 4.10 7.10
4.50 5.40 10.00
8.30 5.00 11.50
10.50 5.40 12.10
12.10 5.40 12.50
12.10 5.00 12.10
13.30 5.70 12.10
13.60 5.00 11.50
13.60 5.70 12.10
13.00 5.00 12.10
13.00 5.00 10.90
13.00 5.00 10.90
12.40 4.40 10.90
12.10 5.00 10.00
12.40 4.40 10.00
11.10 4.40 10.00
11.10 4.40 9.30
10.50 3.80 9.60
10.50 4.40 8.70
9.60 3.80 8.40
10.20 4.10 8.40
9.60 4.10 8.40
9.60 3.80 8.10
9.20 4.10 8.40
9.20 3.20 7.80
8.30 3.20 7.80
8.90 3.80 7.80
8.00 2.80 7.10
8.30 3.80 6.80
8.00 2.50 6.50
8.00 3.80 6.20
7.70 2.80 6.50
7.70 1.60 6.50
6.40 3.20 6.20
6.70 1.30 5.60
6.40 2.80 6.20
6.40 2.80 5.20
5.80 1.00 5.60
6.10 3.80 5.20
5.80 1.30 5.20
6.10 2.20 4.90
5.80 2.50 4.90
5.20 1.00 4.30
5.20 2.80 4.30
5.20 1.30 4.00
4.50 1.60 4.00
4.80 2.20 4.00
4.50 1.00 4.00
4.50 2.50 4.00
3.90 1.00 3.70
4.50 2.20 3.70
3.90 1.30 3.70
3.90 1.60 3.40
3.90 1.30 3.70
3.90 1.00 3.40
3.60 2.20 3.70
3.60 1.00 2.70
3.00 1.30 2.70
3.30 1.60 2.70
3.00 1.00 2.70
3.30 1.60 2.70
3.00 1.00 3.40
3.30 1.30 2.70
2.30 1.00 2.70
3.00 1.30 2.40
2.30 1.30 2.40
2.30 1.30 2.40
2.30 1.30 2.40
2.30 1.00 2.10
2.30 1.00 2.10
2.30 1.00 2.40
2.00 1.00 2.40
2.30 1.00 2.10
2.00 0.00 2.40
2.30 1.30 1.50
2.30 0.30 2.10
1.70 0.30 2.10
2.00 0.30 2.10
2.30 1.30 2.10
0.80 0.30 2.10
1.70 1.30 1.50
0.80 0.30 2.10
1.70 0.30 1.20
1.70 1.60 2.10
1.70 0.00 1.50
1.70 1.30 1.50
1.70 1.30 1.50
0.80 0.00 1.20
1.70 1.60 1.50
0.80 -0.60 2.10
1.70 1.00 1.20
0.80 0.30 2.10
1.70 -0.30 1.20
0.50 1.30 1.50
1.70 -0.30 1.20
0.50 0.30 1.20
0.80 0.00 1.50
0.50 0.00 1.50
0.50 1.30 1.20
0.50 0.00 1.20
0.80 0.30 1.20
0.50 0.00 1.20
0.80 0.00 1.20
0.80 -0.30 1.20
0.50 -0.30 1.20
0.10 1.30 1.20
0.50 -0.30 1.20
0.50 0.00 1.20
0.80 0.30 1.20
0.10 -0.30 1.20
0.50 1.00 0.90
0.50 -0.30 0.90
0.10 0.00 0.90
0.50 0.00 0.90
0.50 0.30 0.90
0.10 1.00 0.90
0.50 -0.30 -0.10
-0.50 0.00 1.20
0.80 0.00 0.90
0.10 -0.30 0.90
0.10 1.00 -0.10
0.10 -0.30 0.90
0.10 1.00 0.90
0.10 0.00 0.90
0.80 -0.60 -0.10
0.10 0.30 -0.10
0.10 -0.30 1.20
0.10 0.30 -0.10
0.10 0.00 0.90
0.10 -0.30 0.90
0.50 0.30 0.90
0.10 -0.30 0.90
0.10 1.00 -0.10
0.10 -0.30 0.90
0.10 0.00 -0.10
0.10 0.30 1.20
0.50 0.00 -0.10
-0.50 0.00 -0.10
0.50 0.00 -0.10
0.10 0.00 -0.10
0.10 -0.30 -0.40
0.50 -0.30 -0.10
0.50 0.00 -0.10
0.10 -0.30 0.90
0.80 0.30 -0.10
0.10 -0.30 -0.40
0.50 0.00 -0.10
0.10 0.00 0.90
0.10 0.00 -0.10
2025 2 4 21 29 23 190
193.60 190.72 194.94 29.30 15.80 8.70 108.38 53.35 33.42 9.34 15.35 31.75 313.32 192.49 193.63 203.38
0.10 -0.20 0.80
0.10 -0.20 -0.10
0.10 -0.50 0.80
0.10 0.20 -0.10
-0.50 -0.80 -0.40
0.10 -0.20 -0.10
-0.50 -0.50 -0.10
0.10 -0.20 -0.10
0.10 -0.50 -0.10
0.10 -0.50 -0.10
-0.50 -0.20 -0.40
0.50 -0.80 -0.10
0.10 0.20 0.80
0.10 0.20 -0.10
0.10 -0.50 -0.10
0.10 1.10 -0.10
0.10 -1.40 0.80
0.10 0.20 0.80
0.10 -0.20 -0.10
0.10 -0.50 0.80
-0.50 0.80 -0.10
-0.50 -0.80 -0.10
0.10 0.20 0.80
0.10 0.20 0.80
-0.50 -0.50 -0.10
-0.50 0.20 -0.40
0.10 -0.80 -0.10
0.10 0.80 -0.10
-0.50 -0.50 0.80
0.10 0.80 0.80
0.10 -0.20 -0.10
0.50 -0.20 -0.10
0.10 0.80 -0.10
0.10 -0.20 -0.10
0.10 0.80 -0.10
0.50 0.80 -0.10
-0.80 -0.50 -0.10
0.10 1.10 -0.40
-0.50 -0.20 -0.10
-0.50 0.80 0.80
0.10 0.80 -0.10
0.10 -0.20 0.80
0.10 0.80 -0.10
0.10 0.20 -0.10
-0.50 -0.20 -0.10
0.10 0.20 0.80
-0.50 -0.20 -0.10
-0.50 0.20 -0.10
0.10 0.80 -0.10
3.30 2.40 2.40
6.40 4.90 3.90
8.90 8.00 5.20
14.60 9.90 6.50
19.30 13.70 7.70
23.70 13.70 7.70
26.80 15.80 8.00
28.10 15.20 8.30
28.40 15.50 8.30
29.30 15.80 8.70
29.30 15.20 8.30
28.40 15.50 8.30
29.30 14.30 8.00
28.40 14.90 8.00
28.10 14.30 8.30
27.70 12.70 7.70
27.40 14.90 7.70
26.80 12.70 7.10
26.20 14.00 6.80
25.90 12.40 7.10
25.90 12.10 6.50
24.90 12.40 6.80
24.60 11.50 6.50
23.40 11.50 6.10
23.40 10.80 6.10
22.10 11.50 5.50
21.80 9.90 6.10
20.80 9.60 6.10
20.50 11.10 5.20
20.50 9.30 5.50
19.60 10.20 5.50
19.30 9.60 5.20
19.00 8.60 4.90
19.00 9.60 5.20
18.00 7.40 4.90
18.00 8.60 4.90
17.40 9.30 3.90
16.80 6.70 4.30
15.80 8.60 3.90
15.20 6.70 4.30
14.90 8.30 3.90
14.60 7.40 3.90
14.60 6.70 3.90
13.30 6.70 3.90
13.60 5.80 3.60
13.00 6.40 3.60
13.00 5.80 3.60
12.40 5.20 3.30
11.10 5.80 3.30
11.10 5.50 3.30
11.10 5.50 2.70
10.20 5.20 2.70
10.50 4.90 2.70
10.20 5.20 2.70
9.20 4.20 2.70
9.20 4.20 2.40
8.90 4.20 2.40
8.30 4.20 2.40
8.30 4.20 2.40
7.70 3.60 2.40
8.00 4.20 2.40
7.40 3.00 2.40
7.40 3.60 2.10
7.40 3.60 2.10
7.40 3.00 1.40
6.40 3.60 2.10
6.70 2.70 1.40
6.40 2.70 2.10
6.40 3.00 2.10
6.40 2.70 1.40
6.40 3.00 1.10
6.10 2.00 1.40
5.80 2.70 1.10
5.20 2.70 1.40
5.20 2.40 2.10
4.80 2.40 2.10
4.80 2.40 1.40
4.80 2.00 1.40
4.50 2.70 1.40
4.50 1.10 2.10
4.50 2.40 1.40
3.90 2.00 2.10
4.50 1.40 1.40
3.90 3.00 1.10
3.90 1.10 1.10
3.90 1.40 1.10
3.90 2.00 1.10
3.60 0.80 0.80
3.60 2.40 0.80
3.30 1.10 1.40
3.30 1.40 1.10
3.30 1.10 1.40
3.30 0.80 1.10
3.00 1.40 0.80
3.30 1.10 1.10
2.30 1.40 0.80
3.00 1.10 0.80
3.00 1.10 0.80
3.00 1.40 0.80
2.30 -0.20 1.10
3.00 1.40 -0.10
2.30 -0.20 0.80
3.00 0.80 0.80
2.00 0.80 1.10
2.30 0.80 0.80
2.00 1.40 1.10
2.30 0.80 1.10
2.00 1.10 -0.10
2.30 1.10 1.10
2.00 0.20 -0.10
2.00 1.40 0.80
2.00 -0.20 0.80
2.00 1.40 0.80
1.70 0.20 -0.10
2.00 0.20 0.80
1.70 1.40 1.10
1.70 -0.20 0.80
0.80 1.10 0.80
2.00 1.10 -0.10
0.80 -0.20 0.80
1.70 1.10 -0.10
1.70 -0.50 0.80
1.70 0.80 1.40
1.70 0.80 1.10
1.70 -0.50 1.10
0.50 1.10 0.80
1.70 0.20 1.10
0.80 0.20 1.10
1.70 2.00 1.10
0.80 -0.80 1.10
1.70 0.80 0.80
0.50 0.20 1.10
0.80 -0.20 1.10
0.50 1.10 1.10
1.70 -0.20 1.10
0.50 0.80 1.10
0.80 0.20 1.10
0.50 -0.20 1.10
0.80 0.80 1.10
0.50 -0.50 1.10
1.70 0.20 0.80
0.50 -0.50 1.10
0.80 0.80 0.80
0.10 -0.50 0.80
0.80 -0.20 1.10
0.50 1.10 0.80
0.80 -0.80 0.80
0.10 0.20 0.80
0.80 0.20 0.80
0.10 -0.50 0.80
0.80 1.10 0.80
2025 2 4 21 31 16 52
200.28 195.90 200.67 25.90 49.60 6.30 90.15 171.80 21.16 12.26 33.79 56.42 340.90 200.12 193.50 214.77
0.10 0.30 -0.30
0.10 0.00 -0.30
0.10 0.30 -0.60
0.10 0.00 -0.30
0.10 1.00 -0.30
0.10 -0.30 -0.60
0.50 0.00 -0.60
0.10 0.30 -0.60
0.10 -0.30 -0.60
-0.50 0.30 -0.60
0.50 0.30 -0.30
0.10 -0.60 -0.60
0.50 0.30 -0.30
-0.50 -0.60 -0.60
0.10 0.30 -0.30
0.10 0.00 -0.30
0.10 -0.30 0.60
0.10 0.30 -0.30
0.50 0.30 -0.30
0.10 0.00 -0.60
0.10 0.30 -0.30
-0.50 -0.30 -0.60
0.10 0.00 -0.60
0.10 -0.30 -0.30
0.50 0.00 -0.30
0.10 -0.30 -0.30
0.50 0.30 -0.30
0.10 -0.60 -0.60
0.10 1.00 -0.60
0.10 0.30 0.60
0.10 -0.30 -0.60
0.10 -0.30 0.60
0.50 -0.30 -0.60
-0.50 -0.60 -0.60
0.10 1.00 -0.30
-0.50 -0.30 -0.30
0.10 0.00 -0.30
-0.50 0.00 -0.30
0.10 -0.30 -0.30
0.10 0.30 -0.30
0.50 0.30 0.60
0.10 0.00 -0.30
0.50 0.00 -0.30
0.10 -0.30 0.60
0.10 0.30 -0.60
0.10 -0.30 -0.60
0.10 0.00 -0.30
0.10 0.00 -0.60
0.10 -0.30 -0.30
0.10 1.00 0.60
0.10 5.00 1.30
3.00 13.20 2.50
7.40 22.30 3.20
10.50 27.60 4.10
14.60 36.10 5.40
18.00 41.10 6.30
21.20 43.00 6.00
23.00 44.00 6.30
23.70 46.80 6.00
24.60 47.40 6.00
25.20 49.60 6.00
24.00 49.60 6.00
25.20 49.00 6.00
25.90 49.00 6.00
24.90 47.40 5.40
24.60 46.10 6.00
24.60 46.80 5.40
23.70 44.00 5.40
23.00 43.30 5.00
21.80 41.80 5.00
21.80 40.50 5.00
20.90 39.90 5.00
20.90 38.60 4.10
19.60 37.40 4.10
19.30 37.40 4.10
18.30 34.50 4.10
18.30 34.50 3.80
17.70 33.30 4.10
18.00 32.30 3.80
16.80 31.70 3.80
16.80 30.50 3.80
16.10 29.50 3.80
16.10 29.50 3.50
14.90 27.30 3.80
14.90 27.30 3.50
14.60 26.70 3.50
14.00 25.40 3.50
13.30 24.50 3.50
13.30 24.20 3.20
13.00 23.90 3.20
12.40 22.60 2.50
12.10 22.60 2.50
11.10 21.00 2.50
10.50 21.00 2.20
10.80 20.40 2.20
10.50 18.50 2.50
10.50 19.80 2.50
9.60 18.50 2.50
9.60 18.50 2.20
9.20 17.60 2.50
8.90 16.00 2.20
8.00 15.70 2.20
8.90 15.70 2.20
8.00 15.40 1.90
8.00 14.50 1.90
7.70 13.80 1.90
7.70 13.80 2.20
6.70 13.20 1.30
7.40 13.80 1.30
6.40 12.30 1.90
7.40 12.90 1.90
6.40 11.60 2.20
6.40 11.30 1.30
6.10 11.60 1.30
6.10 10.10 1.90
5.80 10.40 1.30
6.40 10.40 1.30
5.20 9.40 1.00
5.20 10.10 1.30
5.20 9.80 1.30
5.20 8.80 1.00
4.90 8.80 1.00
4.50 8.50 1.30
4.50 8.20 1.30
4.90 8.50 1.00
4.50 7.60 1.30
4.90 7.60 1.00
3.90 7.60 1.00
4.50 6.60 1.30
3.60 6.90 1.00
4.50 6.90 0.60
3.30 6.00 0.60
3.90 6.60 0.60
3.30 5.70 0.60
3.30 5.70 1.00
3.30 5.40 1.00
3.00 5.70 1.00
3.00 5.00 0.60
3.30 5.00 1.00
3.00 5.00 1.00
3.00 4.40 0.60
2.30 5.00 1.00
3.00 4.40 0.60
2.30 4.40 1.00
2.30 4.10 0.60
2.00 3.20 0.60
3.00 4.10 0.60
2.30 3.80 0.60
2.30 4.10 0.60
2.00 3.80 0.60
2.30 3.20 1.00
1.70 3.20 -0.30
2.00 3.80 -0.30
1.70 2.90 -0.30
2.30 2.90 -0.30
1.70 3.20 0.60
2.00 2.90 0.60
1.70 2.50 -0.30
2.00 2.90 1.00
0.80 2.20 1.00
2.00 2.90 1.00
1.70 2.20 0.60
1.70 2.20 0.60
0.50 2.50 1.00
0.80 2.50 1.00
0.80 1.60 -0.30
0.80 2.50 0.60
0.10 1.30 0.60
1.70 2.50 0.60
0.80 1.60 -0.30
1.70 1.60 0.60
0.80 2.20 1.00
0.80 1.30 -0.30
0.50 2.20 0.60
0.80 2.20 0.60
0.50 1.30 0.60
0.80 1.60 -0.30
0.50 1.00 1.00
1.70 2.20 1.00
0.10 1.00 0.60
0.50 1.60 -0.30
0.50 1.30 0.60
0.50 1.30 -0.30
0.10 1.60 0.60
0.50 1.00 -0.30
0.50 2.20 -0.30
0.80 1.00 -0.60
0.50 1.60 -0.30
0.50 1.60 0.60
0.10 1.30 0.60
0.80 2.20 -0.60
0.50 0.00 0.60
0.80 1.60 -0.30
0.10 0.30 0.60
0.80 1.00 -0.60
0.10 1.60 0.60
0.50 1.00 -0.30
0.10 1.60 1.00
0.80 1.00 -0.30
0.10 1.30 0.60
2025 2 4 21 32 26 110
196.88 199.26 196.68 26.20 49.80 12.40 91.93 175.47 42.49 6.60 213.95 7.45 328.42 196.66 196.21 199.20
0.80 0.90 -0.40
0.50 0.20 -0.40
0.50 -0.10 0.50
-0.40 -0.10 -0.40
0.50 -0.10 -0.40
0.20 -0.10 0.50
0.50 0.20 -0.40
0.20 -0.10 0.50
0.20 -0.40 -0.40
0.20 0.20 0.50
0.50 -0.10 -0.70
0.20 -0.40 -0.40
0.20 -0.10 -0.40
0.20 -0.40 0.50
0.20 1.20 -0.70
0.20 -0.40 -0.40
0.20 0.20 -0.70
0.50 -0.10 -0.40
0.50 -0.70 0.50
0.20 0.90 -0.40
0.50 -0.40 0.50
-0.40 -0.10 -0.40
0.20 0.90 -0.40
-0.40 -1.30 0.50
0.20 0.90 -0.70
0.20 -0.40 -0.70
0.50 0.20 -0.40
-0.40 -0.40 -0.40
0.50 -0.40 -0.40
0.20 0.20 -0.40
0.20 -0.70 -0.40
-0.40 0.90 0.50
0.20 -0.40 0.50
-0.40 -0.70 -0.40
0.50 0.90 0.50
0.20 -0.70 -0.40
0.20 0.90 0.50
0.20 -0.70 -0.40
0.20 -0.10 -0.40
0.20 -0.10 0.50
0.20 -0.10 -0.40
-0.40 0.20 -0.40
0.20 -0.40 -0.40
0.20 -0.10 0.50
0.20 -0.10 -0.40
0.20 -0.70 -0.40
0.50 1.20 -0.70
-0.40 -0.70 -0.40
0.20 -0.10 -0.40
0.20 -0.10 1.80
2.40 1.20 5.80
6.80 6.80 7.70
12.10 14.00 9.60
16.80 23.10 11.80
20.60 30.40 12.40
23.40 36.60 12.10
25.90 42.60 12.40
25.90 45.10 12.10
25.90 47.30 12.10
26.20 47.30 12.10
26.20 48.90 12.10
25.30 49.80 11.20
25.30 48.60 11.20
25.00 48.20 10.60
24.00 47.00 10.60
23.40 47.30 10.60
23.40 46.70 9.60
21.80 45.70 9.60
21.20 45.40 9.00
20.90 42.90 9.00
20.60 42.30 8.40
19.60 41.00 9.30
19.00 40.40 8.40
18.10 38.50 8.40
18.10 38.20 8.40
17.80 36.90 8.40
18.10 34.40 8.00
16.80 35.40 7.70
16.80 33.20 7.70
16.50 32.90 7.40
16.50 32.60 6.80
15.20 30.40 6.80
15.90 30.40 6.50
14.60 28.80 6.50
14.00 28.20 6.50
14.00 28.20 6.20
14.00 26.90 6.20
13.10 25.30 5.80
12.40 25.00 5.80
12.10 24.10 5.20
11.20 23.80 5.80
11.20 23.80 4.90
10.90 21.60 5.20
10.50 22.20 5.20
10.50 21.30 4.90
10.20 19.70 4.60
10.20 20.90 4.00
9.60 18.40 4.90
9.60 19.40 4.00
8.30 18.70 4.00
9.00 16.90 4.00
8.30 18.40 4.60
8.30 15.90 4.00
7.70 15.60 3.60
8.00 15.60 3.60
7.70 14.00 3.60
7.40 15.30 3.60
6.80 13.70 3.00
6.80 14.00 3.30
6.50 12.80 3.30
6.50 12.80 3.30
6.50 12.50 3.00
6.50 11.50 2.40
6.10 12.50 3.00
5.20 10.90 2.40
5.20 11.50 2.40
6.10 11.20 2.10
5.20 9.70 2.40
5.80 11.50 1.80
4.90 8.70 2.10
4.90 10.00 2.10
4.90 9.70 2.10
4.60 9.30 2.40
4.60 9.70 2.10
4.90 8.40 2.10
4.00 8.70 2.40
4.60 8.40 1.80
3.60 8.10 2.10
4.00 8.10 1.80
3.60 6.50 1.80
3.60 8.40 1.80
3.60 5.90 1.80
3.60 6.80 1.80
3.00 6.80 1.10
3.30 6.50 1.80
3.00 6.50 1.80
3.30 5.60 1.80
3.00 5.60 1.10
3.30 5.90 1.10
2.40 4.30 1.80
3.30 5.90 1.10
2.40 4.90 1.80
3.00 5.30 1.80
2.40 5.30 1.80
3.00 4.90 1.10
2.40 4.30 1.80
2.40 5.30 1.10
2.40 4.00 1.10
2.40 4.00 1.10
2.40 4.30 0.80
2.40 4.00 0.80
2.10 4.00 1.10
2.40 3.70 0.80
2.10 3.70 0.80
2.40 4.00 0.80
2.10 2.70 0.80
2.40 3.10 0.80
1.80 2.70 1.10
2.10 3.10 0.80
2.10 3.10 0.80
2.10 3.10 0.80
2.10 3.10 0.80
1.80 3.10 0.50
0.80 2.40 0.80
1.80 3.10 0.80
0.50 2.40 0.80
2.10 2.70 0.50
0.80 2.40 0.50
2.10 2.70 0.50
0.50 2.10 0.50
0.80 2.40 0.50
0.50 2.40 0.80
0.80 2.10 0.50
0.50 2.10 0.50
1.80 1.50 0.50
0.20 2.10 0.50
1.80 1.50 -0.40
0.50 1.20 0.50
0.80 2.10 0.50
0.50 1.20 0.50
0.80 2.10 0.50
0.50 1.50 0.50
0.80 1.20 -0.40
0.80 2.10 -0.40
0.80 0.90 -0.40
0.80 1.50 0.80
0.50 1.20 0.50
0.50 0.90 -0.40
0.50 2.10 0.80
0.20 0.20 0.80
0.50 2.10 -0.40
0.20 0.90 0.50
0.50 1.20 -0.40
0.50 1.20 0.50
0.80 1.20 0.50
0.50 1.20 0.50
0.80 0.90 -0.40
0.50 1.50 0.80
0.50 0.90 -0.40
0.50 1.20 -0.40
2025 2 4 21 35 54 282
195.10 194.99 201.23 32.10 24.20 6.10 113.12 84.92 24.78 17.53 320.08 67.94 314.43 193.52 195.14 212.67
-0.50 0.00 -0.50
-0.50 0.00 -0.10
0.10 -0.30 0.80
0.10 0.00 -0.10
-0.50 0.00 -0.10
-0.50 0.40 -0.10
-0.50 0.00 -0.10
0.10 -0.30 -0.10
0.10 0.00 -0.10
0.10 0.00 -0.10
0.10 0.00 0.80
0.10 0.40 -0.10
-0.50 0.00 -0.10
-0.50 0.00 -0.50
0.10 0.00 -0.10
0.50 0.00 -0.10
-0.50 -0.30 0.80
0.10 1.00 -0.50
-0.50 -0.30 0.80
0.10 0.00 -0.10
-0.50 0.40 -0.10
0.10 -0.60 -0.10
-0.50 1.00 -0.10
0.10 -0.30 -0.10
-0.50 0.40 -0.10
0.10 1.00 0.80
0.10 0.00 -0.10
0.10 0.40 -0.10
-0.80 -0.30 -0.10
0.10 0.00 -0.50
0.10 -0.60 -0.50
0.10 0.40 0.80
-0.80 -0.60 -0.10
0.10 0.40 -0.50
0.10 0.40 -0.10
0.10 -0.60 -0.10
0.10 1.00 -0.10
0.10 -0.30 -0.10
-0.50 -0.30 -0.10
0.10 1.30 -0.50
-0.50 -1.20 -0.10
0.10 1.00 0.80
0.10 -0.60 -0.10
0.10 0.40 -0.10
0.10 0.00 -0.10
0.10 -0.30 -0.50
-0.50 1.00 -0.10
0.10 -0.30 -0.10
-0.50 0.40 -0.10
1.70 1.30 -0.10
5.80 3.20 1.10
8.90 7.60 2.40
15.80 11.60 4.30
20.90 15.10 4.90
24.60 17.30 5.50
28.40 19.80 6.10
29.30 22.90 6.10
31.20 23.30 6.10
31.80 24.20 5.20
31.80 23.90 6.10
32.10 23.90 6.10
31.20 24.20 6.10
31.20 23.30 5.50
30.90 23.90 5.50
29.60 22.30 6.10
29.30 23.30 5.20
28.40 22.30 5.20
28.10 21.10 5.20
27.40 21.10 5.20
26.80 20.10 4.90
26.20 20.10 4.90
25.20 18.90 4.90
24.90 18.20 4.90
24.00 18.60 3.90
23.70 17.60 4.30
23.40 18.20 3.90
21.80 16.00 4.30
21.80 16.00 3.60
20.90 16.00 3.90
20.90 15.40 3.60
19.60 15.40 3.90
19.30 15.10 3.30
19.30 14.50 3.60
18.30 13.20 3.30
17.70 13.20 3.30
17.40 12.90 3.30
16.50 12.30 2.70
16.50 12.90 3.30
15.80 11.30 3.60
15.80 12.30 3.30
15.20 11.30 3.30
14.90 11.00 3.30
13.60 11.00 2.70
13.60 10.40 2.70
13.00 10.10 2.70
13.60 10.10 2.40
12.10 9.80 2.40
12.40 9.80 2.70
12.10 8.50 2.40
11.10 8.50 2.40
10.80 8.50 2.40
10.80 8.50 2.10
9.60 7.60 2.40
10.50 7.60 2.10
9.60 6.90 2.40
9.20 6.60 2.40
8.90 7.60 2.40
8.90 6.00 2.10
8.30 6.60 2.10
8.90 6.00 2.10
7.70 5.70 2.10
7.70 6.60 2.10
7.70 5.40 2.10
7.70 6.00 2.10
6.70 4.40 2.10
7.40 5.40 2.10
6.40 4.40 2.10
6.40 4.10 1.40
6.40 5.40 2.10
6.10 3.20 2.10
6.10 4.40 1.40
6.10 4.10 2.10
5.80 3.80 1.40
5.80 5.10 1.10
5.20 2.90 1.40
5.20 4.10 1.40
5.20 3.20 1.40
4.90 2.90 1.10
4.50 3.80 1.10
4.50 2.90 2.10
4.50 3.20 1.10
4.50 2.60 0.80
3.90 2.60 1.10
3.90 3.20 1.10
3.90 2.20 1.40
3.90 3.80 1.10
3.60 2.20 1.10
3.60 2.90 0.80
3.30 2.60 1.10
3.30 1.60 0.80
3.30 2.90 1.40
2.30 2.20 1.10
3.00 2.90 -0.10
3.60 1.60 0.80
2.30 1.30 1.10
3.00 2.60 0.80
2.30 1.30 1.10
3.30 2.60 0.80
2.30 1.30 0.80
3.00 1.60 0.80
2.00 2.60 1.10
3.00 1.60 0.80
2.00 2.20 0.80
2.30 1.30 0.80
2.00 1.60 -0.10
2.00 2.20 0.80
2.00 1.30 0.80
2.30 1.60 0.80
2.00 1.00 0.80
2.30 1.30 0.80
1.70 1.60 0.80
2.00 1.30 0.80
2.00 1.30 1.10
2.30 1.30 0.80
2.00 0.40 0.80
1.70 1.30 0.80
1.70 1.30 0.80
2.00 1.30 -0.10
0.80 1.30 0.80
2.00 0.40 -0.10
0.80 1.00 0.80
2.00 1.30 -0.10
1.70 0.00 0.80
2.00 1.30 0.80
0.80 1.00 1.10
1.70 0.40 0.80
0.80 1.00 -0.10
1.70 1.00 0.80
0.50 1.00 0.80
2.00 1.00 -0.10
0.80 0.40 0.80
0.80 0.00 0.80
0.80 1.00 0.80
1.70 1.00 0.80
0.80 0.00 1.10
0.50 1.30 -0.10
0.80 0.00 -0.10
0.80 1.30 -0.10
0.50 0.40 1.10
0.50 -0.60 -0.10
0.80 1.30 0.80
0.80 -0.30 0.80
0.50 0.40 -0.10
0.80 1.00 0.80
0.50 -0.30 1.10
0.50 1.30 0.80
0.50 -0.60 -0.10
0.50 1.00 -0.10
0.50 0.40 0.80
0.50 0.00 -0.10
2025 2 4 21 40 28 41
189.79 185.50 192.15 10.60 5.30 10.90 36.54 14.17 41.34 14.56 11.99 23.11 228.50 195.90 204.30 197.27
-0.70 -1.60 -0.10
0.20 0.90 -0.40
-0.40 -0.40 -0.10
0.20 -0.40 -0.40
-0.40 -0.10 -0.10
0.50 -0.10 -0.10
-0.40 0.20 -0.40
0.20 -0.40 -0.10
-0.40 -0.40 -0.10
0.20 -0.40 -0.40
0.20 -0.40 -0.10
0.20 0.20 -0.40
-0.40 -0.40 -0.10
-0.40 0.20 -0.40
-0.70 -0.40 -0.10
0.20 -0.10 -0.10
-0.40 -0.10 -0.40
-0.40 -0.40 -0.10
0.20 -0.40 -0.10
0.20 -0.10 -0.10
-0.70 -0.40 -0.10
0.50 0.20 -0.10
-0.70 -0.40 -0.40
0.20 -0.40 -0.10
-0.40 -0.10 -0.10
-0.40 -0.70 -0.10
0.20 -0.10 -0.10
0.20 -0.40 -0.10
-0.70 -0.70 -0.10
-0.40 -0.10 -0.10
0.20 -0.70 0.90
0.20 0.20 -0.10
-0.40 -0.40 0.90
-0.70 -0.40 0.90
-0.40 -0.40 -0.10
0.20 -0.40 -0.10
-0.70 -0.10 0.90
-0.40 -0.70 -0.10
-0.40 -0.10 -0.10
0.20 -0.40 -0.10
-0.40 -0.40 0.90
0.20 0.90 0.90
0.20 -0.70 -0.10
0.20 0.90 -0.10
-0.40 -0.40 -0.40
0.20 -0.40 -0.10
-0.40 0.90 -0.10
0.20 0.90 0.90
0.20 1.50 2.10
2.40 3.10 4.30
4.00 2.70 6.50
6.50 4.30 7.80
7.40 4.30 8.70
7.70 5.30 10.60
9.00 5.30 10.90
9.30 5.30 10.60
9.30 5.30 10.90
10.30 4.90 10.60
10.30 4.90 10.90
10.60 4.90 10.60
10.30 4.30 10.00
10.60 5.30 10.00
10.30 4.00 9.70
9.60 4.00 9.70
9.00 4.30 8.70
9.30 4.00 9.40
9.00 3.70 8.40
8.40 3.70 8.40
8.40 3.10 8.40
9.00 4.00 8.10
8.40 2.70 7.80
8.40 4.00 7.80
7.70 2.70 7.80
8.10 3.70 7.20
7.70 2.70 7.80
7.70 3.10 7.20
7.40 3.10 6.90
7.40 2.10 6.50
6.80 3.10 6.50
6.80 2.40 6.50
6.50 2.10 6.20
6.50 3.10 5.60
6.20 1.50 6.50
6.20 3.70 6.20
5.90 1.20 6.20
5.90 2.40 5.30
5.20 2.40 5.30
5.20 1.20 5.30
4.60 2.40 4.30
4.90 1.20 4.00
4.90 1.50 4.30
4.60 2.10 4.30
4.60 1.20 4.00
4.60 2.10 4.30
4.00 1.20 4.00
3.70 1.50 3.70
3.70 1.50 3.70
4.00 1.50 4.00
3.70 0.90 4.00
3.70 1.50 4.00
3.30 1.50 3.70
3.30 0.90 3.70
3.70 2.10 3.40
3.30 1.50 3.70
3.00 0.90 3.40
3.30 1.50 3.40
2.40 0.90 3.40
3.30 1.50 2.80
2.40 0.90 3.40
2.40 0.90 2.50
3.00 0.90 2.80
2.40 1.20 2.80
2.10 0.20 2.80
2.40 1.20 2.50
2.10 0.90 2.80
2.40 0.20 2.50
2.10 1.20 2.50
2.10 0.20 2.50
2.10 0.20 2.10
2.40 1.20 2.50
2.10 0.20 2.50
2.10 0.90 2.10
2.10 0.20 2.10
2.10 0.20 1.50
1.80 -0.10 2.10
1.80 0.90 2.10
1.80 0.90 2.50
1.80 0.20 2.10
0.80 1.20 2.10
1.80 -0.10 1.50
0.80 0.90 1.50
0.80 0.20 1.20
0.50 -0.40 2.50
0.80 0.90 1.50
0.80 -0.10 1.50
0.50 0.90 1.20
0.80 0.90 1.50
0.80 -0.40 1.50
0.50 0.20 1.50
0.80 0.20 1.50
0.80 -0.10 1.50
0.80 0.90 1.50
0.50 -0.40 2.10
0.80 0.20 0.90
0.50 -0.10 2.10
0.80 -0.10 1.50
0.80 -0.10 1.50
0.80 -0.10 1.50
0.80 -0.10 1.50
0.80 -0.10 1.20
1.80 -0.10 0.90
0.50 -0.10 1.20
0.20 -0.10 1.20
0.80 0.20 1.50
0.20 -0.70 1.20
0.80 1.20 1.20
0.20 -0.40 1.20
0.50 -0.10 0.90
0.50 0.20 1.20
0.50 -0.10 0.90
0.50 0.90 1.20
0.80 -0.40 1.20
0.20 0.20 1.20
0.50 0.20 0.90
0.50 -0.10 1.20
0.20 1.20 1.20
0.80 -0.40 0.90
0.80 0.20 0.90
0.50 -0.40 0.90
0.80 0.20 1.20
0.50 -0.10 0.90
0.50 -0.10 0.90
0.20 0.90 1.20
0.50 -0.10 1.20
0.50 -0.10 1.20
0.50 0.20 0.90
0.50 -0.70 0.90
0.50 0.90 0.90
0.50 -0.70 0.90
0.50 0.20 0.90
0.20 -0.40 1.20
0.50 0.20 0.90
0.50 -0.10 1.20
0.20 -0.70 0.90
0.20 0.20 0.90
0.20 -0.70 -0.10
0.20 -0.10 -0.10
0.20 -0.10 0.90
0.20 -0.40 0.90
0.50 0.20 0.90
0.20 -0.40 0.90
0.20 0.20 0.90
0.20 -0.10 0.90
0.20 0.20 -0.10
0.20 0.20 0.90
-0.40 -0.10 -0.40
0.50 -0.10 0.90
0.20 -0.70 -0.10
0.20 0.20 0.90
0.20 -0.40 -0.40
2025 2 4 21 50 10 939
189.50 188.04 196.21 12.30 15.40 10.50 47.34 52.55 39.78 20.34 330.40 22.70 343.71 195.19 191.75 201.76
0.10 0.10 -0.20
0.10 -1.50 -0.50
0.10 0.70 -0.20
0.10 -0.90 -0.20
0.10 0.10 -0.50
0.10 0.10 1.10
0.40 -0.60 0.80
-0.50 0.10 -0.20
0.10 -0.90 -0.20
0.10 0.70 -0.20
0.40 -0.90 0.80
0.10 -0.90 1.10
0.10 -0.20 0.80
0.10 -0.60 0.80
0.10 -0.20 -0.20
0.10 -1.50 -0.20
0.40 -0.20 -0.20
0.10 0.10 -0.20
0.40 -0.90 0.80
0.10 0.70 0.80
0.10 -0.60 0.80
0.10 -0.60 0.80
0.40 0.10 -0.50
0.10 -0.90 0.80
0.10 0.10 1.10
0.40 -0.60 0.80
0.10 -0.20 -0.20
-0.50 -0.20 1.10
0.40 -0.60 -0.50
0.10 0.70 0.80
0.10 -0.90 -0.50
0.10 -0.60 -0.20
0.10 0.10 -0.50
0.40 -0.90 0.80
0.10 0.70 -0.50
-0.50 -0.90 0.80
0.10 -0.20 0.80
0.10 0.10 1.10
0.10 -0.90 -0.50
0.10 -0.20 0.80
-0.50 -0.20 -0.20
0.10 -0.60 0.80
0.10 -0.60 -0.20
-0.50 -0.60 -0.20
0.10 0.10 -0.50
0.10 -0.60 -0.20
0.10 -0.20 -0.20
0.10 0.10 -0.20
0.70 1.30 -0.20
2.90 4.10 2.00
4.80 5.70 3.90
5.70 8.20 6.40
7.60 10.70 6.70
9.20 12.00 7.70
10.40 13.60 8.30
10.70 13.60 9.50
12.30 15.10 9.20
12.30 15.10 9.90
12.30 14.80 9.90
12.30 15.40 10.50
12.30 15.10 9.50
12.00 14.80 9.50
12.30 15.40 9.90
12.00 13.60 9.20
10.70 14.80 9.20
10.70 13.60 8.60
10.40 13.60 8.30
9.50 14.20 8.30
10.10 12.30 8.00
9.50 12.90 8.00
9.50 12.60 7.70
8.90 11.40 8.00
8.90 12.30 7.70
8.20 10.70 7.00
8.20 12.00 6.70
7.90 9.50 7.00
8.20 10.70 6.70
7.60 9.80 6.70
7.60 8.50 6.40
7.60 11.00 6.10
7.30 8.20 6.10
6.70 9.50 6.10
6.70 9.20 6.10
6.40 6.70 6.10
6.40 9.80 5.50
6.40 6.30 5.10
6.40 8.20 5.10
5.70 7.30 5.10
6.00 5.70 5.10
6.00 7.90 4.80
6.00 5.10 5.10
5.70 7.30 4.20
5.10 5.70 4.20
5.70 5.40 4.20
5.10 5.40 4.20
4.80 5.10 4.20
4.80 6.70 3.90
4.50 4.10 3.90
4.50 5.70 3.90
4.50 4.10 3.90
4.50 4.10 3.60
4.50 5.40 3.90
3.80 2.90 3.30
3.50 5.10 3.30
3.80 4.10 3.60
3.50 3.80 3.30
3.50 4.80 2.60
3.20 2.90 3.30
3.50 4.80 2.60
3.50 4.10 3.30
3.50 2.90 2.60
2.90 3.50 2.60
3.20 3.50 2.00
2.90 2.90 2.60
2.90 3.80 2.30
2.90 2.60 2.30
2.90 2.90 2.00
2.90 2.90 2.60
2.30 2.30 2.30
2.00 2.60 2.00
2.30 2.60 2.00
2.30 2.30 2.00
2.30 2.60 2.30
2.00 2.00 2.00
2.00 2.90 2.00
2.30 2.60 2.00
2.00 2.60 2.00
1.60 2.00 2.00
1.60 2.00 1.40
2.30 2.90 2.00
2.00 1.30 2.00
1.60 2.60 2.00
2.00 2.00 1.10
2.00 1.30 2.00
2.00 2.30 2.00
0.70 0.70 2.00
1.60 2.30 1.40
1.60 1.30 2.00
1.60 1.00 2.00
0.70 2.00 1.40
1.60 1.30 1.40
2.00 1.30 1.40
2.00 1.30 1.40
2.00 1.00 1.10
2.30 2.00 1.10
2.00 0.70 1.40
2.30 2.00 1.10
1.60 1.00 2.00
2.30 2.00 1.10
1.60 2.30 1.10
2.30 1.00 1.10
1.60 2.30 0.80
2.00 1.00 1.10
2.00 1.30 1.40
1.60 2.30 1.10
1.60 0.10 1.40
2.00 2.30 1.10
2.30 0.10 1.10
2.00 1.00 1.10
0.70 1.00 1.10
2.00 0.70 0.80
0.70 2.00 1.10
2.00 -0.20 1.10
0.70 1.30 1.10
2.00 1.00 -0.20
1.60 0.10 1.10
2.00 2.00 0.80
1.60 -0.90 1.10
1.60 2.00 0.80
0.70 1.00 0.80
1.60 0.70 1.10
0.70 2.00 0.80
0.70 -0.60 0.80
0.70 2.00 0.80
0.70 0.10 0.80
0.70 0.70 1.10
1.60 1.00 -0.20
1.60 -0.60 -0.50
2.00 1.00 0.80
0.70 -0.20 1.10
1.60 1.00 0.80
0.70 0.10 0.80
1.60 0.10 0.80
0.70 1.00 1.10
0.70 0.10 -0.20
0.70 1.00 0.80
0.70 -0.20 -0.20
0.70 0.10 1.10
0.70 0.70 1.10
0.70 -0.60 0.80
0.70 0.70 0.80
0.70 -0.20 0.80
0.40 0.70 0.80
0.70 0.70 1.10
0.40 0.10 -0.20
0.40 -0.20 0.80
0.40 0.10 0.80
0.40 -0.60 1.10
0.40 0.10 0.80
0.40 0.70 0.80
2025 2 4 21 50 17 51
195.42 203.29 189.78 16.80 13.10 9.40 59.04 41.38 34.88 30.19 186.14 30.11 216.19 197.14 207.61 196.67
0.80 -0.40 0.60
0.10 -0.10 0.60
0.10 0.20 -0.40
0.10 -0.40 -0.40
0.10 0.20 -0.40
0.80 -0.10 -0.40
0.40 -0.10 -0.40
0.80 0.20 0.60
0.40 -0.70 -0.40
0.80 0.90 -0.40
0.40 -0.10 -0.40
0.40 0.20 -0.40
0.10 0.90 -0.40
0.80 -0.40 -0.40
0.10 -0.10 0.60
0.80 -0.40 -0.40
0.40 -0.40 0.60
0.40 0.20 0.60
0.40 -0.10 0.60
0.10 0.20 0.60
0.40 -0.10 -0.40
0.80 -0.70 0.60
0.10 -0.10 -0.40
0.40 -0.40 0.60
0.40 -0.10 0.60
0.40 -0.10 -0.40
0.40 0.20 -0.40
0.40 0.90 -0.70
0.10 0.20 0.60
0.40 -0.10 -0.40
0.10 0.20 -0.40
0.40 0.20 0.60
0.10 0.20 -0.40
0.40 0.20 -0.40
0.10 0.20 -0.40
0.40 0.90 0.60
0.10 0.20 -0.40
0.40 0.20 -0.40
0.10 -0.10 0.60
0.10 0.20 -0.40
0.10 0.20 -0.40
0.40 -0.40 -0.40
0.80 0.20 -0.40
0.80 -0.10 -0.40
1.70 -0.40 -0.40
0.80 -0.10 0.60
0.40 -0.40 0.60
0.40 -0.10 0.90
0.80 0.20 3.10
1.70 0.20 4.70
2.30 -0.10 6.50
6.10 -0.10 7.50
8.30 1.50 7.80
10.80 4.00 8.10
12.40 5.90 9.00
13.90 8.10 9.40
14.90 9.70 9.40
16.10 11.20 9.40
16.10 10.90 9.40
16.80 12.50 8.40
16.40 11.50 8.40
16.40 12.20 8.40
15.20 13.10 8.10
15.20 10.90 7.80
14.90 12.50 7.80
14.60 12.20 7.50
13.60 10.90 7.50
13.90 12.20 7.50
13.30 10.00 6.80
13.60 11.20 7.50
13.00 9.70 6.80
12.40 9.70 6.50
12.10 10.00 6.50
12.10 8.40 6.50
11.10 9.30 6.20
10.80 8.70 6.20
10.50 9.30 5.90
10.50 8.40 5.90
10.20 8.10 5.90
10.50 8.40 5.90
9.50 6.50 5.90
10.20 8.70 5.00
8.90 6.50 5.00
8.30 7.50 4.70
8.30 7.50 5.00
8.30 6.50 4.70
8.00 7.50 4.70
8.00 5.90 4.70
7.70 6.50 4.00
8.00 6.80 4.00
6.70 5.30 4.00
7.30 5.90 3.70
6.70 4.90 3.70
6.70 5.60 3.70
6.40 5.30 3.40
6.40 4.30 3.40
6.10 5.30 3.70
6.40 4.90 3.70
6.10 4.30 3.40
5.80 4.00 3.40
5.80 4.00 3.10
5.20 4.00 3.40
4.80 3.10 3.10
5.20 4.00 2.50
4.50 4.00 2.50
4.80 3.10 2.50
4.50 3.10 2.50
4.50 4.00 2.50
4.50 2.80 2.50
4.50 3.70 2.10
3.90 3.10 2.50
3.90 2.80 2.10
3.60 3.70 2.50
3.90 2.40 1.80
3.30 3.10 2.10
3.60 3.10 2.10
3.60 2.40 1.80
3.60 4.00 2.10
3.30 1.50 1.80
3.30 2.80 1.80
3.30 2.40 1.80
3.00 2.10 1.80
2.30 2.80 1.80
3.00 1.50 1.80
3.00 2.80 1.80
2.30 1.20 1.20
2.30 1.50 1.80
2.30 2.10 1.20
3.00 1.20 1.80
2.00 2.10 1.20
2.30 0.90 1.80
3.00 2.10 1.20
2.00 1.50 1.80
2.30 1.20 1.20
2.30 2.10 1.80
2.00 1.20 1.20
2.00 2.10 1.80
2.30 1.20 0.90
1.70 0.90 1.20
1.70 2.10 1.20
1.70 -0.40 1.80
2.00 2.40 1.20
1.70 0.90 1.20
1.70 1.50 0.90
1.70 2.10 1.20
2.00 -0.10 0.90
0.80 2.40 1.20
1.70 0.90 0.90
0.80 0.90 0.90
2.00 1.50 0.90
0.80 -0.40 0.90
0.80 2.10 0.90
0.10 -0.10 0.60
1.70 0.20 1.20
0.40 1.50 0.90
0.80 -0.10 0.90
0.40 1.50 1.20
1.70 0.20 0.90
1.70 0.90 0.90
2.00 0.20 0.60
1.70 0.20 1.20
2.00 1.20 0.90
0.80 -0.10 1.20
1.70 1.20 0.90
0.80 -0.10 1.20
1.70 0.20 1.20
0.80 0.20 0.90
1.70 -0.40 0.60
0.80 1.20 0.90
0.80 -0.10 0.60
0.40 -0.10 1.20
1.70 0.90 -0.40
0.80 -0.40 0.60
0.80 1.20 0.60
0.40 0.20 0.90
0.80 0.20 -0.40
0.80 0.20 0.60
0.80 -0.10 0.90
0.40 -0.10 0.90
0.80 -0.10 0.60
0.80 -0.10 -0.40
0.80 -0.10 -0.40
0.40 0.20 0.60
0.80 -0.10 0.60
0.40 0.20 0.60
1.70 -0.10 0.60
0.10 -0.40 0.60
0.40 0.20 0.90
0.10 -0.40 0.60
0.80 0.20 0.90
0.40 -0.10 0.90
0.40 1.20 0.60
0.40 -0.40 0.60
0.40 -0.10 -0.40
0.10 1.20 0.60
0.40 -0.70 0.60
0.40 1.20 0.60
0.10 -0.40 0.60
0.10 -0.10 -0.40
0.40 1.20 0.60
2025 2 4 21 53 14 832
197.60 199.19 193.37 28.40 37.70 10.70 102.07 128.47 37.12 13.46 157.79 2.92 287.79 196.93 197.50 197.92
0.10 -0.30 -0.20
0.10 0.00 0.70
0.10 -0.60 0.70
0.10 0.00 0.70
0.50 0.30 -0.20
-0.50 -1.20 -0.20
0.10 1.00 -0.20
0.10 -0.60 -0.20
0.10 0.00 -0.60
0.10 0.00 -0.20
0.10 -1.20 -0.20
0.50 1.30 -0.20
0.10 -1.60 -0.20
0.10 0.30 0.70
0.10 0.00 -0.20
-0.80 -1.20 -0.20
0.10 0.30 0.70
0.10 -1.60 -0.20
0.10 0.30 -0.60
-0.50 0.00 -0.20
0.10 -0.60 -0.20
-0.50 0.00 -0.20
0.10 -0.60 -0.20
-0.50 1.30 0.70
0.50 -0.60 0.70
0.10 0.00 -0.20
0.10 0.00 0.70
0.10 -0.60 -0.60
0.10 1.30 -0.20
-0.50 -1.60 0.70
0.10 1.00 -0.20
0.10 -0.30 -0.20
0.10 -0.60 0.70
0.10 0.30 1.00
0.10 -1.20 -0.60
0.10 0.30 0.70
0.10 -0.30 0.70
-0.50 0.00 -0.20
0.10 0.00 -0.20
0.10 -0.60 0.70
0.50 1.00 -0.60
0.10 -1.20 -0.20
0.10 0.30 -0.60
0.10 0.00 -0.20
0.10 -0.30 -0.60
-0.50 1.00 0.70
0.10 -0.60 -0.20
0.10 0.00 0.70
0.10 0.00 1.90
-0.50 -0.60 2.60
2.30 1.60 7.60
6.40 5.00 9.50
10.80 11.00 9.80
14.90 19.50 10.70
19.00 25.10 10.40
21.20 30.10 10.70
24.60 33.90 10.40
26.20 35.80 9.80
27.40 37.00 9.80
28.40 37.70 9.50
28.40 37.00 9.50
27.80 37.70 9.50
27.80 37.00 8.50
27.40 36.10 8.50
27.40 36.10 8.50
26.50 34.50 8.20
26.20 34.50 8.20
25.90 34.20 7.90
24.90 33.00 7.00
24.60 31.70 7.60
24.00 31.40 7.00
23.00 30.40 6.70
23.00 29.50 6.30
21.20 28.90 6.70
20.90 27.60 6.30
20.50 27.60 6.70
19.60 27.00 6.00
19.30 25.40 6.30
19.60 25.40 6.00
19.00 23.90 6.00
19.00 23.20 5.40
17.70 22.90 5.40
17.40 21.70 5.40
16.80 22.30 5.10
16.80 20.10 5.10
15.80 20.40 5.10
15.80 20.10 4.10
14.90 18.20 4.80
14.60 18.80 4.10
13.60 17.30 4.10
13.60 17.60 3.80
13.60 15.70 3.80
13.30 15.70 3.80
12.40 17.00 3.80
12.40 14.10 3.80
11.10 15.40 3.50
11.10 13.20 3.80
10.80 13.20 3.80
10.80 14.40 3.80
10.50 11.60 3.50
10.20 14.10 3.50
9.60 11.30 3.80
9.20 11.60 2.60
9.20 11.60 3.20
9.20 9.70 3.20
8.30 11.30 3.50
8.90 9.70 2.30
8.30 11.00 3.20
8.00 10.00 3.20
7.70 8.80 2.60
8.00 10.00 2.30
7.40 7.50 2.30
7.40 10.00 2.30
6.40 8.20 2.60
7.40 7.50 1.90
6.70 9.40 2.30
6.40 6.60 2.30
6.10 8.50 1.90
6.10 6.60 1.90
6.10 6.90 1.90
6.10 7.50 1.90
5.20 5.70 2.30
5.20 6.90 1.90
4.90 5.70 2.30
4.90 6.00 1.90
4.90 5.70 1.90
4.90 5.70 1.30
4.50 5.70 1.90
4.90 5.30 1.30
4.50 5.30 1.90
3.90 5.30 1.30
3.90 5.00 1.90
3.90 5.30 1.30
3.30 4.40 1.30
3.60 4.40 1.30
3.30 4.10 1.30
3.30 4.40 1.00
3.30 4.10 1.30
3.30 4.40 1.00
3.30 4.10 1.00
3.30 4.10 1.00
3.00 3.10 1.00
3.30 3.10 1.00
3.00 3.80 1.30
3.30 3.10 0.70
3.00 3.80 0.70
2.30 3.10 1.00
2.30 2.80 1.00
3.00 3.10 1.00
2.30 2.20 1.00
2.30 3.10 0.70
2.00 2.50 1.30
2.30 2.80 0.70
2.00 2.50 1.00
2.30 2.20 0.70
2.00 2.80 0.70
2.00 1.30 0.70
2.00 2.50 1.00
2.30 2.20 0.70
1.70 1.60 1.30
1.70 3.10 -0.20
1.70 1.00 0.70
2.00 2.50 -0.20
1.70 1.60 1.30
2.00 1.30 0.70
1.70 2.50 0.70
1.70 1.30 0.70
2.00 2.50 1.00
2.00 1.60 0.70
1.70 0.30 0.70
1.70 2.50 0.70
1.70 0.30 0.70
1.70 1.60 0.70
0.80 1.00 0.70
0.80 1.00 1.00
0.80 1.60 1.00
1.70 0.30 0.70
0.80 1.30 0.70
0.80 1.00 -0.20
0.80 1.00 0.70
0.80 1.30 0.70
0.80 0.00 0.70
1.70 2.20 -0.20
0.80 0.30 0.70
1.70 1.00 1.00
0.50 1.30 0.70
0.50 0.00 1.00
0.50 1.30 1.00
0.80 0.30 0.70
0.50 1.30 -0.20
0.80 0.30 0.70
0.10 0.00 0.70
0.80 1.60 -0.20
0.50 -0.30 0.70
0.50 1.30 -0.20
0.80 0.00 0.70
0.50 0.30 0.70
0.10 1.30 0.70
0.50 -0.30 -0.60
0.50 1.60 0.70
2025 2 4 22 13 12 221
190.53 193.54 196.84 17.40 15.60 14.80 65.60 51.97 52.48 18.42 292.74 23.78 287.97 192.49 196.95 200.32
0.10 -0.40 -0.30
-0.50 -0.70 -0.60
0.40 0.90 -0.30
0.40 -0.70 -0.60
0.80 0.20 -0.30
0.80 -0.10 -0.30
0.10 -0.10 -0.30
0.80 0.20 -0.60
0.40 -1.30 -0.30
0.40 0.20 -0.60
0.40 -0.40 -0.30
0.80 -0.40 -0.30
0.40 0.20 0.60
0.80 -0.40 -0.30
0.40 0.90 -0.30
0.80 -0.70 -0.60
0.10 -0.10 0.60
0.10 0.20 -0.30
0.80 -0.70 -0.30
0.40 0.20 0.60
0.10 -1.30 -0.60
0.80 -0.40 0.60
0.10 0.20 -0.30
0.40 -0.70 -0.30
0.40 0.20 -0.30
0.80 -0.40 -0.30
0.10 -0.40 0.60
0.40 1.20 0.60
0.10 -0.70 -0.30
0.80 -0.10 -0.30
0.10 -0.40 -0.30
0.10 -0.10 -0.30
0.10 -0.40 -0.30
0.10 -0.10 -0.60
0.10 0.20 -0.30
0.40 -0.70 -0.30
0.10 -0.40 -0.30
0.10 0.20 -0.30
0.10 -0.40 -0.30
0.40 0.20 -0.30
0.10 -0.10 0.60
0.40 -0.10 1.00
0.10 -0.10 -0.30
0.10 -0.70 -0.30
0.10 0.20 0.60
0.40 -0.40 -0.30
-0.50 -0.40 0.60
0.80 0.20 0.60
1.70 -0.40 1.00
3.30 1.20 2.50
6.40 3.10 4.70
8.30 5.30 8.50
12.10 10.00 10.70
13.90 11.20 13.50
15.80 12.50 14.10
16.80 13.10 14.10
16.40 12.80 14.10
17.40 15.30 14.80
16.40 14.40 14.80
16.80 15.00 14.10
16.10 15.00 13.80
16.40 15.30 13.50
16.10 15.60 13.50
16.10 14.00 12.60
15.20 15.60 13.20
15.20 14.00 12.30
14.90 14.00 11.90
14.90 15.00 12.30
13.90 12.20 11.30
13.90 14.40 10.70
13.30 12.50 10.40
13.30 12.20 10.40
13.00 12.80 9.10
12.40 10.00 9.70
12.10 12.80 9.70
12.10 10.30 9.70
10.80 10.30 9.70
12.10 11.20 9.70
10.80 10.00 9.10
10.50 11.20 9.10
10.20 8.40 8.20
10.20 10.00 8.50
10.20 8.70 8.20
10.20 8.40 7.90
9.20 9.30 8.20
8.90 7.50 7.50
8.90 9.30 7.50
8.30 7.50 6.90
8.30 6.80 6.60
8.30 8.10 6.30
8.30 5.30 6.60
8.00 8.10 6.30
7.70 5.90 6.30
7.70 6.50 6.30
7.70 6.80 6.00
6.70 5.30 5.40
6.70 5.90 5.40
6.70 5.30 5.40
6.40 5.30 5.40
6.10 5.60 5.00
6.10 4.90 5.00
6.10 4.90 4.70
5.80 4.90 4.70
5.80 4.90 4.10
4.80 4.00 4.70
5.20 4.30 3.80
5.20 4.00 4.10
5.20 4.00 3.80
4.80 3.70 3.80
4.80 3.10 3.80
4.50 3.70 3.80
4.50 3.70 3.50
3.90 3.10 3.50
4.50 3.10 3.20
3.60 2.70 3.50
3.90 3.10 3.20
3.60 2.70 3.50
3.90 2.70 3.20
3.60 2.10 3.20
3.90 2.70 2.50
3.60 2.40 2.50
3.60 3.10 3.20
3.30 2.40 3.20
3.00 2.40 2.50
3.00 2.40 2.50
3.30 2.10 1.90
3.00 2.70 2.50
3.30 2.40 1.90
2.30 1.50 2.20
3.00 2.70 2.20
3.00 1.20 2.20
3.00 2.10 1.90
2.00 2.10 1.90
3.00 1.20 1.90
2.30 2.40 1.90
2.30 0.90 1.30
2.00 1.50 1.90
2.30 2.40 1.90
2.00 0.20 1.30
2.30 2.40 1.90
2.00 0.90 1.90
2.30 1.50 1.00
2.00 1.50 1.90
2.30 0.20 1.90
2.00 1.20 1.90
1.70 0.20 1.00
1.70 1.50 1.30
2.00 0.90 1.30
0.80 0.20 1.30
2.00 1.20 1.30
1.70 0.20 1.30
1.70 2.10 1.90
1.70 -0.10 1.30
2.00 1.50 1.90
0.80 1.20 1.30
0.80 -0.10 1.00
0.80 1.50 1.30
2.00 -0.10 1.30
1.70 1.20 1.30
2.00 0.90 1.30
1.70 -0.40 1.00
2.00 2.10 1.00
1.70 -0.10 1.30
1.70 1.20 1.00
1.70 0.20 1.00
1.70 0.20 1.30
1.70 1.20 1.00
1.70 -0.10 1.00
0.80 1.20 1.00
1.70 -0.40 0.60
0.80 1.20 1.30
1.70 0.90 1.00
0.40 -0.10 1.30
1.70 1.20 1.00
0.40 -0.40 1.00
0.10 0.90 1.00
0.40 0.20 0.60
1.70 -0.10 0.60
0.40 0.90 0.60
0.80 -0.40 0.60
0.80 -0.40 0.60
0.80 1.20 1.00
0.40 0.20 0.60
0.80 -0.10 1.00
0.80 1.20 -0.30
1.70 -0.10 1.00
0.80 -0.10 1.00
0.80 0.90 1.00
0.80 -0.70 1.00
0.80 0.20 0.60
0.80 -0.40 0.60
0.80 -0.10 0.60
0.10 0.20 0.60
0.40 -0.10 -0.30
0.80 0.20 0.60
0.40 0.20 -0.30
0.10 -0.10 1.30
0.40 0.20 1.00
0.40 -0.40 0.60
0.40 0.20 1.00
2025 2 4 22 20 58 258
194.25 196.36 197.27 72.30 71.70 36.60 437.17 659.06 128.80 9.39 281.92 15.64 283.57 190.99 194.34 196.05
0.20 0.50 -0.40
-0.40 0.20 0.80
0.20 0.50 0.80
0.20 0.20 0.80
-0.40 0.20 0.80
0.20 -0.20 -0.10
0.20 1.10 -0.10
0.20 0.20 -0.10
0.20 1.10 -0.10
0.20 0.50 -0.40
-0.40 0.50 0.80
0.20 1.10 -0.40
0.20 -0.20 -0.40
-0.40 0.50 -0.40
0.20 0.50 -0.40
-0.70 1.10 -0.10
-0.40 0.50 -0.40
0.20 -0.20 -0.10
0.20 0.50 -0.40
0.20 -0.20 -0.10
0.20 1.10 -0.10
-0.40 0.20 -0.40
0.20 0.20 -0.10
0.20 1.40 -0.10
0.20 -0.20 -0.10
0.20 1.10 -0.40
-0.40 0.20 -0.40
-0.40 -0.20 -0.40
0.50 1.10 -0.10
-0.40 -0.20 -0.10
0.20 1.10 -0.40
-0.40 0.50 -0.10
-0.40 0.50 -0.10
-0.40 -0.20 0.80
-0.40 -0.20 -0.40
0.20 0.50 0.80
0.20 0.20 0.80
-0.40 0.50 -0.40
0.20 1.40 -0.40
-0.40 0.20 -0.40
0.20 0.50 -0.10
-0.40 0.20 -0.40
0.20 1.40 0.80
0.20 -0.20 -0.10
0.20 0.20 0.80
0.20 0.20 -0.10
0.20 0.50 -0.10
0.20 1.10 -0.40
0.50 -0.20 0.80
3.00 0.50 4.90
14.60 1.10 12.50
36.90 19.60 20.60
68.60 71.70 28.50
72.30 71.70 31.00
72.30 71.70 35.00
72.30 71.70 36.30
72.30 71.70 36.60
72.30 71.70 36.30
72.30 71.70 36.30
72.30 71.70 35.70
72.30 71.70 34.40
72.30 71.70 34.10
72.30 71.70 33.50
72.30 71.70 32.20
72.30 71.70 31.30
72.30 71.70 30.60
72.30 71.70 28.80
72.30 71.70 28.50
72.30 71.70 27.20
72.30 71.70 26.90
72.30 71.70 26.60
72.30 71.70 25.30
72.30 71.70 25.30
72.30 71.70 24.40
72.30 71.70 23.70
72.30 71.70 23.70
72.30 71.70 23.40
72.30 71.70 22.80
72.30 71.70 21.20
72.30 71.70 20.90
72.30 71.70 20.60
72.30 71.70 19.70
72.30 71.70 19.40
72.30 71.70 19.40
72.30 71.70 18.40
72.30 71.70 18.10
72.30 71.70 17.80
72.30 71.70 17.80
72.30 71.70 16.80
72.30 71.70 16.50
72.30 71.70 16.50
72.30 71.70 16.50
72.30 71.70 16.20
72.30 71.70 15.30
72.30 71.70 15.00
70.80 71.70 15.00
68.60 71.70 14.00
66.40 71.70 14.00
64.80 71.70 13.70
62.60 71.70 13.40
60.70 71.70 13.40
58.50 71.70 12.50
57.60 71.70 12.50
56.30 71.70 12.50
53.50 71.70 10.90
52.00 71.70 10.90
50.70 71.70 10.60
48.50 71.70 10.60
46.90 71.70 9.60
46.30 71.70 9.60
44.70 71.70 8.70
43.20 71.70 8.70
41.90 71.70 8.70
40.30 71.70 8.40
39.70 71.70 8.10
38.50 71.70 8.10
37.50 71.70 7.70
36.30 71.70 7.70
35.00 71.70 7.10
34.10 71.70 7.10
33.80 71.70 6.80
31.90 71.70 6.50
31.30 71.70 6.20
30.30 71.70 6.20
29.70 71.70 6.50
28.40 71.70 6.20
27.50 71.70 5.50
26.50 71.70 6.20
26.50 71.70 5.20
25.30 71.70 5.50
25.00 71.70 4.90
25.30 71.70 4.90
24.00 71.70 4.90
23.40 71.70 4.30
22.20 71.70 4.30
21.80 71.70 4.00
20.90 69.20 4.30
20.30 68.50 4.30
19.60 66.40 3.70
19.00 64.50 4.00
19.00 62.60 4.00
17.80 60.70 3.70
17.80 59.80 3.70
16.80 57.60 4.00
16.50 56.00 3.40
15.90 54.40 4.00
15.30 52.50 3.40
15.30 51.30 2.70
14.90 49.70 3.40
14.00 47.80 3.40
13.40 47.20 2.70
13.70 45.60 2.70
13.10 45.30 3.40
12.40 42.80 2.70
12.10 42.50 2.70
11.20 40.00 2.70
10.90 39.10 2.40
10.50 38.40 2.40
10.50 36.20 2.10
10.50 36.90 2.40
10.50 34.70 2.40
10.20 34.40 2.40
9.60 34.00 2.10
9.60 32.80 2.10
9.60 33.10 2.40
9.00 31.20 2.10
9.30 31.50 2.10
8.30 30.00 2.10
8.30 29.00 1.20
7.70 29.60 2.10
8.30 28.70 1.20
7.70 28.70 2.10
7.70 27.50 1.50
6.80 26.80 1.50
7.40 26.80 1.50
6.50 24.60 2.10
7.40 24.60 1.20
6.20 23.40 1.20
6.20 23.40 1.20
6.20 22.70 1.20
5.80 21.80 1.20
5.80 21.80 1.50
5.80 21.50 1.50
5.20 20.20 1.20
5.80 20.50 1.20
4.90 19.60 1.20
5.20 20.20 1.20
4.90 18.70 1.20
4.90 18.70 0.80
4.60 18.40 1.20
5.20 17.40 1.20
4.60 17.40 1.20
4.60 17.10 0.80
3.60 16.20 1.20
3.60 15.80 -0.10
4.00 15.50 0.80
4.00 15.80 0.80
3.30 14.60 1.20
3.60 15.20 1.50
3.60 14.60 1.50
2025 2 4 22 22 28 498
196.09 195.06 195.31 72.20 71.60 11.60 274.73 261.54 43.48 3.25 80.39 25.30 322.25 191.37 190.87 200.00
0.00 1.00 0.00
0.00 0.00 0.00
-0.60 0.00 0.90
-0.60 1.00 0.00
0.00 -0.60 -0.30
0.00 1.30 0.90
-0.60 -0.60 -0.30
0.00 0.00 0.00
0.00 1.00 0.00
0.00 -0.60 0.00
-0.60 1.00 0.00
0.00 -0.30 0.00
-0.60 0.30 0.00
0.00 0.30 0.00
0.00 -0.30 0.90
0.00 1.00 0.00
0.00 -0.30 0.00
0.00 0.00 0.90
0.00 0.00 0.00
0.00 0.00 0.00
-0.60 0.00 0.90
0.00 -0.30 0.90
0.00 0.00 0.00
0.00 -0.30 0.00
0.00 0.30 -0.30
0.00 -0.30 -0.30
-0.60 -0.30 0.90
0.00 1.00 0.00
0.00 -0.30 0.00
0.00 -0.30 0.90
0.00 0.00 -0.30
0.00 0.00 0.00
0.00 0.00 0.00
0.00 -0.30 0.90
-0.60 0.00 0.00
-0.60 0.00 0.00
-0.60 -0.30 0.00
0.00 -0.30 0.00
0.00 0.30 0.00
-0.60 0.00 0.00
0.00 -0.60 0.90
0.00 0.00 0.00
-0.60 -0.30 0.90
0.00 -0.30 0.00
0.00 0.00 0.00
0.00 -0.60 0.00
-0.60 0.00 -0.30
0.00 0.30 0.00
0.00 -0.30 0.00
3.50 2.50 2.80
9.10 9.80 5.00
21.00 21.40 6.60
34.90 33.30 8.10
46.80 44.30 9.40
59.30 53.40 10.60
66.50 61.20 10.00
71.20 65.30 10.00
72.20 67.80 10.00
72.20 70.30 11.60
72.20 71.60 10.00
72.20 71.60 10.60
72.20 71.60 10.60
72.20 71.60 10.00
72.20 71.60 9.70
72.20 69.70 9.70
72.20 69.10 9.40
70.90 67.20 9.70
70.30 65.60 9.40
68.10 64.70 8.80
66.20 61.80 8.10
64.70 60.60 8.80
62.50 59.00 8.10
61.20 57.80 8.10
59.60 55.90 6.90
57.80 54.30 7.20
56.50 53.40 7.20
55.20 51.20 7.20
54.00 50.50 7.20
52.40 49.00 6.90
51.20 47.70 6.90
49.60 46.80 6.90
48.00 44.00 6.60
46.80 43.30 6.30
45.80 42.40 5.60
43.90 40.50 6.30
42.10 39.90 5.30
40.80 38.30 6.30
40.20 37.70 5.60
39.60 36.70 5.30
38.00 36.70 5.60
37.40 34.50 5.30
36.10 33.30 5.00
34.90 33.00 5.00
33.90 30.50 5.00
32.30 31.10 5.00
31.10 29.80 4.10
30.50 28.90 4.40
30.10 28.60 4.10
28.90 26.70 4.10
27.90 27.30 4.10
27.30 26.10 4.10
26.40 25.10 3.70
25.10 24.20 3.70
24.80 23.20 3.40
23.60 23.20 3.70
23.60 22.60 3.70
22.90 21.70 3.40
21.70 21.10 3.40
20.70 21.10 3.70
20.10 20.10 3.40
20.10 18.90 3.40
19.20 19.50 2.50
18.20 18.20 3.40
18.20 18.20 2.80
17.30 17.30 2.80
16.70 17.30 2.50
16.70 16.00 2.20
16.30 15.40 2.50
15.70 15.40 2.20
16.00 15.10 2.50
14.80 14.10 2.20
14.80 14.10 2.50
13.80 13.20 2.20
13.20 13.20 2.20
12.90 12.30 2.20
12.90 12.60 1.50
11.00 11.30 2.20
12.30 11.60 2.20
11.00 11.30 1.50
10.40 11.00 1.50
10.40 10.40 2.20
10.40 10.40 1.50
10.40 9.80 1.50
10.10 9.80 1.50
9.40 9.80 2.20
9.40 8.80 1.50
9.10 8.80 1.50
8.80 8.50 1.50
8.20 8.50 1.50
8.80 8.50 1.20
7.90 7.60 1.50
7.90 8.20 1.50
7.90 6.90 1.50
7.60 6.90 1.20
7.20 7.60 1.20
7.20 6.60 1.20
6.30 6.60 1.20
6.30 6.00 0.90
6.30 6.00 1.20
6.30 6.00 1.20
6.00 5.70 1.20
6.30 5.70 0.00
5.70 5.40 1.20
6.00 5.40 1.20
5.00 4.40 0.90
5.70 5.40 0.90
5.70 5.10 1.20
5.00 5.10 0.90
5.00 3.80 0.90
4.70 4.40 1.20
4.40 3.80 0.90
4.70 4.10 0.90
4.40 3.80 0.90
4.40 3.20 0.90
4.40 4.10 1.20
3.80 3.80 1.20
3.50 3.20 0.90
3.80 4.10 0.90
3.50 2.90 0.90
3.80 3.20 0.00
3.20 2.50 0.00
3.20 3.20 0.00
3.50 2.90 1.20
3.20 2.90 1.50
3.20 3.20 2.20
3.50 2.50 1.20
2.20 2.90 1.20
2.90 2.50 1.20
3.20 2.50 1.50
2.20 2.20 1.20
2.90 1.60 1.50
2.20 2.90 0.90
2.20 1.60 2.20
2.90 2.50 0.90
1.90 2.50 0.90
2.90 1.60 0.90
1.90 2.50 1.50
2.20 1.60 1.20
1.90 2.20 1.20
2.20 1.60 0.90
1.90 1.60 1.20
2.20 2.20 1.20
2.20 1.30 1.20
1.60 1.60 1.20
1.60 1.00 0.90
1.90 1.60 0.90
1.90 0.30 1.20
1.90 1.30 1.20
1.60 1.30 1.20
1.60 1.30 1.20
2025 2 4 22 25 14 180
197.86 214.28 196.19 23.40 15.10 11.90 87.04 52.51 41.27 52.99 213.03 59.58 221.42 198.13 216.42 198.95
0.20 -1.20 -0.30
0.20 0.40 0.60
0.20 -0.30 -0.30
-0.50 -0.30 -0.30
0.20 1.00 -0.60
0.20 -0.60 0.60
0.20 0.10 -0.30
0.20 0.10 -0.30
-0.50 0.10 -0.30
-0.50 0.10 0.60
0.20 -0.30 -0.60
0.20 0.10 -0.30
0.20 0.40 -0.30
0.20 0.10 -0.30
0.20 0.40 -0.30
-0.50 0.10 -0.30
0.20 0.40 -0.30
-0.50 0.40 -0.30
0.20 0.40 -0.30
0.20 0.10 -0.60
0.20 0.40 -0.30
0.20 0.10 -0.30
0.20 0.10 -0.60
0.50 1.00 -0.30
0.20 0.10 -0.30
-0.50 0.40 -0.30
-0.50 0.40 -0.60
-0.50 -0.30 -0.60
-0.50 0.40 -0.30
-0.50 -0.30 -0.30
0.20 1.00 -0.30
0.20 0.10 -0.60
0.20 0.10 -0.30
-0.50 0.40 -0.30
0.20 -0.30 0.60
0.20 1.00 -0.60
0.20 0.10 -0.30
0.20 0.10 -0.30
0.20 1.00 -0.30
0.20 -0.30 -0.30
0.20 0.10 -0.30
0.20 -0.60 -0.30
-0.50 0.40 0.60
-0.50 -0.30 -0.60
-0.50 0.40 -0.30
-0.50 -0.30 -0.30
-0.50 0.10 -0.30
0.20 0.40 -0.30
0.20 -0.30 -0.30
-0.50 0.40 2.20
0.50 0.10 6.00
5.20 0.10 8.20
9.60 0.40 11.90
13.30 -0.60 11.90
15.80 1.60 11.90
18.00 2.30 11.90
20.20 6.00 11.90
22.10 9.50 11.90
22.10 10.40 11.90
23.40 12.90 11.90
23.40 12.30 11.90
23.10 14.20 10.70
22.10 14.20 10.70
21.80 14.50 10.40
21.20 15.10 9.70
20.50 13.20 9.70
20.50 15.10 9.10
20.50 13.20 9.40
20.50 13.90 8.50
19.60 13.20 8.20
20.20 12.90 8.20
19.30 12.60 8.20
19.00 12.60 7.90
18.00 12.30 7.90
17.70 11.00 7.90
17.40 11.40 7.90
16.80 11.00 7.50
16.80 10.10 7.50
16.80 11.40 7.50
16.20 9.50 6.90
15.80 10.40 6.90
15.20 9.50 6.60
15.20 9.50 6.00
14.60 10.40 6.30
14.00 7.60 6.00
13.60 8.80 6.00
13.30 9.50 5.40
12.40 7.60 5.00
12.40 8.50 5.40
11.10 7.60 5.00
12.40 8.20 4.70
12.10 7.00 5.00
12.10 6.70 4.70
10.50 6.70 5.00
10.80 7.00 4.10
10.50 7.00 4.70
10.50 6.00 4.70
9.30 6.00 4.10
8.90 5.70 3.80
8.90 5.70 3.80
9.30 6.00 3.80
8.00 4.10 3.80
8.30 5.70 3.50
8.00 4.10 3.50
8.00 5.10 3.50
7.70 5.40 3.50
7.40 4.10 3.50
7.40 5.10 3.20
6.40 4.50 3.20
6.40 3.80 3.20
6.70 4.10 3.20
6.40 3.20 2.20
6.40 4.10 3.20
5.80 3.20 3.20
6.10 4.10 2.50
5.80 3.80 3.20
5.80 4.10 2.20
5.20 3.20 2.20
5.20 3.20 2.20
5.20 3.80 2.20
5.20 3.20 2.20
4.50 3.20 2.20
4.90 4.10 2.20
4.50 2.90 1.90
4.90 3.80 1.90
3.90 2.60 2.20
4.50 3.20 1.90
3.90 3.20 1.90
3.90 3.20 1.90
3.60 2.60 1.90
3.90 2.60 1.30
3.60 2.90 1.90
3.30 2.30 1.90
3.60 2.60 1.90
3.60 1.60 1.90
3.00 2.30 1.90
3.30 2.60 1.30
3.30 1.00 1.90
3.30 2.60 1.30
2.30 1.60 1.30
3.00 1.30 1.30
3.00 2.30 1.30
3.00 1.30 1.30
3.00 1.60 1.90
3.00 1.00 1.30
2.30 2.30 1.30
2.30 1.60 1.00
2.30 1.30 1.00
2.30 2.30 1.00
2.30 1.00 1.00
3.00 2.30 1.00
2.30 1.00 1.30
2.30 1.30 1.00
2.00 1.30 1.00
2.00 1.30 0.60
2.30 2.30 1.00
2.30 0.40 0.60
0.80 1.30 1.00
2.30 1.30 1.00
2.00 1.00 1.00
2.30 2.30 0.60
1.70 -0.30 1.00
1.70 2.30 0.60
1.70 0.40 1.30
2.30 0.40 -0.30
1.70 1.60 1.00
1.70 0.10 0.60
1.70 1.60 0.60
1.70 0.10 0.60
0.80 1.00 0.60
0.80 1.30 0.60
1.70 0.10 0.60
0.80 1.60 0.60
0.80 -0.30 1.00
1.70 1.30 0.60
0.80 0.40 0.60
1.70 0.10 0.60
0.80 1.00 0.60
0.80 0.10 0.60
0.80 1.30 0.60
1.70 -0.30 -0.30
0.50 1.00 0.60
0.80 1.00 0.60
1.70 0.10 0.60
0.80 1.30 -0.30
0.50 -0.60 0.60
1.70 1.00 -0.30
0.50 0.40 1.00
2.00 0.40 -0.30
0.50 1.30 -0.30
0.50 0.10 0.60
0.50 1.00 -0.30
0.80 1.00 0.60
0.20 0.40 0.60
0.50 1.00 -0.60
0.50 0.40 1.00
0.80 0.40 0.60
0.50 0.10 -0.30
0.80 1.30 0.60
0.50 0.10 0.60
2025 2 4 22 28 47 613
199.13 202.30 195.91 14.60 11.60 18.20 48.32 37.50 63.71 13.68 177.86 25.38 185.05 202.43 209.02 197.49
-0.40 -0.30 0.90
-0.40 -0.60 0.00
-0.40 0.90 0.00
0.20 -0.60 -0.40
-0.40 -0.30 0.90
0.20 -0.30 0.00
-0.80 -1.30 0.00
-0.40 0.90 0.00
0.20 -1.30 0.90
-0.40 0.00 0.00
-0.40 -0.30 -0.40
-0.40 -0.30 0.00
-0.80 0.30 0.00
-0.40 -1.30 0.00
0.20 0.30 0.90
0.20 -0.60 0.00
-0.40 -0.60 0.00
-0.40 0.90 0.90
-0.40 -1.30 0.00
-0.80 0.90 0.00
0.20 -0.60 0.90
0.50 0.00 -0.40
-0.80 0.00 -0.40
-0.40 0.00 0.90
-0.40 0.00 0.90
0.20 -0.60 0.00
0.20 0.00 0.00
0.20 -0.60 0.90
0.20 -0.30 0.90
-0.40 0.30 0.00
-0.40 -1.30 0.90
0.50 0.30 -0.40
-0.40 -0.60 -0.40
0.20 -0.30 0.00
-0.40 -0.30 0.00
0.20 -0.60 0.00
0.20 0.00 0.90
0.20 -0.60 0.00
-0.80 -0.60 0.00
0.20 0.30 0.90
0.20 -0.30 0.90
0.20 -0.30 0.90
0.20 -0.30 0.00
0.20 0.00 0.00
-0.40 -0.30 0.90
0.20 -0.30 0.00
-0.40 -0.30 0.00
0.20 -0.30 -0.40
0.20 -0.30 0.90
0.20 -0.30 3.70
0.80 -0.30 7.20
2.40 0.00 10.00
4.90 2.20 12.80
8.00 2.80 15.00
10.20 5.30 16.30
11.20 7.50 17.20
11.20 8.80 17.80
13.00 10.30 18.20
14.00 10.30 17.20
14.00 11.60 16.90
14.60 11.00 16.90
14.00 11.00 16.60
13.70 11.30 16.60
13.70 10.30 15.60
13.40 11.60 15.30
13.00 11.60 14.40
12.40 10.30 14.40
12.40 11.00 13.80
11.20 9.70 13.80
10.90 11.00 13.80
10.50 9.70 12.80
10.50 9.70 12.50
10.50 9.40 12.50
10.50 8.80 11.60
9.60 8.80 12.20
10.20 8.80 11.60
9.60 8.20 11.60
9.30 8.20 10.00
9.00 7.50 10.60
9.30 8.50 10.00
8.30 6.90 10.00
8.30 7.50 9.70
8.00 6.60 9.40
8.00 6.00 9.40
8.00 7.50 8.40
7.70 5.30 8.70
6.80 6.00 8.40
6.80 6.00 8.10
6.80 5.30 8.10
6.80 6.00 7.80
6.10 4.10 6.90
6.50 6.00 6.90
6.10 5.00 6.90
6.10 5.00 6.50
5.80 5.30 6.20
5.80 3.80 6.20
5.20 5.30 6.20
5.80 4.10 6.20
5.20 4.10 5.30
5.20 5.00 5.60
4.90 3.10 5.60
4.60 4.40 5.30
4.60 2.80 5.30
4.60 4.10 5.00
4.60 3.80 5.00
4.60 3.80 4.30
4.00 3.10 5.00
4.00 3.10 5.00
3.60 3.80 4.00
3.60 2.50 4.00
4.00 3.10 4.30
4.00 2.80 3.70
3.60 2.80 4.00
3.30 3.80 3.40
3.60 1.60 3.70
3.30 2.80 3.40
3.00 2.20 3.40
3.60 2.50 3.40
2.40 2.20 3.40
3.00 2.50 3.40
2.40 2.20 3.40
3.00 2.20 3.40
3.00 1.60 2.80
2.40 2.20 2.50
2.40 2.20 2.80
2.40 1.30 2.80
2.10 1.60 2.80
2.40 2.20 2.20
2.40 1.30 2.80
2.40 2.80 2.20
2.10 1.30 2.50
2.10 1.30 2.20
1.80 1.60 2.80
1.80 0.30 2.20
1.80 2.20 2.50
2.10 0.90 2.20
1.80 1.30 2.20
1.80 1.30 1.50
0.80 0.00 2.20
1.80 2.20 1.50
1.80 0.30 2.20
0.80 1.30 1.50
0.50 0.90 1.50
1.80 1.30 1.50
0.50 0.90 1.50
1.80 0.00 1.50
1.80 1.30 1.50
0.80 0.30 2.20
0.80 1.30 1.50
0.80 0.90 1.20
0.50 -0.30 1.20
1.80 2.20 1.50
0.80 0.30 1.20
0.80 0.30 1.20
0.50 0.90 1.50
0.80 0.00 1.20
0.50 0.90 1.20
0.80 0.30 0.90
0.20 0.90 1.50
0.50 0.00 0.90
0.50 1.30 1.50
0.80 0.30 1.50
0.20 0.00 1.20
0.80 1.30 1.50
0.80 0.00 2.20
0.80 0.30 2.20
0.50 0.90 1.50
0.50 -0.30 1.50
1.80 1.30 1.50
0.80 0.00 1.50
0.50 0.30 1.50
0.80 0.90 2.20
0.50 -0.30 1.50
0.50 1.30 1.50
0.20 -0.60 1.50
0.80 0.90 1.50
0.50 0.90 1.50
0.50 -0.30 1.20
0.20 0.00 1.20
0.80 0.00 1.20
0.20 0.00 1.50
0.50 0.00 1.50
0.50 0.00 1.20
0.50 0.90 1.20
0.50 0.00 1.50
0.50 0.30 1.20
0.20 -0.30 0.90
0.50 0.30 1.20
0.50 -0.30 1.20
0.20 -0.60 1.20
0.50 0.30 1.20
0.20 -0.30 1.20
0.50 0.30 1.20
0.50 -0.30 0.90
0.20 0.00 0.90
0.50 0.30 0.00
0.20 -0.30 0.90
0.20 0.30 0.90
0.20 0.00 0.90
0.50 0.30 0.90
2025 2 4 22 31 3 519
196.62 204.05 195.66 26.30 29.50 16.40 93.37 110.76 60.82 21.36 211.49 19.06 228.14 196.30 203.29 197.40
0.00 -0.30 0.70
0.00 0.30 1.10
0.00 -0.60 1.10
0.00 0.30 1.10
0.00 0.00 0.70
0.00 0.30 1.40
0.30 0.30 0.70
0.00 -0.30 1.10
0.00 0.00 0.70
0.30 0.00 1.10
0.00 0.00 0.70
0.00 0.30 1.40
0.00 0.30 1.10
0.00 0.00 0.70
0.00 -0.30 1.10
0.00 0.30 1.10
0.00 0.00 1.10
0.00 0.00 1.10
0.30 0.00 0.70
0.00 -0.30 0.70
0.30 1.00 0.70
0.00 -0.30 0.70
0.30 0.00 1.10
0.00 0.30 1.10
0.00 -0.30 0.70
-0.70 1.30 0.70
0.00 0.00 0.70
0.00 0.00 0.70
0.00 0.00 0.70
-0.70 0.00 0.70
0.00 1.00 0.70
-0.70 -0.30 0.70
0.00 1.00 0.70
-0.70 0.00 0.70
0.30 0.30 0.70
-0.70 0.00 -0.20
0.00 -0.60 1.10
0.00 1.00 0.70
0.00 -0.60 1.10
0.00 0.30 0.70
0.00 0.30 0.70
0.00 -0.30 1.10
0.00 1.00 0.70
0.00 -0.60 1.10
0.00 0.30 0.70
0.30 -0.30 1.10
0.00 0.30 0.70
0.00 0.00 1.10
0.00 -0.30 -0.20
0.60 1.00 3.60
3.40 -1.20 7.60
6.60 1.60 9.80
11.00 2.90 12.00
14.40 7.60 13.90
18.20 13.80 15.20
21.60 17.00 16.10
23.50 21.70 16.40
24.80 22.60 16.40
26.00 26.10 16.40
26.30 27.60 16.10
26.30 27.30 15.50
25.70 28.60 15.50
26.30 28.30 15.50
25.10 28.60 15.20
25.10 28.60 14.90
24.80 27.60 14.20
24.40 29.50 13.90
23.20 27.60 13.60
23.50 28.60 13.30
22.90 27.30 13.30
21.90 27.30 12.30
21.00 27.00 12.30
20.70 25.10 12.00
20.10 26.70 12.00
19.40 23.90 11.40
18.80 23.90 12.00
19.10 23.20 9.80
18.20 21.40 10.80
18.20 21.70 9.80
16.60 20.40 9.80
16.60 21.40 9.20
16.00 20.10 9.20
16.00 19.80 9.20
15.00 18.90 9.20
14.70 18.50 8.00
14.40 18.90 8.00
13.80 17.00 7.60
13.80 17.30 8.00
13.10 16.00 7.00
12.80 15.70 7.60
12.80 15.70 7.00
11.90 14.50 7.00
11.90 15.10 6.40
11.00 14.10 6.70
10.60 13.80 6.10
10.30 12.90 6.10
10.30 12.60 5.40
10.00 12.60 5.40
10.00 11.60 5.40
8.80 11.60 5.10
9.40 11.30 5.10
8.80 11.30 5.10
8.10 11.30 5.10
7.80 10.10 4.80
7.80 11.60 4.20
7.50 9.80 4.20
7.80 9.80 4.80
7.20 9.80 3.90
7.50 8.50 3.90
6.60 9.40 4.20
7.20 8.50 3.90
6.20 8.80 3.90
6.60 8.20 3.60
5.90 7.60 3.60
5.90 7.60 3.60
5.60 6.60 3.20
5.60 7.60 3.60
5.60 6.00 3.60
5.00 6.90 3.20
4.70 6.60 3.20
4.70 5.40 2.60
4.70 6.90 2.30
5.00 5.40 3.20
4.40 5.70 2.60
4.70 6.00 2.60
4.70 4.40 2.60
4.70 6.60 2.30
3.70 4.40 2.60
4.40 5.70 2.30
4.40 5.40 2.00
4.40 4.40 2.30
3.70 5.40 2.00
3.70 4.10 2.00
3.40 5.10 2.00
3.70 4.40 2.00
3.40 4.40 2.00
3.40 5.10 2.00
3.10 3.80 2.00
3.70 4.40 2.00
2.80 3.20 1.40
3.10 4.10 2.00
2.80 4.10 2.30
3.10 2.90 2.00
3.10 4.10 2.00
2.80 2.90 1.40
2.20 3.20 1.40
2.80 3.20 1.40
2.20 2.50 1.40
2.80 3.80 1.10
2.20 2.90 1.40
2.20 2.90 1.40
2.20 2.50 2.00
1.90 2.50 1.10
1.90 2.50 1.10
2.20 2.20 1.40
1.90 2.90 2.00
1.50 1.60 1.10
2.20 2.90 1.10
1.50 2.20 1.10
1.50 2.20 1.40
1.90 2.50 0.70
1.50 1.60 1.10
1.50 2.50 1.10
1.50 1.30 0.70
1.90 2.20 0.70
1.50 2.20 0.70
1.90 1.30 1.10
1.50 1.30 0.70
1.50 1.60 -0.20
1.50 2.20 1.10
1.90 1.30 0.70
0.60 2.20 1.10
1.50 1.30 0.70
0.60 1.60 0.70
1.50 1.60 0.70
0.30 1.00 0.70
1.50 2.50 0.70
1.50 1.00 0.70
0.60 1.30 -0.20
0.30 1.30 1.10
0.60 1.30 -0.20
0.60 2.50 1.10
0.60 1.00 -0.20
0.30 2.20 0.70
0.60 1.30 0.70
0.30 1.30 0.70
0.30 1.60 0.70
0.00 1.00 0.70
0.60 1.60 -0.20
0.30 1.00 -0.20
0.60 1.30 0.70
0.00 1.30 0.70
0.30 1.00 -0.20
0.30 2.20 -0.20
0.30 1.30 -0.20
0.00 1.60 -0.20
0.60 1.60 0.70
0.30 1.00 -0.20
0.30 2.20 -0.20
0.00 0.30 0.70
2025 2 4 22 34 47 175
211.23 198.48 200.09 72.20 71.60 72.40 271.75 520.31 290.74 47.63 85.38 40.49 87.22 207.10 196.17 197.02
0.10 1.00 -0.30
0.10 -0.20 -0.30
0.10 -0.20 0.60
-0.60 0.10 0.60
0.10 -0.60 -0.30
0.10 0.40 -0.30
0.10 -0.20 -0.30
-0.60 0.10 0.60
0.10 0.10 0.60
0.10 -0.60 -0.30
0.10 0.40 -0.30
-0.60 -1.20 0.60
0.10 0.40 -0.30
-0.60 -0.20 -0.30
-0.60 -0.20 0.60
0.10 1.00 0.60
-0.60 -0.60 -0.30
0.10 0.10 0.90
0.40 -0.20 -0.30
-0.60 0.10 0.60
0.40 0.40 -0.70
0.10 -0.20 -0.30
0.10 0.10 0.60
0.40 -0.20 0.60
0.40 0.40 0.60
0.10 -0.20 0.60
0.40 -0.20 -0.30
0.10 0.10 0.60
0.10 -0.60 0.60
0.10 0.40 0.60
0.40 -0.20 -0.30
0.10 0.10 0.90
0.10 0.10 -0.70
0.10 0.10 0.60
0.40 -0.20 -0.30
0.10 -0.60 0.60
0.10 0.10 0.60
0.10 -0.60 0.90
0.40 1.00 0.60
-0.60 -0.60 -0.30
0.40 0.10 0.60
0.10 0.10 1.20
0.10 -0.60 0.60
-0.60 1.00 0.60
0.10 -0.20 0.60
0.40 0.10 0.60
0.40 0.40 -0.30
-0.90 -0.60 0.90
0.40 1.30 -0.30
0.10 -0.60 1.90
0.40 1.00 14.10
0.10 7.00 30.70
0.40 36.80 40.80
3.50 71.60 52.40
11.00 71.60 65.20
25.80 71.60 72.40
39.00 71.60 72.40
49.30 71.60 72.40
57.80 71.60 72.40
67.50 71.60 72.40
72.20 71.60 72.40
72.20 71.60 72.40
72.20 71.60 72.40
72.20 71.60 72.40
72.20 71.60 72.40
72.20 71.60 72.40
72.20 71.60 72.40
72.20 71.60 72.40
71.90 71.60 72.10
71.00 71.60 70.60
69.10 71.60 68.40
66.90 71.60 66.50
65.30 71.60 64.90
63.70 71.60 62.40
61.90 71.60 61.10
59.70 71.60 59.60
58.40 71.60 59.30
56.80 71.60 57.70
55.30 71.60 55.50
53.40 71.60 53.90
53.10 71.60 52.70
51.80 71.60 51.40
50.60 71.60 49.50
48.40 71.60 48.30
47.40 71.60 47.00
46.80 71.60 45.50
45.20 71.60 43.90
44.00 71.60 41.40
42.40 71.60 40.80
40.80 71.60 39.80
40.20 71.60 38.20
39.00 71.60 37.60
37.70 71.60 36.40
36.40 71.60 35.10
35.80 71.60 34.80
33.90 71.60 33.20
33.60 71.60 31.30
32.40 71.60 31.00
31.10 71.60 30.40
30.50 71.60 29.50
29.50 71.60 27.90
28.90 71.60 27.60
28.00 71.60 26.60
27.30 71.60 26.00
27.30 71.60 25.10
26.10 71.60 24.80
25.20 71.60 23.50
23.90 71.60 23.20
23.60 71.60 22.20
23.30 71.60 21.00
23.00 71.60 20.40
20.80 71.30 19.70
20.80 69.10 19.10
20.40 67.50 19.10
20.10 64.70 17.90
18.90 62.80 17.90
18.20 60.60 16.60
17.60 58.40 16.30
17.60 57.80 16.00
16.70 55.30 16.00
16.40 55.30 15.00
15.70 51.80 15.00
15.70 50.30 14.70
15.10 49.60 13.80
14.80 47.10 13.10
14.50 47.10 13.10
13.90 44.30 12.20
12.90 43.40 12.20
12.90 41.80 11.90
12.90 40.50 11.30
12.30 40.50 10.30
10.70 37.70 10.60
12.00 38.40 10.30
10.70 35.80 9.70
10.70 35.80 9.40
10.40 34.30 9.40
10.40 32.70 9.10
9.50 32.70 9.10
9.50 30.50 8.40
8.80 31.10 8.10
8.80 29.60 7.80
8.80 28.30 7.80
8.20 29.60 7.50
7.90 26.70 7.80
7.90 28.30 7.50
7.60 26.10 7.50
7.60 25.20 6.90
7.30 26.10 6.90
7.30 23.30 6.60
6.60 24.20 6.60
6.60 22.70 6.20
6.30 22.70 6.90
6.60 21.70 6.60
6.30 20.50 6.20
6.60 21.40 6.20
6.00 19.50 6.60
6.00 19.80 5.90
6.00 18.90 5.30
6.00 18.90 5.30
5.70 17.60 5.90
6.00 17.60 5.90
5.70 17.60 5.30
5.70 15.80 5.30
5.10 15.80 5.00
4.80 15.80 5.00
4.80 15.10 4.70
5.10 15.80 4.70
4.40 14.20 5.00
4.40 14.50 4.70
4.40 14.20 4.70
4.40 13.30 4.10
4.40 13.90 4.10
3.80 12.90 3.70
3.80 12.90 3.70
3.80 12.90 3.70
3.50 12.30 3.70
3.50 11.70 3.40
3.50 11.10 3.70
3.20 11.40 3.40
3.20 11.10 3.10
2.90 11.10 3.10
3.20 10.40 3.40
3.50 9.80 2.50
2.90 9.80 3.10
3.20 9.80 2.50
3.20 9.50 3.10
2.90 9.50 2.50
2.20 8.90 2.50
2.90 8.50 2.50
2.20 8.50 2.20
2.90 7.60 2.50
2.20 7.60 2.20
2.90 7.60 3.10
2.20 7.00 2.50
2.20 8.20 2.50
1.90 7.60 1.90
2.20 6.70 2.50
2.20 7.60 2.20
3.20 6.00 1.90
3.20 6.70 2.20
2025 2 4 22 40 42 78
196.08 197.00 201.83 72.30 22.50 16.90 373.57 81.02 59.42 16.08 310.19 34.05 296.72 192.79 197.36 204.16
0.40 -0.40 -0.40
0.10 0.20 -0.40
0.40 -0.10 -0.70
0.10 -0.40 0.50
0.40 0.20 -0.40
0.10 -0.80 -0.70
0.10 -0.10 -0.40
-0.50 -0.10 -0.70
0.10 -0.80 -0.40
0.10 0.20 -0.70
0.10 -0.40 -0.40
0.10 0.20 -0.40
0.10 -0.10 -0.70
0.10 -0.80 0.50
0.10 0.80 -0.40
0.10 -0.80 -0.40
0.40 0.80 -0.70
0.10 0.20 0.90
0.70 -0.80 -0.70
0.10 0.20 -0.40
0.10 -0.80 -0.70
0.10 0.20 0.50
0.40 -0.10 -0.40
-0.50 -0.40 0.50
0.10 0.20 -0.70
0.10 -0.80 -0.40
0.10 -0.10 0.50
0.10 -0.40 -0.40
0.40 -0.40 -0.70
0.10 -0.80 -0.40
0.40 -0.40 -0.40
0.10 -0.10 0.50
0.10 -0.10 -0.40
0.10 -0.10 -0.40
0.40 -0.10 -0.70
0.10 -0.40 -0.40
0.40 0.20 -0.40
0.40 -0.40 0.50
0.40 0.20 -0.40
-0.50 0.20 -0.40
0.10 -0.40 -0.40
0.10 1.10 -0.40
0.40 -0.40 0.50
0.10 -0.80 0.50
0.10 0.80 -0.70
0.10 -0.80 -0.40
0.40 0.80 -0.40
-0.50 -0.80 -0.40
0.40 -0.10 -0.40
0.70 0.80 0.50
7.60 -0.40 2.10
23.00 5.20 4.90
45.30 7.40 7.40
66.30 11.20 12.20
72.30 15.90 13.70
72.30 18.10 15.90
72.30 20.90 15.90
72.30 19.90 16.20
72.30 20.90 16.20
72.30 21.20 16.50
72.30 20.90 16.90
72.30 22.50 16.50
72.30 20.90 16.20
72.30 20.90 15.90
72.30 20.90 15.90
72.30 20.90 15.30
72.30 21.50 14.70
72.30 20.30 15.00
72.30 20.90 13.70
72.30 19.90 14.00
72.30 19.60 14.00
72.30 19.60 13.40
72.30 19.60 12.50
72.30 18.70 12.50
72.30 18.10 12.50
72.30 18.10 12.20
72.30 17.10 12.20
72.30 18.10 11.20
72.30 15.90 11.20
72.30 15.20 10.30
72.30 15.60 11.20
72.30 14.90 10.30
72.30 14.00 9.60
72.30 14.30 9.60
70.70 13.70 9.00
69.10 12.70 8.40
66.90 13.00 8.40
64.10 12.10 8.40
62.50 11.50 8.40
61.00 11.50 7.80
59.10 10.90 7.80
57.50 11.50 7.80
55.90 10.20 6.80
54.10 9.90 7.80
52.50 11.20 6.80
50.90 8.70 6.80
49.40 11.20 6.20
48.10 8.70 6.20
46.90 8.30 5.90
45.30 8.30 6.20
44.00 6.80 5.30
42.50 8.30 5.30
42.10 5.80 5.30
40.30 6.80 5.30
39.00 6.80 5.30
38.40 5.80 4.90
36.80 6.80 4.60
35.90 5.20 4.60
34.90 7.40 4.00
33.70 5.20 4.60
32.40 5.20 4.60
31.20 6.80 4.00
30.90 5.20 4.00
29.30 6.50 4.00
29.00 5.50 3.70
27.70 5.20 4.00
27.40 5.50 3.70
26.10 4.90 3.10
25.80 5.50 3.70
24.60 3.90 3.70
23.90 5.20 3.70
23.60 4.30 3.70
23.30 4.30 3.40
22.10 4.90 3.40
21.80 3.90 3.10
21.10 3.90 3.10
20.80 3.90 2.40
19.20 2.70 2.40
19.20 4.30 2.40
18.90 2.10 2.40
18.30 3.00 2.10
18.00 3.00 2.40
17.70 2.70 1.80
16.70 3.60 1.80
16.40 2.10 2.10
15.80 2.70 1.80
15.20 3.00 1.80
14.90 2.70 2.10
14.90 3.00 1.80
13.60 2.40 1.80
13.60 3.00 1.80
13.30 3.00 1.80
13.00 2.70 2.10
12.00 2.40 1.80
12.00 2.40 1.80
11.10 2.10 1.80
11.10 2.10 1.80
10.80 1.40 2.10
10.50 2.40 1.80
10.50 1.40 1.80
10.50 2.70 1.80
9.50 1.10 1.80
9.50 1.10 1.80
8.90 2.10 1.20
8.30 1.10 0.90
8.30 1.10 1.20
8.90 2.40 1.20
7.90 0.80 1.80
8.30 1.10 1.20
7.90 1.10 1.20
7.30 0.80 1.20
7.30 1.40 0.90
7.30 1.10 0.90
6.40 0.80 1.20
6.70 1.40 1.20
6.40 0.80 1.20
6.40 1.10 0.90
6.40 1.10 0.90
5.80 1.10 0.90
5.80 1.40 1.20
5.80 1.10 0.90
5.10 1.40 0.90
4.80 1.10 0.90
5.10 2.10 0.90
5.10 0.80 1.20
4.50 1.10 0.90
4.80 2.40 0.50
4.80 -0.10 0.90
4.80 2.40 0.50
3.90 -0.10 0.90
4.80 1.10 0.50
4.50 1.10 0.50
3.60 -0.10 0.50
3.90 1.40 0.50
3.90 -0.40 -0.40
3.90 0.80 0.90
3.60 0.20 0.90
3.60 -0.10 0.90
3.60 1.10 0.50
3.20 -0.80 0.90
3.60 1.40 0.50
2.90 -0.40 0.90
3.60 0.80 0.50
2.90 1.10 0.50
2.90 -0.80 0.50
2.90 2.10 -0.40
2.90 -0.10 0.50
2.30 1.10 0.50
3.20 1.10 0.50
3.20 -0.80 0.50
2025 2 4 22 44 33 794
198.68 197.90 196.72 22.90 71.60 13.80 76.04 344.80 50.78 5.53 116.84 14.60 38.26 199.56 194.27 199.61
0.00 -0.20 -0.40
0.30 0.40 -0.40
0.00 0.10 0.60
0.00 0.40 0.60
-0.60 1.00 -0.40
-0.60 -0.20 -0.70
-0.90 0.10 0.60
0.00 -0.20 -0.40
-0.60 0.40 0.90
0.00 0.10 -0.40
-0.60 0.10 0.60
0.00 0.40 -0.40
0.00 -0.20 -0.40
0.30 0.40 0.60
-0.60 1.00 0.90
0.00 0.40 -0.40
-0.90 0.40 0.60
0.00 0.10 0.60
-0.60 0.40 0.60
-0.60 1.00 -0.40
-0.60 0.10 0.90
0.00 0.10 1.20
-0.60 0.40 0.90
0.00 0.40 0.90
0.00 0.40 0.60
-0.60 0.40 0.90
0.00 -0.20 0.90
0.00 1.40 0.60
0.00 -0.20 0.60
0.30 -0.20 0.60
0.00 1.00 0.90
0.00 0.10 0.60
0.00 1.00 0.60
0.00 0.10 0.60
-0.60 0.40 0.60
0.00 0.40 -0.40
0.00 0.40 -0.40
0.00 0.40 0.60
0.00 0.10 0.60
0.00 0.40 0.60
-0.60 -0.20 0.60
0.00 1.00 0.60
-0.60 -0.20 0.60
0.30 0.10 0.90
0.00 1.40 -0.40
0.00 -0.50 0.60
-0.60 1.00 0.60
0.70 0.40 -0.40
0.30 -0.20 0.60
0.70 1.00 2.20
0.70 3.20 5.30
4.40 12.60 7.80
6.30 29.90 9.70
10.10 48.70 11.90
13.80 64.40 12.50
16.70 71.60 13.10
17.60 71.60 13.80
18.90 71.60 13.80
19.50 71.60 13.80
21.00 71.60 13.10
22.00 71.60 13.10
22.90 71.60 13.10
21.70 71.60 13.10
22.90 71.60 12.20
21.00 71.60 12.50
21.00 71.60 12.20
20.10 71.60 11.90
20.10 71.60 10.60
19.20 71.60 10.60
18.90 71.60 10.60
17.60 71.60 9.70
17.90 71.60 10.30
17.30 71.60 9.40
16.70 71.60 9.40
15.70 71.60 9.40
15.70 71.60 9.70
15.10 71.60 9.10
14.80 71.60 8.40
13.80 71.60 9.10
14.50 71.60 8.10
13.50 70.40 8.10
13.50 68.50 8.10
12.90 66.30 8.10
12.90 65.70 7.50
11.90 61.90 7.50
11.90 60.30 6.90
11.00 58.80 6.50
10.70 56.30 6.50
10.70 55.60 6.50
10.40 53.10 5.90
10.10 51.90 6.20
9.40 50.60 5.90
9.10 49.00 5.90
9.10 47.80 5.90
8.20 46.20 5.30
8.20 45.60 5.00
8.20 43.40 5.30
8.20 42.50 5.00
7.90 41.50 5.00
7.60 40.30 4.70
7.60 39.00 4.70
7.60 37.70 4.00
6.60 37.10 4.00
7.20 36.20 4.00
6.60 34.30 5.00
6.60 34.00 4.00
6.00 32.70 3.70
6.30 31.80 3.70
6.00 30.50 3.40
6.00 29.90 3.40
5.70 28.60 3.70
5.70 28.60 3.10
4.70 27.40 3.40
5.00 26.10 3.10
4.40 26.10 3.10
5.00 24.30 3.10
4.70 24.30 3.10
4.40 22.70 2.50
3.80 22.70 3.10
4.40 21.40 2.20
4.40 20.20 2.50
4.70 21.10 2.20
3.80 19.60 2.20
4.40 20.20 2.50
3.50 18.60 2.20
3.80 18.30 2.20
3.80 18.30 2.20
3.50 17.40 1.80
3.50 17.70 2.20
3.50 17.00 1.80
3.20 15.80 1.80
3.50 16.10 1.20
3.20 14.20 1.80
3.50 15.50 1.20
2.90 13.90 1.80
2.90 13.90 1.80
2.90 13.30 1.80
2.90 13.00 1.80
2.20 12.60 1.80
2.90 11.70 1.20
2.20 11.70 1.20
2.20 11.10 1.20
2.20 11.10 1.20
2.90 11.10 1.20
2.20 10.10 1.20
2.90 10.50 1.20
2.20 8.60 1.80
2.20 10.10 1.20
2.20 8.90 1.20
2.20 8.60 0.90
1.60 9.50 0.90
2.20 8.30 0.90
1.90 8.90 1.20
1.90 8.60 1.20
0.70 7.00 0.90
1.90 8.90 0.90
1.60 7.60 0.90
1.90 7.60 0.90
1.60 7.00 0.90
1.60 7.60 0.60
1.60 7.00 0.90
1.60 6.10 0.60
0.70 6.70 1.20
1.90 6.10 0.90
1.60 6.10 1.20
1.90 5.40 0.60
1.60 5.40 0.90
1.60 6.10 0.60
0.70 4.50 0.60
1.60 5.40 0.60
0.30 5.10 1.20
1.60 4.50 0.90
1.90 4.50 0.90
0.70 4.50 0.90
0.70 4.50 0.90
0.70 4.20 1.20
0.70 3.90 0.90
0.70 3.20 0.60
0.00 4.20 0.90
0.70 3.90 0.60
0.70 3.20 0.90
0.30 4.50 0.90
0.30 3.20 0.90
0.30 4.50 0.60
0.70 3.90 0.60
0.30 3.20 0.90
0.30 3.90 0.60
0.30 2.60 0.60
0.30 2.90 0.90
0.70 3.20 0.60
0.00 2.60 0.90
0.70 2.60 0.60
0.70 2.60 0.60
0.30 2.30 0.60
0.30 2.60 0.60
0.30 3.20 0.60
0.30 2.60 -0.40
0.70 2.60 0.60
0.30 2.30 1.20
0.30 2.30 0.90
2025 2 4 22 47 38 497
195.03 189.78 201.32 21.00 11.10 40.00 75.93 33.53 149.22 25.42 353.91 14.23 346.04 195.75 193.37 199.82
-0.60 0.70 -0.10
0.00 0.10 0.80
-0.60 0.10 -0.10
0.00 -0.20 0.80
0.00 0.10 0.80
0.00 -0.20 0.80
0.00 0.70 -0.10
0.00 -0.20 -0.10
0.00 -0.80 0.80
-0.60 0.70 -0.10
0.30 -0.50 -0.10
0.00 0.10 -0.10
-0.60 -0.20 0.80
0.00 -0.80 -0.10
0.00 0.70 1.10
0.00 -0.80 -0.10
0.30 -0.20 0.80
0.00 -0.50 0.80
0.00 -0.20 -0.10
-0.60 -0.50 -0.50
0.00 -0.50 -0.10
-0.60 -0.50 0.80
0.00 -0.20 -0.10
0.00 0.70 -0.10
-0.60 -0.50 0.80
-0.60 0.10 0.80
0.00 1.00 -0.10
0.00 -0.20 -0.10
0.30 1.00 0.80
0.00 -0.20 0.80
-0.60 0.10 0.80
-0.60 0.70 -0.10
0.00 -0.50 -0.10
0.00 0.10 -0.10
0.00 0.10 -0.10
0.00 -0.20 0.80
0.30 0.10 -0.50
-0.60 -0.20 -0.10
0.00 0.10 -0.10
0.00 0.10 -0.10
0.00 0.10 -0.10
-0.60 -0.50 -0.10
-0.60 1.00 -0.10
0.00 -0.20 0.80
0.00 0.10 -0.10
0.00 0.10 -0.10
0.00 0.10 -0.10
0.00 0.10 -0.10
0.30 -0.20 0.80
0.30 2.00 0.80
3.40 5.10 5.20
7.80 4.80 13.70
12.20 7.90 23.40
14.70 8.30 30.90
17.60 9.50 35.00
19.10 9.80 36.90
20.70 9.50 38.80
20.70 10.10 40.00
21.00 10.10 40.00
21.00 11.10 39.40
21.00 11.10 39.40
21.00 9.80 38.40
21.00 11.10 37.80
20.10 9.80 37.20
20.40 10.80 36.60
19.10 9.80 35.30
18.80 9.50 35.00
18.80 9.50 34.40
18.20 8.60 33.70
17.30 8.60 32.80
17.30 8.30 32.20
16.60 7.90 30.90
16.30 7.30 30.60
16.00 6.70 29.70
15.10 7.30 28.70
14.70 5.80 28.40
14.70 6.70 27.80
14.40 5.80 27.80
14.70 5.80 26.80
13.80 6.70 26.20
13.80 5.10 25.30
13.20 6.70 25.00
13.20 5.10 23.70
12.90 5.80 22.80
12.20 6.40 22.40
11.00 4.80 21.20
11.00 5.80 20.60
11.00 4.80 19.90
10.30 4.80 19.60
10.00 4.20 19.30
10.00 3.90 18.40
10.00 4.20 18.10
9.40 2.90 18.10
8.80 3.60 17.10
8.80 3.60 16.50
8.80 2.90 16.50
8.20 3.60 16.20
7.50 2.60 15.50
7.80 3.90 14.90
7.80 2.60 14.90
7.50 2.90 14.30
6.60 2.30 14.00
6.60 2.90 13.70
7.20 2.60 13.30
6.60 2.00 12.40
6.00 2.60 12.40
6.00 2.00 12.40
6.30 2.60 12.10
6.00 2.60 11.50
5.00 2.00 10.50
5.60 3.60 10.80
5.00 2.00 9.90
5.60 2.90 9.90
4.70 2.30 9.90
4.70 2.00 9.60
4.70 2.60 8.60
4.70 2.30 8.60
4.40 2.00 8.30
4.40 2.00 8.60
4.40 1.00 7.70
3.80 1.00 7.70
3.80 1.40 8.00
3.80 1.40 8.00
3.80 1.40 7.70
3.80 2.00 6.80
3.10 0.10 6.80
3.40 2.00 6.80
3.10 0.70 6.10
3.10 1.00 6.10
2.80 1.40 5.50
2.80 0.10 6.10
2.20 2.00 5.20
2.80 1.00 5.50
2.20 0.70 6.10
2.20 2.00 5.50
2.80 1.00 5.20
2.80 1.00 5.20
2.20 1.00 5.20
2.20 1.00 5.20
2.20 0.70 4.90
2.80 1.00 4.90
1.90 0.70 4.90
1.90 0.70 4.30
2.20 0.70 4.90
2.20 0.10 4.90
1.60 0.70 4.30
2.20 0.70 4.30
1.60 -0.20 3.90
2.20 0.10 3.90
0.60 0.10 3.90
1.90 0.10 3.60
1.90 0.70 3.90
1.60 0.10 3.60
1.90 0.10 3.60
1.90 0.10 3.90
1.60 0.10 3.30
1.60 0.10 2.70
1.60 0.10 3.30
1.60 0.70 3.30
1.60 -0.20 3.30
1.60 0.10 3.30
0.30 0.10 3.60
0.60 0.70 3.30
0.60 0.70 3.30
0.60 -0.20 3.30
1.60 1.00 3.30
1.60 1.00 3.30
0.60 -0.20 3.60
1.60 1.00 2.70
0.60 -0.50 2.70
1.60 0.10 2.70
0.60 0.70 3.30
1.60 -0.80 2.70
1.60 0.70 2.40
1.60 -0.50 2.70
0.60 -0.20 2.70
1.60 0.10 2.40
0.60 -0.80 2.40
0.30 0.10 2.10
1.60 -0.20 2.40
1.60 -0.50 2.40
0.60 -0.20 2.40
0.60 -0.20 2.10
0.60 -0.20 2.10
1.60 0.70 2.10
0.60 0.70 2.10
0.60 0.10 2.10
0.60 0.70 2.10
0.60 0.10 2.10
0.30 -0.50 1.40
1.60 0.10 1.40
0.30 -0.50 2.10
0.30 0.10 1.40
0.30 -0.20 1.40
0.60 -0.20 1.40
0.30 -0.20 1.40
0.60 -0.20 1.40
0.00 -0.50 1.40
0.30 -0.50 1.40
0.60 -0.50 1.40
2025 2 4 22 48 4 563
203.02 201.87 197.58 34.60 32.40 15.20 117.50 115.09 51.93 15.21 127.24 3.78 116.49 201.22 200.68 199.88
-0.50 0.10 0.40
0.40 1.00 0.40
-0.90 -0.20 0.40
0.10 0.40 0.40
0.10 -0.50 0.70
0.10 0.40 -0.80
0.10 -0.50 0.40
0.40 0.10 0.70
-0.90 -0.20 0.40
0.40 -0.50 -0.50
-0.50 0.10 0.70
0.10 -1.20 0.40
-0.50 0.40 -0.50
0.10 0.10 0.40
-0.50 -0.50 0.70
0.10 1.40 0.40
0.10 -1.50 0.40
0.10 1.40 0.40
-0.50 -0.50 0.70
0.10 0.10 0.40
-0.50 0.10 0.40
-0.50 -0.50 -0.50
-0.50 1.00 0.40
0.40 -0.50 0.40
-0.50 0.40 0.40
0.40 0.40 0.40
0.10 -0.20 0.40
-0.50 0.10 -0.50
-0.50 -0.50 0.40
0.10 0.10 -0.50
-0.50 -0.50 0.70
-0.50 0.40 0.70
0.10 0.10 -0.50
0.10 -0.20 0.40
-0.50 1.00 -0.50
-0.50 -0.50 -0.80
0.10 0.10 0.40
0.10 0.40 0.40
-0.50 -0.50 0.40
-0.50 0.10 -0.50
0.10 -0.20 0.40
0.10 0.10 -0.50
-0.50 -0.20 0.40
0.40 -0.20 0.40
0.10 0.10 0.40
0.40 -0.20 -0.50
0.10 -0.20 0.40
0.10 0.10 -0.50
-0.50 0.10 -0.50
0.10 -0.20 1.70
0.10 0.40 5.10
2.30 2.30 7.30
6.00 5.70 8.90
11.10 14.20 9.50
16.70 18.90 12.00
22.00 23.90 12.30
27.40 27.40 13.90
30.50 29.90 14.50
31.10 31.50 14.50
33.30 31.50 14.80
34.00 32.40 15.20
34.60 31.50 14.50
33.70 31.50 14.80
33.70 31.20 13.90
33.30 29.60 14.50
32.10 29.90 13.60
31.10 29.00 13.60
30.80 29.00 13.00
30.20 28.60 13.00
29.30 27.40 12.00
28.30 27.10 12.30
27.70 25.50 10.50
26.80 25.50 11.10
26.10 24.60 11.10
25.80 24.30 10.10
24.90 23.90 10.10
23.90 22.40 10.50
23.90 23.00 9.50
23.30 21.40 9.50
23.30 21.70 8.90
21.10 20.50 9.20
21.10 19.50 8.30
20.50 20.20 8.30
20.20 18.90 7.90
18.90 18.30 7.90
18.90 18.60 7.90
18.00 16.10 7.60
18.00 17.40 7.60
16.70 15.50 7.30
16.40 16.10 6.70
16.40 15.20 6.40
16.10 14.20 6.40
15.80 14.50 6.40
15.10 13.30 6.10
14.50 14.20 5.70
14.80 12.60 5.70
13.60 12.30 5.70
13.30 13.00 5.10
13.00 11.40 5.70
13.60 13.00 4.80
12.00 10.50 4.80
12.30 11.70 4.50
12.00 11.70 4.80
10.80 9.80 3.90
10.40 11.10 4.50
10.10 9.80 3.90
10.40 10.10 3.90
10.40 10.10 3.90
9.20 9.50 3.60
9.20 9.50 3.60
8.20 9.50 3.60
8.20 9.50 3.60
7.90 8.60 3.20
8.20 8.60 2.90
7.60 8.30 2.90
7.90 7.60 3.20
7.30 8.60 3.20
7.60 6.70 2.90
6.70 7.60 2.90
6.70 7.60 2.00
6.40 6.70 2.90
6.40 8.30 2.30
6.00 6.10 2.30
6.00 6.10 2.00
5.10 7.00 2.90
6.00 5.70 2.00
5.70 5.10 2.30
6.00 6.10 2.30
5.10 5.10 2.30
4.50 6.10 2.00
4.50 4.50 2.00
4.80 4.50 2.00
4.50 5.10 2.30
4.50 4.20 2.00
3.90 4.20 2.00
4.50 4.50 2.00
3.90 3.20 1.70
3.90 4.50 1.70
3.50 3.90 2.00
3.90 3.90 1.70
3.90 3.90 1.00
3.50 3.90 1.00
3.20 3.20 1.70
3.50 3.90 1.00
2.90 3.20 1.70
3.20 2.90 0.70
2.90 3.20 1.70
2.90 3.20 0.70
2.90 2.60 1.00
2.30 3.90 0.70
2.30 1.70 1.00
2.90 2.90 0.70
2.30 2.90 0.70
2.30 2.30 0.70
2.30 2.90 0.70
2.30 2.30 0.70
2.30 2.60 0.40
2.30 1.70 0.70
2.00 1.70 1.00
2.00 2.30 1.00
1.70 1.70 0.70
2.00 2.60 0.70
1.70 1.70 0.70
2.00 2.30 0.70
1.70 2.30 1.00
2.00 1.40 0.40
2.00 2.30 0.40
1.70 1.40 0.70
1.70 2.30 0.70
1.70 2.30 0.40
1.70 0.10 0.70
1.70 2.60 -0.50
0.70 1.00 1.00
0.70 1.40 0.70
0.70 2.30 0.40
1.70 0.40 -0.50
0.70 1.40 0.70
1.70 1.70 0.70
0.70 1.00 0.40
0.70 1.70 -0.50
0.70 0.10 1.00
0.70 1.70 -0.50
1.70 1.00 0.70
2.00 0.40 0.40
0.70 1.40 0.40
0.70 1.00 0.40
0.70 1.40 0.70
0.40 1.00 -0.80
0.70 1.00 0.40
0.70 1.00 -0.50
0.40 0.40 0.70
1.70 0.40 -0.80
0.40 0.10 0.40
1.70 1.40 0.70
0.40 1.00 0.70
0.40 0.40 -0.50
0.70 1.00 0.70
0.10 0.40 0.40
0.10 1.00 0.40
0.70 0.40 0.40
2025 2 4 22 55 1 512
194.95 201.03 200.58 72.20 71.50 22.30 409.35 264.73 82.46 21.20 267.36 28.16 290.92 191.59 196.36 200.91
-0.60 0.00 0.40
0.40 0.30 0.40
0.10 -0.30 -0.60
0.10 0.30 -0.60
0.10 0.00 -0.60
0.10 0.00 -0.60
-0.60 -0.30 0.40
0.40 0.30 0.40
-0.60 0.30 0.70
0.10 0.00 0.40
0.10 0.30 0.40
0.10 1.00 0.70
-0.90 0.00 0.40
0.10 0.30 0.70
-0.60 -0.30 0.40
0.10 0.30 0.40
-0.90 0.00 0.70
0.10 0.00 0.40
0.10 0.00 0.70
0.10 0.00 0.40
-0.60 0.00 0.40
0.10 0.00 0.40
0.10 -0.30 0.70
0.10 0.30 -0.90
0.10 -0.30 -0.60
0.10 0.30 -0.60
0.10 -0.30 0.70
0.10 0.30 0.40
0.10 0.00 0.40
0.10 -0.60 0.40
0.10 -0.30 0.40
0.10 -0.30 0.40
-0.60 -0.30 0.70
0.40 0.30 -0.60
0.10 -0.60 0.70
0.10 0.30 -0.90
-0.60 0.00 -0.60
0.10 -0.30 0.40
0.10 1.00 0.40
0.10 -0.60 0.70
0.10 0.00 0.40
0.40 -0.30 0.40
-0.60 -0.30 0.70
0.10 1.00 0.40
0.10 -1.20 0.70
0.10 0.30 0.40
-0.60 -0.30 -0.60
0.10 -0.30 -0.60
0.10 0.30 0.40
2.30 -0.60 0.70
10.70 2.50 3.50
33.60 6.00 10.10
59.70 15.40 15.80
72.20 27.60 18.00
72.20 41.70 20.50
72.20 54.60 20.50
72.20 60.30 22.00
72.20 67.80 21.10
72.20 71.50 22.30
72.20 71.50 22.00
72.20 71.50 22.30
72.20 71.50 21.10
72.20 71.50 21.10
72.20 71.50 20.80
72.20 71.50 20.50
72.20 71.50 20.20
72.20 70.60 20.20
72.20 70.30 19.20
72.20 67.20 18.90
72.20 66.80 18.30
72.20 64.60 18.00
72.20 61.80 17.30
72.20 61.50 17.30
72.20 58.40 16.10
72.20 58.40 15.80
72.20 56.20 15.10
72.20 54.30 15.80
72.20 53.40 15.10
72.20 51.20 14.80
72.20 50.50 14.50
72.20 49.90 13.90
72.20 47.40 13.90
72.20 46.80 13.90
72.20 45.80 12.90
72.20 43.30 12.90
72.20 42.40 12.30
72.20 41.70 12.00
72.20 39.90 11.70
72.20 39.90 12.00
72.20 37.70 10.40
70.40 36.70 11.10
68.50 36.10 10.10
66.60 33.90 10.10
64.70 33.90 9.50
61.90 32.30 9.50
60.60 31.70 9.20
58.40 30.10 9.20
56.90 29.80 8.20
55.00 28.90 8.90
54.00 27.00 8.20
52.20 27.60 7.90
50.60 25.40 7.60
49.00 26.70 7.90
48.10 25.10 7.30
46.80 23.90 7.30
45.30 24.20 6.30
44.00 21.70 6.70
43.10 22.60 6.30
41.20 21.00 6.70
40.20 20.10 6.30
39.30 20.40 6.00
37.70 19.50 5.70
36.20 18.80 5.70
35.80 18.50 5.70
34.60 18.20 5.10
33.30 18.20 4.80
32.10 15.70 5.10
31.10 17.30 4.80
30.50 15.10 4.80
30.20 15.40 4.50
28.90 15.10 4.50
28.30 13.20 3.80
27.40 14.50 4.50
26.40 12.90 3.50
25.80 12.30 3.80
25.80 13.20 3.80
23.90 11.00 3.80
23.60 13.20 3.50
23.00 11.00 3.80
22.00 10.40 3.50
21.70 11.60 3.50
20.80 9.70 2.90
19.50 11.00 3.20
20.20 9.40 3.50
18.90 9.40 3.50
18.90 9.70 2.90
17.60 8.50 3.20
17.60 9.40 2.30
16.70 7.50 2.90
17.30 8.80 2.30
16.10 7.50 2.30
16.10 8.20 2.30
14.80 8.20 2.30
14.80 5.70 2.00
14.80 6.90 2.30
14.50 5.70 2.00
13.60 6.00 2.30
13.30 6.90 1.60
12.90 5.40 2.30
12.30 6.00 1.60
12.30 5.40 2.00
12.00 5.70 1.60
11.10 5.40 1.60
10.70 5.00 1.60
10.40 5.40 2.00
10.70 5.00 1.60
10.10 5.00 2.00
10.70 4.10 1.60
10.10 4.10 1.60
9.50 4.40 1.60
9.20 4.40 1.60
9.20 4.40 1.60
8.90 4.10 1.60
9.20 4.10 0.70
8.20 3.80 1.60
7.90 4.10 1.60
7.60 3.20 1.00
7.90 4.40 1.00
7.60 3.20 1.60
7.60 2.80 0.70
7.30 4.40 1.60
6.70 2.50 0.70
6.40 3.20 1.00
6.40 3.20 0.70
6.00 2.50 1.00
6.00 4.10 0.40
6.00 1.60 0.40
5.70 3.80 1.00
6.00 2.50 1.00
6.00 2.50 0.70
4.80 2.80 0.70
5.10 2.20 0.70
4.80 2.80 0.70
5.10 1.60 0.70
4.50 2.50 0.70
4.50 2.20 0.70
4.50 1.30 0.70
4.50 3.20 0.40
3.80 1.00 0.70
3.80 2.80 0.40
3.80 2.20 0.70
3.80 1.30 0.70
3.50 2.80 0.70
3.80 0.30 0.40
3.80 2.50 0.70
3.80 1.60 -0.60
3.50 1.00 0.40
3.80 2.50 0.40
3.20 0.30 0.70
3.20 2.50 0.40
2025 2 4 23 8 6 669
192.79 189.71 197.33 12.30 22.80 6.40 43.96 77.52 20.50 16.70 349.18 59.23 348.38 199.05 190.06 212.80
0.00 -0.70 0.50
0.30 -0.10 -0.50
0.00 -0.70 0.50
0.00 0.90 -0.50
0.00 -0.40 0.50
0.00 -0.40 -0.80
0.00 0.20 0.50
-0.60 -0.40 -0.50
0.00 0.20 -0.50
0.00 -0.70 -0.50
0.00 -0.10 0.50
0.00 -0.10 -0.50
0.00 -1.30 -0.50
0.00 1.20 -0.50
-0.90 -0.70 -0.50
0.00 -0.40 -0.50
-0.60 -0.40 -0.50
0.00 -0.70 -0.50
0.00 -0.10 0.80
0.00 -0.40 -0.50
0.00 -0.10 -0.50
0.30 -0.10 -0.50
-0.60 -0.70 0.50
0.00 0.90 -0.80
0.00 -0.70 -0.50
0.00 0.20 -0.80
-0.60 -0.40 -0.50
0.00 -0.10 -0.50
0.00 -0.10 0.50
0.30 -1.30 -0.50
-0.60 0.90 0.50
0.30 -0.40 -0.50
0.00 -0.40 -0.50
0.00 0.90 -0.80
0.00 -0.70 -0.50
0.00 1.20 -0.80
0.00 -0.70 -0.50
0.00 -0.70 0.50
-0.60 0.20 -0.50
0.00 -0.70 -0.50
0.00 0.20 -0.50
0.00 -0.40 0.50
0.00 -0.40 0.50
-0.60 0.20 -0.50
-0.60 -0.10 -0.50
0.00 0.20 -0.80
0.00 -0.40 0.50
0.00 1.50 -0.80
0.30 2.10 -0.80
1.90 4.30 1.10
2.80 9.30 2.30
4.70 11.20 3.00
6.30 15.00 3.60
7.90 17.50 4.80
9.10 19.70 5.80
10.10 22.20 5.80
11.00 21.60 6.10
12.30 22.50 5.80
11.00 21.60 6.40
12.30 22.80 6.10
11.00 22.20 6.10
11.90 22.20 6.10
10.70 22.20 6.10
11.00 20.90 5.80
10.40 20.90 5.80
10.40 20.00 5.20
10.10 20.00 5.80
9.40 18.70 4.80
9.40 18.40 5.20
10.10 18.40 4.80
9.10 18.10 5.20
9.10 18.10 4.80
8.20 15.90 4.80
8.20 16.90 4.50
8.20 15.30 4.50
8.20 15.60 4.50
7.50 14.40 3.90
8.20 14.00 4.50
7.50 15.00 3.90
7.50 12.80 3.90
7.20 13.70 3.60
7.20 12.80 3.60
6.60 11.50 3.60
7.20 12.80 3.30
6.30 10.90 3.60
6.30 12.20 3.30
6.30 11.20 3.30
6.00 10.90 3.30
5.70 10.00 3.30
6.00 9.60 3.30
5.00 10.00 3.00
5.70 9.30 2.30
6.00 9.60 3.30
4.70 8.70 2.30
5.70 8.40 2.30
6.00 8.70 2.30
4.70 6.80 2.30
5.00 8.70 2.30
5.00 6.80 3.00
4.70 7.40 2.00
5.00 7.40 2.00
4.70 5.60 2.00
4.70 7.40 2.00
4.40 6.50 1.70
4.40 5.90 2.00
4.40 7.40 1.70
3.80 5.30 2.00
3.80 5.90 1.10
3.80 5.30 1.70
3.50 5.60 1.70
3.20 5.30 2.00
3.50 5.30 0.80
3.20 5.30 1.70
3.80 4.30 1.70
3.20 5.30 1.70
3.20 4.90 1.10
3.20 4.30 1.70
3.80 4.30 1.70
3.20 3.10 0.80
3.20 4.90 0.80
3.20 3.70 1.10
2.80 3.70 1.10
2.80 4.00 1.10
2.20 3.70 1.10
2.20 3.10 1.10
2.20 3.10 0.80
2.20 2.70 1.10
2.80 2.70 0.80
2.80 2.40 1.10
2.20 3.10 0.80
2.20 2.70 0.80
2.80 3.70 0.50
2.20 2.70 0.80
2.20 2.70 0.50
2.20 2.70 0.80
2.20 2.40 0.80
2.20 2.10 1.10
1.90 1.50 0.80
1.90 1.50 0.80
1.90 3.10 0.80
1.60 1.20 1.10
1.90 1.50 -0.50
1.60 2.10 1.10
1.90 1.50 0.50
0.60 1.50 0.80
1.90 2.10 -0.50
0.60 1.50 0.80
1.60 2.10 0.50
0.60 1.20 0.50
0.60 1.50 -0.50
0.60 2.40 0.50
0.60 2.10 0.80
0.60 1.20 0.50
1.60 2.10 -0.50
0.30 0.90 0.50
0.60 1.50 0.50
0.30 0.90 0.50
0.60 1.20 0.80
0.30 1.50 0.80
0.60 1.20 -0.50
0.60 1.50 0.50
1.60 0.90 0.50
0.60 1.20 0.80
1.90 1.20 -0.80
0.30 0.90 0.50
1.60 1.20 -0.50
0.60 0.20 -0.50
1.60 1.50 0.50
0.30 0.20 0.50
0.60 1.20 0.50
1.60 1.20 0.50
0.30 0.90 0.50
0.30 1.20 0.50
0.30 0.20 0.50
0.30 1.20 0.50
0.60 0.90 -0.50
0.30 0.90 -0.80
0.60 0.90 0.50
0.60 0.20 0.50
0.60 1.20 -0.50
0.00 -0.10 0.50
0.60 0.90 -0.50
0.00 0.90 0.50
0.60 0.20 -0.50
0.00 1.20 -0.50
0.30 -0.10 -0.50
0.00 1.50 0.80
0.60 0.90 0.50
0.00 -0.10 0.50
0.30 1.20 -0.80
0.00 -0.40 0.50
0.30 1.20 0.50
0.00 0.20 0.50
0.30 0.20 -0.50
0.30 0.20 -0.50
0.00 0.90 -0.50
0.00 -0.10 -0.50
0.00 0.20 -0.50
0.00 -0.10 0.50
0.30 0.20 -0.50
2025 2 4 23 11 46 705
184.83 194.93 188.96 10.40 6.80 6.50 36.80 27.81 19.85 29.07 242.96 59.93 245.02 190.80 208.61 198.74
-0.50 -0.40 0.50
0.10 0.20 -0.70
0.10 -0.10 -0.70
0.10 0.20 -0.70
0.10 0.20 0.20
0.10 0.20 -1.00
0.40 -0.10 0.20
0.10 0.20 -0.70
-0.50 -0.10 0.50
0.10 0.50 0.20
-0.50 0.20 -0.70
0.10 0.50 0.20
0.10 0.20 0.20
0.10 0.20 0.20
0.10 1.10 -0.70
0.10 0.50 -0.70
0.10 -0.10 0.20
0.10 0.20 -1.00
0.10 -0.10 -0.70
-0.50 1.10 -0.70
-0.50 0.50 0.50
0.10 0.50 -0.70
0.10 1.10 0.20
0.10 -0.10 -0.70
-0.90 1.10 0.20
-0.50 -0.10 -0.70
-0.50 0.20 0.50
0.10 1.10 -0.70
-0.50 -0.40 0.20
0.10 1.50 -0.70
-0.50 -0.10 -0.70
-0.50 0.50 -0.70
-0.90 0.50 -0.70
-0.50 -0.10 -1.00
-0.90 1.50 -0.70
0.10 -0.40 -0.70
0.10 0.50 0.20
0.40 1.10 -0.70
0.10 -0.40 0.20
0.40 1.50 -0.70
-0.50 -0.10 -0.70
0.10 0.50 -1.00
-0.50 -0.10 0.20
0.10 -0.10 0.20
0.10 1.10 -0.70
0.10 -0.10 -1.00
0.40 0.50 0.50
1.70 0.50 0.90
2.30 0.20 3.40
4.80 1.10 3.70
6.40 0.50 5.60
7.60 3.30 5.60
7.30 3.30 6.50
8.90 4.30 6.50
9.20 5.20 6.50
9.20 5.50 6.50
9.50 5.50 6.50
10.10 5.80 6.20
10.10 5.50 6.20
10.40 6.20 6.20
10.10 6.20 6.20
10.40 5.80 5.60
9.50 5.80 5.90
9.50 6.80 5.60
9.20 5.50 5.90
8.90 6.20 5.60
8.90 5.80 4.90
8.90 6.20 4.60
7.90 6.20 4.90
7.90 6.20 3.70
7.90 5.50 4.60
7.90 6.20 4.30
7.30 4.60 4.30
7.30 5.50 3.70
6.70 5.80 4.30
7.30 3.30 3.70
6.70 5.50 4.60
6.70 4.30 3.40
6.40 4.30 4.30
6.40 5.50 3.40
5.70 3.00 4.30
6.00 5.50 3.70
5.70 4.60 4.30
5.70 4.00 3.40
5.10 5.20 3.40
5.70 3.30 3.10
4.80 3.30 3.40
5.70 4.00 2.70
4.50 3.30 3.40
4.80 4.00 2.70
4.50 3.30 3.10
4.50 3.00 2.70
3.50 3.00 2.70
4.50 3.00 2.10
3.80 2.70 2.70
4.50 2.70 1.80
3.50 2.70 2.10
3.50 1.80 2.10
3.20 3.30 1.80
3.80 2.70 1.50
3.20 2.40 1.80
3.50 3.30 1.50
3.20 2.40 1.80
3.20 2.70 1.50
2.90 2.40 1.80
2.90 1.80 1.50
3.20 2.70 0.90
3.20 2.40 1.50
2.30 1.80 1.50
2.90 1.80 1.50
2.30 1.50 1.50
2.30 2.70 0.90
2.30 1.50 1.50
2.90 1.80 1.50
2.00 1.50 1.50
2.30 1.80 1.50
2.00 2.40 1.50
2.30 1.50 0.90
2.00 1.80 1.50
2.00 1.50 0.90
1.70 1.10 1.50
2.30 1.50 0.90
1.70 1.10 0.90
2.00 1.80 0.50
2.00 1.10 1.50
2.00 1.50 0.90
2.00 1.80 0.90
2.00 1.10 0.90
1.70 1.50 0.90
2.30 1.80 0.50
2.00 1.10 0.90
2.00 1.50 0.50
2.00 1.10 0.90
0.70 1.50 0.50
0.40 1.50 0.50
1.70 1.50 0.50
0.70 1.10 0.50
1.70 1.50 0.50
1.70 1.10 0.50
1.70 1.10 0.50
1.70 1.10 0.50
0.70 1.10 0.50
0.70 1.10 0.90
0.70 1.50 0.50
0.70 1.10 0.90
1.70 1.10 0.20
0.70 1.10 0.50
1.70 1.10 0.20
0.40 0.50 0.50
0.40 1.10 0.50
0.40 0.50 0.20
0.70 1.50 -0.70
0.40 0.20 0.50
0.70 1.10 0.20
0.40 0.20 0.50
0.40 0.20 0.20
0.40 1.50 0.50
0.70 0.50 -0.70
0.10 0.50 0.20
0.70 0.50 0.20
0.40 0.20 0.20
0.70 1.50 0.20
0.10 -0.40 0.50
0.40 1.10 0.20
0.10 -0.10 0.20
0.70 0.50 0.20
0.10 1.10 0.20
0.70 0.20 -0.70
0.40 1.50 0.50
0.10 0.50 -0.70
0.40 0.20 -0.70
0.40 1.10 -0.70
0.40 -0.40 0.20
0.40 1.10 -0.70
0.10 0.20 0.50
0.40 1.10 -0.70
0.10 -0.10 0.50
0.40 0.50 -0.70
0.10 0.50 0.50
0.40 -0.10 0.20
0.10 0.50 0.20
0.70 0.50 -0.70
0.10 0.50 -0.70
0.10 0.50 -1.00
0.70 -0.10 0.20
0.10 1.50 -1.00
0.10 0.20 0.20
0.40 0.20 0.20
0.10 0.50 0.20
0.10 -0.10 -0.70
0.10 0.20 -0.70
0.10 0.50 -1.00
0.10 0.20 -0.70
0.40 0.50 -0.70
0.10 0.20 0.50
0.40 0.50 0.20
-0.50 0.50 0.20
0.10 0.20 -0.70
0.10 0.20 0.20
0.40 0.50 0.20
2025 2 4 23 12 54 273
203.45 194.87 201.42 45.90 14.50 72.70 161.70 47.91 295.22 23.69 52.91 8.42 72.36 199.96 197.08 198.28
-0.50 0.00 0.90
0.10 -0.60 0.90
-0.50 -0.30 0.90
0.10 0.30 1.20
0.10 -0.30 1.50
-0.50 -0.30 0.90
-0.50 -0.30 1.20
0.10 0.00 1.20
-0.50 -0.60 0.90
0.10 0.00 0.90
0.10 -0.30 1.20
0.50 0.00 0.90
0.10 -0.30 1.20
0.10 -0.30 -0.10
0.10 -0.30 1.20
0.10 -0.30 0.90
-0.80 -0.60 1.20
0.10 -0.30 -0.10
-0.50 -0.30 1.20
0.10 0.00 0.90
0.10 -0.60 1.50
0.10 -0.30 1.20
-0.50 -0.30 0.90
0.10 0.30 0.90
-0.50 -0.60 1.20
0.10 -0.30 1.20
0.10 -0.30 0.90
0.10 0.00 -0.10
0.10 -0.30 0.90
0.10 0.00 -0.10
-0.50 -0.30 1.20
0.10 0.00 -0.10
0.10 -0.60 0.90
0.10 0.30 0.90
-0.50 -0.30 0.90
0.10 0.00 0.90
0.10 -0.30 0.90
0.50 -0.30 -0.10
-0.50 -0.30 0.90
0.50 0.00 -0.10
-0.80 -0.30 -0.10
-0.50 0.00 -0.10
-0.50 -0.30 0.90
-0.50 0.00 0.90
-0.50 -0.30 -0.10
0.50 0.00 -0.10
-0.50 0.00 0.90
0.10 -0.30 -0.10
0.10 0.00 1.20
0.10 0.30 0.90
-0.50 1.60 8.10
3.30 5.40 26.30
7.40 6.90 44.50
13.60 9.80 60.20
19.60 11.00 71.80
28.10 13.20 72.70
35.30 12.90 72.70
40.60 13.80 72.70
44.10 13.20 72.70
45.30 13.80 72.70
45.90 14.50 72.70
45.90 13.80 72.70
45.30 14.20 72.70
45.30 14.20 72.70
44.10 12.90 72.70
43.40 14.20 72.70
41.90 12.30 72.70
40.90 12.90 72.70
40.30 12.30 72.70
39.40 11.60 70.80
37.80 11.60 68.60
37.80 11.00 66.40
36.20 11.00 64.20
35.90 10.10 62.70
34.70 10.10 61.40
33.70 10.10 59.50
32.50 9.80 58.90
32.50 10.40 58.00
31.80 8.20 56.40
30.90 10.10 53.60
30.60 8.20 52.60
29.60 7.60 50.80
29.00 8.80 49.50
27.80 6.90 47.30
26.80 8.50 46.70
26.50 7.60 45.10
25.20 6.60 43.90
24.90 8.20 41.70
23.40 6.60 41.30
23.40 6.60 40.10
22.10 6.60 38.80
21.80 6.00 37.30
21.20 5.70 36.60
20.50 6.00 35.40
19.60 5.10 34.40
19.60 5.70 33.80
19.30 5.70 32.90
18.00 4.40 31.30
18.00 5.40 30.70
17.70 5.40 29.70
16.50 4.10 28.80
16.80 5.40 28.20
16.10 3.80 27.20
15.80 4.10 26.30
14.90 4.10 26.30
15.20 3.80 25.00
14.60 4.10 24.10
13.90 4.10 23.80
13.60 3.20 23.50
13.30 2.90 21.60
13.00 3.80 21.30
12.40 2.90 20.60
12.10 2.90 20.00
12.40 3.80 18.80
10.80 2.20 18.80
10.80 3.80 18.10
10.50 2.20 17.80
10.50 2.50 17.20
9.60 2.50 16.90
9.20 2.20 16.20
8.90 2.90 15.30
9.20 2.50 15.30
8.30 2.50 15.00
8.30 2.50 14.40
8.00 2.50 14.40
8.00 2.20 14.10
7.40 2.20 13.40
7.70 3.20 12.80
6.70 1.30 12.50
7.70 2.90 12.20
6.40 1.60 12.20
6.40 1.30 10.90
6.40 2.20 10.60
6.40 1.00 10.60
5.80 2.20 10.90
6.10 2.20 10.00
5.80 1.00 10.00
5.80 2.20 9.70
5.20 0.30 9.70
5.20 2.20 9.30
4.50 1.30 9.30
5.20 1.00 8.70
4.50 1.60 8.40
4.80 1.30 8.10
4.50 1.30 8.10
4.50 0.30 7.80
3.90 1.00 7.80
3.90 1.30 6.80
3.60 0.30 6.80
3.90 1.30 6.80
3.00 1.00 6.80
3.90 1.30 6.20
3.30 1.00 6.50
3.60 0.30 5.60
3.00 1.30 6.20
3.60 0.30 5.60
3.00 1.30 5.30
3.60 1.30 5.30
3.00 0.00 5.30
3.30 1.30 5.00
3.00 -0.30 5.30
3.30 1.00 4.30
2.30 0.30 5.00
3.30 0.30 4.30
2.00 1.30 4.00
2.30 0.00 4.30
2.30 1.00 4.00
2.30 0.30 4.00
2.30 0.00 4.00
2.30 1.00 3.70
2.00 -0.30 4.00
3.00 1.00 3.40
2.00 0.00 4.00
2.30 0.30 3.40
1.70 0.30 2.80
2.30 0.00 3.70
2.00 0.00 3.40
2.30 0.30 3.40
2.00 0.00 3.40
2.00 0.30 2.40
2.00 1.00 3.40
2.00 0.00 2.80
1.70 0.00 2.40
0.80 1.30 2.80
0.80 -0.30 2.80
1.70 1.00 2.40
0.80 0.00 2.40
1.70 0.30 2.40
0.50 0.00 2.40
0.80 -0.30 2.10
0.80 0.00 2.40
0.80 0.30 2.10
0.80 0.30 2.40
1.70 -0.30 1.50
0.80 0.00 2.40
0.80 0.00 2.10
0.80 -0.30 2.40
1.70 1.00 2.10
0.50 -0.60 2.10
0.80 1.00 1.50
2025 2 4 23 15 4 505
193.19 195.17 197.65 15.20 32.30 47.70 50.83 113.71 164.64 12.81 294.47 6.54 35.69 195.87 193.50 196.00
0.10 1.00 0.60
-0.50 -0.60 0.60
0.40 -0.30 -0.70
0.10 1.00 0.60
0.10 -1.50 -0.30
0.10 1.00 0.90
0.10 -0.30 0.60
0.10 0.00 0.60
0.10 1.00 -0.30
-0.50 -1.20 -0.30
-0.50 1.00 0.60
-0.50 -0.60 0.60
0.10 0.30 0.60
-0.50 0.00 0.60
0.10 -0.30 -0.30
-0.50 0.30 0.60
0.40 -0.60 0.60
0.10 0.30 0.60
0.10 -0.60 0.60
-0.50 -0.60 -0.30
0.10 1.00 0.60
-0.50 -1.20 0.60
0.10 1.30 -0.70
-0.50 -0.60 0.60
0.10 -0.30 -0.30
-0.50 0.30 -0.30
0.10 -0.60 -0.30
-0.50 0.30 0.60
0.10 0.00 -0.30
-0.50 -0.30 0.60
0.40 1.00 0.60
-0.50 -0.60 -0.30
0.10 0.30 0.60
-0.50 0.00 0.90
0.10 0.00 -0.30
0.10 0.00 -0.30
0.40 -0.60 -0.30
-0.50 0.00 0.60
0.10 0.00 0.60
-0.80 -0.30 0.60
0.10 0.00 0.60
-0.50 -0.60 -0.30
0.10 1.00 0.60
0.10 -0.60 0.60
-0.50 0.00 -0.30
-0.80 0.00 0.60
0.10 -0.30 0.60
0.10 0.30 0.90
0.10 -0.30 0.90
0.80 1.00 5.00
3.90 5.00 16.00
6.70 8.50 26.60
8.90 13.20 35.40
10.80 18.20 39.80
12.10 22.90 43.90
12.10 27.60 46.10
13.90 30.50 46.70
14.60 31.40 47.70
15.20 31.70 46.70
14.60 31.70 46.70
14.90 32.30 46.40
13.90 31.70 45.50
13.90 31.40 44.20
13.90 30.50 43.60
13.60 30.10 42.00
13.00 30.10 41.10
13.00 28.90 39.50
13.00 28.90 39.20
13.00 28.30 37.60
11.10 27.00 37.00
12.10 27.60 35.40
10.80 24.50 34.80
11.10 26.10 33.90
10.20 24.50 33.20
10.20 23.20 31.30
10.20 24.20 31.30
10.20 22.30 30.70
9.20 22.60 30.40
8.90 21.70 28.50
8.30 20.40 28.20
8.90 21.40 27.60
8.30 19.50 26.60
8.00 19.80 25.40
8.00 18.20 25.10
8.30 17.60 24.80
7.70 18.20 23.80
8.00 15.70 22.60
7.70 17.60 22.60
7.70 15.10 21.30
7.30 15.40 20.70
6.40 15.40 19.70
6.40 13.20 19.10
6.40 15.40 18.50
6.10 12.60 18.50
6.10 13.80 17.50
6.10 12.90 17.50
5.80 12.30 16.90
5.10 13.20 16.30
5.80 11.30 15.30
4.80 12.60 15.30
5.10 11.00 15.00
4.80 11.00 15.00
4.80 11.30 14.10
4.50 9.40 14.10
4.50 11.00 13.50
3.90 8.50 13.20
4.50 10.40 12.20
3.90 9.40 12.20
4.50 8.20 11.90
3.60 8.80 11.30
3.60 8.20 11.30
3.60 8.20 10.60
3.90 8.50 9.70
3.30 6.00 9.70
3.60 7.50 9.70
3.30 6.00 9.10
3.30 6.00 9.10
3.00 6.60 9.10
3.30 6.00 8.10
3.00 5.40 8.40
3.00 6.00 7.80
2.30 5.40 8.10
2.30 5.40 7.50
2.30 5.70 7.50
3.00 5.00 6.90
2.00 5.70 7.50
2.30 5.40 6.90
2.00 5.00 6.60
2.00 5.00 6.60
1.70 4.10 5.90
2.30 5.00 5.90
2.00 4.10 5.30
2.30 5.00 5.00
2.00 4.10 5.90
2.00 3.80 5.30
1.70 3.80 5.30
2.30 3.20 5.00
1.70 3.20 5.30
2.00 3.20 5.00
1.70 3.20 4.70
1.70 3.80 4.70
0.80 2.80 4.10
2.00 3.80 3.70
1.70 2.50 4.10
2.00 2.80 3.70
0.80 2.80 4.10
1.70 2.50 4.10
0.80 2.80 3.70
0.80 2.20 3.70
0.80 2.80 4.10
1.70 3.20 3.10
0.80 1.60 3.70
0.80 3.20 3.10
0.40 1.30 3.40
0.40 3.20 3.40
0.80 1.30 3.40
1.70 1.30 3.10
0.80 2.80 3.10
0.40 1.00 3.10
0.80 2.50 3.10
0.40 1.60 2.50
0.40 1.30 2.20
0.80 2.80 2.20
0.80 0.00 2.50
0.80 2.50 2.20
0.10 1.60 2.50
0.40 1.60 2.20
0.40 2.20 2.20
0.80 0.30 1.90
0.10 1.60 2.50
0.40 1.60 1.90
0.10 1.60 2.50
0.80 1.60 1.90
0.10 0.30 2.50
0.40 2.50 1.90
0.10 0.00 1.90
0.40 1.60 1.90
0.10 0.30 2.20
0.40 1.60 1.90
0.10 1.30 1.20
0.10 0.00 1.90
0.10 2.20 1.90
0.40 0.30 1.20
0.10 1.30 2.20
0.80 1.60 0.90
0.40 -0.30 1.90
0.40 2.50 0.90
0.10 0.00 1.90
0.10 1.30 1.20
-0.50 0.30 1.20
0.10 1.30 1.20
0.10 1.60 1.90
0.10 0.00 0.90
0.10 1.30 1.90
0.10 1.00 0.90
0.40 0.30 1.20
0.40 1.30 1.20
0.10 0.30 1.90
0.40 1.30 0.90
0.10 0.30 0.90
2025 2 4 23 15 23 817
206.39 196.98 197.11 23.40 42.90 23.20 82.54 146.59 75.98 35.28 89.51 41.64 81.17 206.76 194.71 197.46
0.50 0.30 -0.60
0.20 -0.30 0.70
0.50 -0.30 -0.60
0.20 0.00 -0.60
0.20 0.30 -0.60
-0.40 -0.30 -0.60
0.50 0.00 -0.60
0.20 0.00 0.30
0.20 0.00 -0.90
-0.40 0.00 0.30
0.20 -0.30 -0.60
0.20 -0.30 0.30
0.20 0.30 -0.90
-0.40 -0.30 0.30
0.20 -0.30 -0.90
0.20 0.00 0.30
0.20 0.00 -0.90
-0.40 -0.70 -0.60
0.20 0.30 -0.60
-0.40 -0.70 0.30
0.20 0.30 -0.90
0.20 0.00 -0.90
0.20 -0.70 -0.60
-0.40 0.30 -0.60
0.20 0.00 -0.60
0.20 0.00 -0.60
0.50 0.00 -0.90
0.20 -0.30 0.70
0.20 0.30 -0.60
0.20 -0.30 -0.60
0.20 0.00 -0.90
-0.40 -0.30 0.30
0.20 0.00 -0.90
-0.40 0.00 0.30
0.50 0.00 -0.60
0.20 0.00 0.30
-0.40 0.00 -0.60
0.20 0.30 0.30
0.20 -0.30 -0.60
-0.40 -0.30 -0.60
0.20 0.90 -0.60
-0.40 -0.30 -0.60
0.20 0.30 -0.60
0.20 0.30 0.30
-0.40 0.00 -0.60
-0.40 0.00 -0.60
0.50 -0.30 -0.60
0.20 -0.30 0.30
0.50 0.30 0.30
0.20 -0.30 3.50
0.20 3.10 7.60
0.20 9.40 12.30
2.10 16.90 14.80
4.60 23.80 16.70
8.10 31.00 18.20
11.20 34.20 20.70
15.00 37.60 22.30
16.80 40.10 22.30
19.00 42.60 22.90
20.30 41.70 23.20
21.20 42.90 22.30
21.20 42.30 22.30
23.10 42.30 22.00
21.90 41.10 21.00
23.40 40.10 20.40
23.10 41.10 20.40
22.20 38.60 19.50
21.90 38.60 19.20
21.20 37.60 18.20
20.60 34.50 17.90
20.30 36.00 17.30
19.40 32.90 17.30
19.00 33.20 16.30
18.10 31.30 16.00
18.10 31.00 15.70
17.50 30.40 16.00
16.80 29.50 15.10
16.80 29.80 14.80
16.50 27.60 13.80
16.20 27.30 13.80
15.30 26.60 13.50
15.30 25.40 13.20
15.30 25.40 12.90
14.60 23.20 13.20
14.60 24.10 11.60
14.00 22.60 11.60
13.40 22.20 11.00
13.10 21.60 11.00
12.40 21.00 10.10
11.20 20.40 10.10
12.10 19.70 9.40
10.90 19.40 9.40
10.60 18.80 9.10
10.60 18.20 9.10
9.60 17.50 8.20
9.60 16.90 7.90
9.60 16.90 7.90
9.00 15.70 7.90
9.30 15.70 7.20
8.40 14.10 7.60
8.40 14.40 6.60
8.10 13.80 7.20
8.10 13.10 6.60
7.70 13.10 6.60
8.10 12.20 6.00
6.80 12.50 6.60
7.40 12.20 5.70
6.80 11.30 5.70
7.40 11.60 6.00
6.80 10.30 5.70
6.50 11.30 5.00
6.20 9.70 5.70
6.20 10.90 4.70
6.20 9.70 4.70
5.20 9.40 4.40
6.20 9.70 4.70
5.20 8.40 4.40
5.20 8.70 3.80
5.20 8.40 4.40
4.90 7.50 3.80
4.90 8.10 3.80
4.60 6.90 3.50
4.60 7.50 3.50
4.60 5.90 3.80
4.60 6.90 3.20
4.00 6.60 3.50
4.00 5.60 3.20
4.00 5.90 3.50
3.70 5.00 2.80
3.70 5.60 2.80
3.00 5.90 2.20
3.00 4.40 3.20
3.40 5.90 2.20
3.00 5.30 2.80
3.70 5.00 2.20
3.40 4.40 2.20
3.40 4.00 2.20
3.40 4.40 2.80
3.70 4.00 1.90
3.00 3.10 1.90
3.40 4.40 1.60
2.40 3.10 1.90
3.40 4.00 1.60
2.40 3.10 1.90
3.00 4.00 1.90
2.40 2.80 1.60
3.00 3.10 1.60
2.40 3.10 1.90
2.40 2.20 1.60
2.10 4.00 1.60
2.40 2.20 1.60
2.10 2.50 1.60
2.40 3.70 1.00
1.80 1.50 1.60
2.40 3.70 1.00
2.10 2.50 1.60
2.10 2.50 0.70
2.40 2.80 1.00
2.40 2.80 1.00
2.40 2.50 1.00
1.80 2.50 0.70
1.80 2.20 0.70
0.80 2.50 0.70
2.10 1.50 1.00
1.80 2.20 0.70
0.50 1.50 1.00
1.80 2.50 0.70
0.80 1.50 1.00
1.80 2.80 0.30
0.80 1.50 1.60
0.80 1.50 0.30
0.80 1.50 0.70
1.80 1.50 0.30
0.50 1.20 0.70
1.80 1.50 0.70
0.50 1.20 1.00
0.80 1.20 0.30
0.20 1.20 0.70
0.80 0.90 0.70
0.50 1.20 1.00
0.80 2.20 0.70
0.50 0.30 0.70
0.80 1.50 0.70
0.20 0.30 1.00
0.80 1.20 0.30
0.50 1.20 1.00
0.80 0.30 0.70
0.50 1.20 0.70
1.80 0.90 0.70
0.50 0.90 0.70
0.80 0.90 0.30
0.80 0.30 0.70
0.50 1.50 0.70
0.50 0.00 1.00
0.80 1.50 0.30
0.20 0.00 0.30
0.50 1.20 0.30
0.50 1.50 0.70
0.50 -0.30 -0.60
0.50 2.20 0.70
2025 2 4 23 15 56 278
188.87 200.52 200.25 14.60 23.80 5.50 53.06 81.88 16.16 45.36 269.20 84.22 295.83 192.54 200.95 212.67
0.10 0.00 0.20
0.10 0.30 -1.10
0.40 -0.70 0.20
0.40 0.30 0.20
0.10 0.30 -0.80
0.10 -0.40 -0.80
0.10 0.30 0.20
0.10 -0.40 -1.10
-0.50 0.30 -0.80
0.10 0.00 -0.80
0.10 0.00 0.20
0.40 0.90 -1.10
0.10 -0.40 0.20
0.40 0.90 -0.80
0.10 -0.70 -0.80
0.10 0.30 0.20
-0.50 0.00 0.20
0.40 -0.40 -1.10
0.10 0.30 -1.10
0.40 -0.40 0.20
-0.50 0.00 -0.80
0.10 -0.40 -0.80
-0.50 0.30 -0.80
0.10 0.30 -1.10
-0.50 -0.70 -0.80
0.10 0.90 -0.80
0.10 -0.40 -0.80
0.40 0.30 0.20
0.10 0.30 -0.80
0.40 -0.40 -0.80
0.10 0.30 0.20
0.40 0.30 -0.80
-0.50 0.30 0.20
0.40 0.00 -1.10
0.10 -0.40 0.20
0.10 0.30 -0.80
-0.50 0.00 0.50
0.10 0.00 0.20
0.10 0.30 0.20
0.10 0.00 0.20
0.10 -0.40 -1.10
0.10 0.30 -0.80
-0.50 0.00 0.20
0.10 0.30 -0.80
0.10 0.00 0.20
0.10 0.30 -0.80
-0.50 -0.40 -0.80
0.40 0.00 -0.80
1.70 0.00 0.20
3.60 0.30 0.80
6.10 1.50 1.40
7.70 3.10 3.00
8.30 5.30 4.30
9.20 8.70 4.90
10.20 11.20 5.50
12.40 15.30 4.60
13.00 16.90 5.50
13.30 19.40 4.60
13.60 21.60 5.50
14.60 22.20 4.60
13.60 23.20 4.60
13.90 23.80 4.60
13.30 23.20 5.50
13.60 23.80 4.90
13.30 22.90 4.90
13.00 22.90 4.30
13.30 22.50 4.30
13.00 22.20 4.60
12.10 21.00 4.60
12.10 21.00 4.30
10.80 21.00 3.60
11.10 19.70 3.30
10.80 19.70 3.60
11.10 18.80 3.60
10.80 17.20 3.30
10.50 18.50 3.30
10.20 16.00 4.30
10.20 17.20 3.00
9.20 17.20 3.30
9.20 15.00 3.30
9.20 15.30 3.00
9.20 14.40 3.00
8.30 14.10 3.00
8.30 15.30 3.00
8.00 12.50 3.30
8.00 13.80 2.70
7.70 12.50 2.70
7.40 12.20 2.70
7.40 12.20 2.70
7.40 11.60 2.10
6.40 11.60 3.00
6.70 10.90 2.10
6.10 10.30 3.00
6.10 10.00 2.70
6.10 9.70 2.10
5.80 10.00 1.80
5.80 9.40 2.70
6.10 9.70 2.10
5.20 8.10 2.10
5.20 8.70 1.80
5.20 8.70 1.80
4.80 6.90 1.80
4.50 8.70 2.10
4.80 7.50 1.80
4.50 6.90 1.80
4.50 7.50 1.80
3.90 5.90 1.80
4.50 7.50 1.40
3.90 5.90 1.40
4.50 5.90 1.40
4.50 5.60 1.40
3.90 5.30 0.80
3.60 6.50 1.40
3.60 5.30 0.50
3.60 5.30 1.40
3.60 5.30 0.80
3.60 5.00 1.40
3.60 5.30 1.40
2.30 4.00 1.40
3.60 4.30 0.80
3.00 4.30 0.80
3.30 4.30 0.80
3.00 4.00 1.40
3.30 4.00 0.50
3.00 3.10 0.50
3.00 4.00 0.50
3.00 3.10 0.80
2.30 3.10 0.50
2.30 3.10 0.80
2.30 2.80 0.80
2.00 3.70 0.50
2.30 2.80 0.50
2.00 2.80 0.80
2.30 3.10 0.20
2.00 2.20 0.50
2.00 3.10 0.80
2.00 2.50 0.20
2.00 2.80 0.20
2.00 2.80 1.40
2.00 2.20 -0.80
0.80 2.50 0.50
2.00 2.20 0.20
2.00 2.50 0.80
1.70 2.20 0.50
2.30 1.50 0.80
2.00 2.50 0.20
0.80 1.20 0.50
1.70 2.50 0.20
0.80 1.20 0.50
1.70 2.20 0.50
0.40 1.50 0.80
1.70 1.20 -0.80
1.70 2.50 0.50
1.70 1.20 0.20
0.80 2.20 0.20
1.70 1.50 -1.10
0.80 0.90 0.80
0.80 2.50 -0.80
0.40 0.30 0.50
0.10 1.50 -0.80
0.10 1.20 0.50
0.40 0.30 0.20
0.80 2.20 0.50
0.40 0.30 0.20
0.40 1.50 0.20
0.80 1.20 0.20
0.40 0.30 0.20
0.80 2.20 -0.80
0.80 0.90 0.50
0.40 1.20 0.20
0.40 1.20 0.50
1.70 0.90 0.20
0.10 1.50 0.20
0.80 1.20 0.20
0.40 0.90 0.20
0.40 1.20 0.20
0.40 0.90 0.20
0.80 0.90 -0.80
0.40 1.20 0.50
0.40 0.30 0.20
0.10 0.00 0.20
0.40 0.90 0.50
0.40 0.30 0.50
0.40 0.90 -0.80
0.10 1.50 0.20
0.40 0.00 0.50
0.10 1.20 0.50
0.40 1.20 -1.10
0.10 0.00 0.20
0.40 1.20 -0.80
0.10 0.90 0.50
0.40 0.90 0.20
0.10 0.90 0.50
0.10 0.30 0.20
0.10 0.90 0.20
0.40 0.30 -0.80
0.10 0.30 -0.80
0.10 0.30 -1.10
0.10 0.30 0.20
0.10 0.30 -0.80
2025 2 4 23 19 46 295
200.56 190.55 207.00 23.90 27.80 7.50 82.54 96.62 28.14 37.99 8.52 75.81 350.07 200.87 190.20 216.00
-0.60 1.10 0.90
0.00 -0.10 0.90
0.00 0.20 0.90
0.00 1.10 -0.40
-0.90 -0.10 0.60
0.00 0.50 0.90
0.00 -0.10 0.60
0.00 1.40 -0.40
-0.60 -0.10 0.60
0.00 0.50 0.90
-0.60 0.50 0.60
0.00 0.50 0.60
0.00 1.10 0.60
0.00 0.20 0.60
-0.60 0.50 0.60
0.00 0.50 -0.40
0.00 -0.10 0.60
0.00 1.10 0.60
-0.60 -0.10 0.60
0.00 1.10 -0.40
-0.60 0.20 0.60
0.00 -0.10 -0.40
0.00 0.20 0.60
0.40 0.50 -0.40
0.00 0.20 0.60
0.40 0.50 -0.40
-0.60 0.50 0.60
0.00 0.20 0.60
0.00 0.20 0.60
0.00 -0.10 0.60
-0.60 0.50 -0.40
0.00 1.10 -0.40
-0.60 0.20 0.60
-0.60 0.50 -0.40
0.00 0.20 0.90
0.00 0.50 -0.70
0.00 -0.50 0.60
0.00 -0.10 0.60
0.00 0.20 0.90
0.00 -0.10 -0.40
-0.60 0.50 0.60
0.00 0.20 -0.40
0.00 -0.10 0.60
0.40 0.50 0.60
0.00 -1.10 0.60
0.70 0.50 0.60
0.00 0.20 0.60
-0.60 0.20 0.60
-0.60 1.10 0.60
0.00 3.90 -0.40
0.70 10.20 0.60
3.20 14.00 0.60
6.00 17.40 1.80
10.70 20.30 3.70
14.80 21.50 5.00
17.30 25.60 5.90
20.10 23.40 6.50
22.90 26.20 6.50
23.30 26.80 7.50
23.30 26.20 6.80
23.30 27.80 6.50
23.60 24.60 7.50
23.90 26.80 6.80
23.30 25.60 6.80
22.90 23.40 6.50
21.70 25.30 6.20
20.80 22.40 6.50
20.80 23.40 5.90
20.40 22.40 5.90
19.50 21.80 5.90
18.90 22.40 5.30
18.90 20.30 5.30
18.20 21.20 5.30
17.90 19.00 5.00
16.70 19.00 5.00
17.60 19.60 4.60
16.00 17.40 5.00
16.40 18.70 4.00
15.70 15.90 4.00
15.10 17.40 4.60
15.10 15.90 4.00
14.80 14.60 4.00
14.50 15.90 4.00
13.80 13.40 3.70
13.50 14.60 3.70
13.20 14.00 3.70
12.30 12.70 3.70
12.90 14.30 3.70
12.00 11.80 3.10
11.00 13.00 3.10
10.40 12.40 3.40
10.40 11.80 3.40
10.10 11.20 3.10
10.40 11.20 2.40
9.50 11.20 3.10
9.50 10.20 2.40
9.50 10.20 3.40
9.10 9.90 2.40
8.80 9.90 2.40
8.20 9.60 2.10
8.20 9.00 2.10
8.20 9.00 2.10
7.60 8.30 2.10
7.60 9.00 2.10
7.30 7.70 2.40
6.60 8.30 2.10
6.60 7.10 1.80
6.60 7.70 1.80
6.30 7.70 2.10
6.30 6.10 1.80
5.70 7.10 1.80
5.70 5.80 1.80
5.70 6.10 2.40
5.10 5.80 2.10
5.10 4.60 2.10
5.70 7.10 1.80
5.70 5.20 1.80
5.10 6.10 1.80
4.80 5.50 2.10
4.80 4.30 1.80
3.80 5.80 2.10
4.40 4.30 1.80
3.80 5.20 2.10
4.40 4.60 1.80
3.50 3.90 1.80
3.80 4.60 1.80
3.80 3.30 1.20
3.50 5.20 0.90
3.20 3.00 1.80
3.50 4.30 1.80
3.20 3.90 1.80
3.50 3.30 1.80
3.20 4.60 1.80
3.20 2.70 1.20
2.90 3.30 1.20
2.90 3.90 0.90
2.20 2.40 1.80
3.20 4.30 1.80
2.20 1.70 1.80
2.20 4.30 1.20
2.20 3.00 1.20
2.90 2.40 0.90
2.20 3.00 1.20
2.20 1.70 1.20
2.20 3.30 1.20
1.90 2.40 1.20
1.90 2.40 1.20
2.20 3.30 1.20
1.90 0.50 1.20
1.90 3.30 0.90
1.90 1.40 1.20
1.90 1.70 0.90
1.60 3.00 0.90
1.60 0.50 0.90
1.60 2.70 1.20
1.60 1.40 0.90
1.60 1.40 0.90
1.90 2.40 0.90
1.60 1.10 0.90
1.60 2.40 0.60
0.70 1.10 0.90
1.60 1.40 0.90
0.70 1.40 0.90
1.60 1.40 0.60
1.60 1.70 0.60
1.90 0.50 0.90
1.60 1.70 0.60
2.20 1.10 0.60
1.60 1.40 1.20
1.90 1.40 0.60
1.90 0.50 0.90
1.90 2.40 0.60
1.90 0.50 0.60
1.90 1.10 0.60
0.70 0.50 0.90
1.60 1.10 0.60
1.90 1.40 0.60
1.60 0.50 -0.40
0.70 0.50 0.90
1.60 1.40 -0.40
0.70 0.50 0.60
1.60 0.50 0.60
0.70 1.10 0.60
0.70 0.50 -0.40
0.40 0.20 0.90
1.60 1.40 0.90
1.60 -0.10 0.60
0.40 1.40 -0.40
0.70 -0.10 0.60
0.70 1.10 0.60
0.40 0.50 0.60
0.40 0.50 -0.40
0.70 1.40 0.60
1.60 -0.10 -0.40
0.00 1.40 -0.40
0.40 0.20 0.60
0.40 -0.10 0.60
0.70 1.40 -0.40
0.40 -1.10 0.90
0.40 1.70 0.60
2025 2 4 23 24 41 979
198.47 193.76 198.47 23.10 13.90 22.10 77.34 43.46 70.88 12.93 38.71 5.62 38.51 198.99 196.93 199.00
0.10 0.10 0.20
0.10 0.10 -0.80
0.10 -0.30 0.20
-0.50 -0.30 -0.80
0.10 0.10 0.50
-0.50 -0.30 -0.80
0.10 0.10 -0.80
-0.50 -0.30 0.50
0.10 -0.30 0.20
-0.50 -0.30 -0.80
0.10 -0.30 0.20
-0.50 -0.60 0.50
0.50 0.40 0.20
-0.50 -0.60 0.20
0.10 -0.30 -0.80
0.10 0.10 0.50
0.10 0.10 0.20
0.10 -0.60 0.20
0.10 -0.30 0.20
-0.50 -0.30 0.50
0.10 -0.60 0.20
0.10 -0.60 0.20
0.10 -0.30 0.20
0.10 -0.30 0.20
0.10 0.10 -0.80
-0.50 -0.60 -0.80
0.10 0.10 -0.80
-0.50 -0.60 0.20
0.10 0.10 -0.80
0.10 -0.30 0.20
0.10 -0.60 -1.10
-0.50 0.40 0.20
0.10 0.10 0.20
0.10 -0.60 -0.80
0.10 1.00 0.20
-0.50 -1.20 0.50
-0.50 0.40 -0.80
-0.50 -0.60 0.20
0.10 -0.30 -0.80
0.10 -0.30 0.20
0.10 0.10 0.20
-0.50 -0.30 0.20
0.10 -0.60 -0.80
-0.50 -0.30 -0.80
0.10 0.40 -0.80
0.10 -1.20 0.20
0.10 -0.30 0.20
0.10 -0.30 -0.80
0.10 0.10 -0.80
0.50 1.00 1.70
2.30 2.60 6.10
4.50 5.40 10.80
7.40 7.00 15.80
10.80 8.50 18.70
14.90 9.80 19.90
16.80 11.70 20.50
19.00 12.30 20.90
20.50 12.60 20.90
21.80 12.30 21.80
23.10 11.70 22.10
21.80 13.20 20.90
21.20 13.90 20.50
21.80 12.90 19.90
20.90 13.20 19.30
20.90 12.60 19.00
20.20 11.70 18.00
19.60 12.60 17.70
19.00 10.40 17.40
19.00 11.70 17.10
18.00 10.40 16.50
17.70 9.80 15.80
16.80 10.10 15.80
17.40 10.10 14.90
16.50 9.80 14.60
16.50 9.80 14.60
15.20 8.50 14.60
15.20 9.80 13.60
15.20 8.50 13.30
14.90 8.50 13.00
14.00 8.20 12.70
14.00 8.50 11.80
13.60 7.60 11.80
13.60 7.60 11.40
12.40 7.60 11.40
12.40 7.60 10.80
12.40 7.00 10.20
11.10 7.00 9.90
10.80 5.70 9.90
10.80 6.00 8.90
10.50 5.40 8.90
10.50 5.40 8.90
9.60 5.70 8.00
9.60 5.10 7.70
8.90 5.40 7.70
8.90 5.40 7.70
8.30 4.10 7.40
8.30 5.40 7.40
8.00 3.80 7.40
8.00 4.50 6.40
7.70 5.10 6.40
7.40 3.80 6.40
6.70 3.80 5.80
7.70 3.80 6.10
6.70 3.20 6.10
6.70 4.10 5.50
6.40 3.20 5.80
6.40 3.20 4.90
6.10 2.90 5.50
6.40 3.80 4.90
5.80 2.60 4.50
6.10 2.60 4.50
4.90 3.80 4.20
6.10 2.30 4.50
5.20 3.80 4.20
5.20 1.30 3.60
4.90 2.60 4.20
4.90 3.80 4.20
4.50 1.30 4.20
4.90 3.80 3.30
4.50 1.30 3.60
4.50 2.60 3.30
3.90 3.20 3.30
4.50 1.00 3.30
3.60 2.90 3.30
3.90 2.30 3.30
3.00 1.60 3.00
3.90 2.60 2.70
3.30 1.30 2.70
3.60 2.60 2.00
3.60 1.00 3.00
3.60 2.30 1.70
3.00 1.00 2.70
3.30 2.30 2.00
3.30 1.30 2.00
2.30 0.40 2.00
3.30 1.60 2.70
3.30 0.40 1.70
2.30 1.30 2.00
3.00 1.60 2.00
2.00 1.00 2.00
3.00 1.60 2.00
2.30 0.40 1.70
2.30 1.00 1.70
2.30 1.00 1.70
2.30 1.00 1.40
2.00 1.00 1.70
2.00 1.00 1.40
1.70 1.00 1.70
2.30 1.30 1.40
2.00 1.00 1.40
2.00 0.40 1.70
1.70 0.40 1.40
2.00 0.40 1.40
2.00 1.00 1.40
2.00 0.40 0.80
1.70 0.40 1.40
2.00 1.00 0.50
1.70 0.10 1.40
1.70 1.00 0.80
0.80 -0.30 1.40
2.00 1.30 0.50
0.80 0.40 1.40
1.70 0.10 1.40
1.70 1.00 0.80
0.80 0.40 1.40
1.70 0.10 0.80
1.70 1.00 1.40
0.50 0.10 1.40
2.00 1.00 0.80
0.80 0.10 0.50
0.80 0.40 0.80
0.80 0.40 1.40
1.70 0.10 0.80
0.80 0.40 0.80
0.80 0.40 0.80
0.50 0.10 0.80
0.80 0.40 0.50
0.50 0.10 0.80
0.80 1.00 0.50
0.50 -0.60 1.40
0.80 1.00 0.20
0.80 0.40 1.40
1.70 -0.30 0.50
0.80 1.00 0.50
0.80 -0.30 0.50
0.80 0.40 0.80
0.80 0.40 0.80
0.50 -0.30 0.50
0.50 1.30 0.50
0.50 -0.60 0.80
0.80 1.00 0.20
0.10 0.10 0.50
0.50 0.40 0.20
0.10 0.40 0.80
0.50 -0.60 0.50
0.10 1.30 0.80
0.10 -0.60 0.20
0.10 0.40 0.80
0.80 0.40 0.20
0.50 -0.60 0.80
2025 2 4 23 29 59 57
204.27 193.59 209.15 72.10 71.30 17.40 277.62 279.25 61.10 36.73 15.67 50.42 357.43 200.06 189.83 210.63
-0.10 -0.80 -0.80
-0.10 1.10 -0.50
0.20 -0.80 0.40
-0.70 -0.20 0.40
-0.10 -0.20 0.40
-0.10 -0.80 0.40
-0.10 0.10 -0.50
-1.00 -0.50 0.80
0.20 0.80 0.40
-0.70 -0.50 -0.80
-0.10 -0.20 -0.50
-0.10 0.10 -0.50
-0.10 -0.20 -0.50
-0.10 0.80 -0.50
-0.10 -0.50 -0.50
-0.10 0.10 0.40
0.20 0.80 -0.50
-0.10 -0.50 -0.50
0.20 0.80 0.40
-0.10 -0.50 -0.50
0.20 0.80 -0.50
-0.10 -0.20 0.40
-0.10 -0.20 -0.50
-0.70 -0.50 0.40
0.20 0.80 -0.50
-0.10 -0.50 -0.50
-0.10 -0.20 0.40
-0.10 0.10 -0.50
-0.10 -0.50 -0.50
-0.10 0.80 -0.50
-0.10 -0.20 -0.50
-0.10 -0.80 0.40
0.20 1.10 -0.80
-0.70 -0.80 0.40
-0.10 0.80 -0.50
-0.10 -0.50 0.40
-0.10 -0.20 -0.50
-0.70 0.80 -0.50
-0.10 -0.50 -0.50
-0.10 0.80 0.40
-0.10 -0.80 0.40
-0.10 0.10 -0.50
-0.10 0.10 -0.50
-0.70 -0.50 0.40
-0.10 0.80 -0.50
-0.10 -1.40 0.40
-0.10 0.80 0.40
-0.10 -0.20 0.40
0.20 1.10 -0.50
-0.10 4.20 0.40
-0.10 13.90 -0.80
2.10 29.60 0.80
8.70 41.20 2.30
20.30 56.60 6.40
33.50 64.10 8.90
46.60 69.80 11.70
59.20 71.30 13.00
66.70 71.30 14.60
72.10 71.30 15.20
72.10 71.30 16.10
72.10 71.30 16.80
72.10 71.30 17.40
72.10 71.30 16.80
72.10 71.30 17.40
72.10 71.30 16.80
72.10 71.30 16.80
72.10 71.30 16.40
72.10 70.10 16.10
72.10 70.10 15.20
70.50 67.30 14.90
68.30 65.70 14.60
66.70 65.10 13.90
64.50 61.30 13.60
62.00 61.00 13.30
60.80 58.50 13.00
59.20 56.90 12.40
56.70 56.60 11.70
55.70 54.10 12.10
55.10 52.80 11.10
53.20 50.30 12.10
52.30 49.40 11.10
50.70 48.80 11.10
49.20 46.60 9.50
48.20 46.60 10.50
46.60 44.00 10.20
45.70 43.10 10.20
44.50 42.20 9.20
42.30 40.30 9.50
41.60 40.00 8.30
40.10 38.10 9.20
39.40 37.50 8.30
37.90 35.90 8.30
36.60 35.30 7.70
36.30 34.30 8.00
35.70 33.10 8.00
34.40 32.40 7.30
33.80 30.90 7.30
31.90 30.20 6.70
31.00 29.60 6.40
30.60 28.70 6.40
29.40 28.00 6.10
29.10 27.10 6.10
28.10 26.80 5.80
26.60 24.90 5.80
26.60 24.90 5.80
25.90 23.70 5.80
24.70 23.70 5.10
24.40 22.40 5.10
23.10 21.50 5.10
22.80 21.50 5.10
21.90 19.90 4.80
20.60 20.80 4.80
20.60 18.30 3.90
20.00 18.60 3.90
19.00 18.60 3.90
18.10 15.50 4.50
17.80 18.30 3.60
17.50 15.50 3.90
17.20 15.80 3.60
16.20 15.50 3.60
15.90 13.90 3.30
15.60 15.50 3.60
15.00 12.70 3.30
14.60 13.90 3.30
14.60 13.00 3.30
13.70 12.40 3.30
13.70 13.00 2.30
13.40 11.10 3.00
13.40 12.70 2.00
12.80 10.20 3.00
12.80 11.10 2.30
11.80 11.10 3.00
12.10 9.20 2.30
11.80 11.40 2.30
11.80 8.30 1.70
10.60 10.20 3.00
10.60 9.50 1.70
10.30 7.30 2.00
10.30 9.50 1.70
9.30 6.70 2.30
9.00 8.60 1.70
8.70 7.30 2.30
8.70 6.70 1.70
8.10 7.30 2.00
8.10 5.80 1.70
7.70 6.40 2.00
7.70 6.40 1.10
7.40 5.80 2.00
7.40 6.40 1.10
6.50 5.10 1.70
6.50 6.70 1.70
6.20 5.10 1.70
6.50 5.80 1.70
6.20 5.50 1.70
6.20 5.10 1.10
5.90 5.50 1.10
5.50 4.80 1.10
5.50 4.80 1.70
5.90 5.10 1.10
4.90 3.90 1.70
4.60 5.10 0.80
4.90 3.60 1.10
4.60 4.80 1.70
4.30 3.90 1.10
4.60 3.90 0.80
4.30 3.90 0.80
4.60 3.90 0.80
3.70 3.00 1.10
3.70 3.00 0.40
3.70 3.00 1.10
4.30 3.00 1.10
3.40 2.60 0.80
4.30 3.60 0.40
3.40 2.60 0.80
3.70 2.60 0.40
2.70 2.60 1.10
3.40 3.00 0.80
3.00 2.30 0.80
3.40 3.00 0.80
2.70 2.00 0.80
3.40 3.00 0.40
2.10 2.60 0.40
3.00 2.00 0.80
2.10 3.00 0.80
3.00 2.30 0.40
2.70 1.40 0.40
3.00 3.00 0.80
2.10 1.40 1.70
2.70 3.00 1.10
2.10 1.10 1.10
2.10 2.00 1.10
2.10 2.30 1.10
2.10 1.40 0.80
2.10 3.00 0.80
2.10 1.40 0.80
1.80 2.30 1.10
2.10 2.30 0.80
1.80 0.80 1.10
1.80 2.60 0.80
1.80 1.10 1.10
2025 2 4 23 37 53 538
196.12 192.77 194.40 9.00 71.60 11.90 35.34 438.85 42.71 9.56 68.69 34.33 49.67 202.55 190.48 200.34
0.20 0.30 0.60
0.20 -0.30 -0.30
-0.40 0.00 -0.60
0.20 1.00 -0.30
0.20 -0.60 0.60
0.20 1.30 -0.60
0.20 -0.60 -0.30
0.20 1.00 -0.60
-0.40 1.00 -0.30
0.50 -0.60 -0.30
0.20 0.30 0.60
0.20 -0.60 -0.30
0.20 -0.30 0.60
0.20 0.00 -0.30
0.20 -1.50 -0.30
0.20 0.30 -0.30
0.20 -1.50 -0.30
0.50 -0.60 -0.60
0.20 -0.30 -0.30
0.20 -1.20 -0.30
0.20 0.30 0.60
0.20 -0.60 -0.60
-0.40 -0.30 0.60
0.50 0.00 -0.60
-0.70 -0.60 -0.30
0.20 0.30 0.60
-0.40 -0.30 0.90
0.20 0.30 0.60
-0.40 0.30 0.60
0.20 0.00 -0.60
0.20 1.30 -0.30
0.20 0.30 0.60
0.20 0.30 -0.30
0.20 0.00 -0.60
0.20 1.00 -0.30
0.20 0.00 -0.30
0.20 -0.60 -0.30
0.20 0.30 -0.30
-0.40 -0.60 0.60
0.20 0.30 -0.30
-0.40 -0.30 -0.30
0.20 -1.20 -0.30
-0.40 0.30 0.60
0.20 -0.60 0.60
0.20 -0.60 0.60
0.50 0.00 -0.30
0.20 -1.20 0.60
0.20 0.00 -0.60
-0.40 -0.30 1.30
0.50 1.00 3.10
0.80 17.30 4.70
3.00 48.70 8.20
4.90 71.60 9.70
6.50 71.60 10.70
6.80 71.60 11.30
7.70 71.60 11.30
8.40 71.60 11.30
8.40 71.60 11.90
9.00 71.60 11.30
9.00 71.60 11.30
8.40 71.60 11.30
9.00 71.60 10.70
8.10 71.60 10.70
8.10 71.60 10.40
8.40 71.60 9.70
8.10 71.60 9.70
7.70 71.60 9.70
8.10 71.60 9.10
7.70 71.60 9.40
7.70 71.60 8.50
6.80 71.60 8.50
6.80 71.60 8.20
6.50 71.60 8.50
6.20 71.60 7.80
6.20 71.60 7.80
6.20 71.60 7.50
6.20 71.60 7.80
6.80 71.60 7.50
6.50 71.60 7.50
6.20 71.60 6.90
6.20 71.60 6.60
6.20 71.60 6.60
5.20 71.60 6.60
5.20 71.60 6.30
5.20 71.60 6.30
5.20 71.60 5.30
4.60 71.60 6.00
5.20 71.60 6.00
4.60 71.60 6.30
4.90 71.60 5.00
4.60 71.60 5.00
4.60 71.60 5.00
4.00 71.60 5.30
4.00 71.60 5.00
4.00 71.60 4.70
4.60 70.00 4.70
3.40 67.50 4.70
3.70 66.80 4.10
3.40 64.00 4.10
3.70 63.40 4.10
3.70 60.60 4.10
3.70 59.00 3.80
3.70 57.70 3.80
3.40 55.60 3.10
3.40 54.60 3.80
3.70 52.40 3.50
3.40 50.50 4.10
3.40 50.20 3.50
3.00 47.40 3.80
3.00 47.10 3.10
3.00 45.80 3.50
3.00 43.00 3.10
3.40 42.70 3.50
3.40 40.50 3.10
2.40 39.90 3.10
3.40 38.90 2.50
2.40 36.70 2.50
3.00 37.00 2.20
2.40 34.20 2.50
2.10 33.90 2.50
2.40 33.30 2.50
2.40 31.70 2.20
2.10 31.40 2.20
2.10 30.50 1.90
1.80 29.80 2.50
2.40 28.30 1.90
1.80 27.60 2.50
1.80 28.30 1.90
2.40 25.40 2.20
2.40 26.70 1.90
1.80 24.20 2.50
1.80 24.50 1.90
0.80 24.20 1.90
2.10 22.30 1.90
2.10 23.90 2.20
2.10 22.60 0.90
1.80 21.40 1.90
2.40 21.70 1.90
1.80 19.80 1.90
1.80 20.40 1.30
1.80 19.50 1.90
1.80 18.20 0.90
0.50 18.20 1.30
0.80 17.30 1.30
0.50 17.00 1.30
0.80 15.70 0.90
0.80 15.10 1.90
0.50 15.10 0.90
0.50 14.10 1.30
1.80 13.80 0.60
0.50 13.80 1.30
1.80 13.20 0.90
0.20 13.20 0.90
0.80 12.90 0.90
0.50 12.90 1.30
0.80 11.60 0.60
0.20 12.30 1.30
0.80 12.60 0.60
0.20 10.40 0.90
0.50 11.60 0.60
0.20 10.40 0.90
0.80 10.40 0.60
0.50 11.00 0.60
0.80 10.10 0.60
0.20 10.40 0.60
0.50 10.10 0.90
0.50 10.10 0.60
0.50 10.10 0.60
0.50 8.50 0.60
0.50 9.70 -0.30
-0.40 8.50 0.60
0.50 8.80 0.60
0.20 8.50 0.60
0.80 7.60 0.60
0.20 8.20 0.60
0.20 6.90 0.90
0.50 7.60 0.90
0.50 6.90 -0.30
0.50 6.00 0.60
0.50 6.60 0.60
0.20 5.40 0.60
0.80 6.60 0.60
0.20 6.00 0.60
0.50 5.40 -0.30
0.20 5.70 0.60
0.50 5.70 -0.30
0.20 5.40 0.60
0.50 6.00 0.60
0.20 5.00 -0.30
0.20 5.70 -0.60
0.50 5.00 0.90
0.50 5.00 -0.30
0.20 5.40 0.90
0.50 4.40 0.60
0.20 5.40 0.90
0.50 4.10 0.90
-0.40 4.10 0.90
0.50 5.00 0.60
0.20 3.20 0.60
0.20 4.40 -0.30
2025 2 4 23 43 19 976
190.37 193.80 201.02 10.10 35.90 57.90 33.41 127.86 202.20 31.18 301.03 31.15 64.78 202.80 192.14 198.10
-0.50 0.10 0.50
0.10 0.40 -0.50
0.40 -0.20 -0.50
0.40 0.10 -0.50
0.10 -0.20 -0.50
0.40 0.10 -0.50
0.10 -0.20 0.50
0.40 0.10 -0.50
0.40 -0.20 -0.50
0.10 0.10 -0.50
0.40 -0.20 -0.50
0.70 0.10 -0.50
0.10 0.10 0.50
0.70 0.40 -0.50
0.10 -0.20 0.80
0.40 0.10 0.50
-0.50 0.10 -0.80
0.10 0.10 -0.50
0.10 0.10 -0.50
0.10 0.10 -0.50
0.10 0.10 0.80
0.40 1.10 -0.50
0.10 -0.20 -0.50
0.40 0.10 0.50
-0.50 0.10 0.50
0.10 0.40 0.50
0.40 0.10 -0.50
0.40 0.10 -0.80
0.10 0.10 0.50
0.40 1.10 0.50
0.10 -0.50 0.50
0.10 0.10 0.50
0.10 0.10 -0.50
0.10 0.10 -0.50
0.10 0.40 0.80
0.40 -0.20 0.50
0.10 -0.20 0.50
0.40 1.40 -0.80
0.40 -0.50 0.50
0.40 0.40 -0.50
-0.50 0.10 -0.50
0.10 0.10 -0.50
-0.50 0.40 0.50
0.10 0.10 -0.50
0.10 0.40 -0.50
0.10 0.10 -0.50
0.10 0.40 -0.80
-0.50 0.40 -0.50
0.10 -0.20 -0.50
2.00 1.70 1.70
3.20 6.70 8.00
4.50 13.00 22.10
4.80 17.40 35.90
6.40 21.20 46.00
7.30 26.80 51.00
9.20 29.00 55.10
8.20 31.80 57.90
10.10 31.80 57.90
9.50 34.00 57.90
10.10 34.60 56.90
8.90 35.60 56.90
8.90 35.90 56.30
8.90 33.40 55.40
9.20 34.60 54.10
8.20 33.10 53.20
8.90 33.10 51.30
8.20 33.40 50.40
7.60 31.20 48.50
7.60 31.50 47.50
7.60 29.90 46.00
6.70 29.60 44.70
7.60 29.00 43.50
6.40 27.40 41.90
6.70 28.40 40.30
6.40 26.20 39.40
6.70 26.20 39.10
5.70 24.30 38.10
6.40 24.60 37.80
6.10 23.40 36.90
6.10 22.40 35.30
6.10 22.70 34.70
5.70 21.20 33.70
5.10 21.50 33.40
5.10 20.50 31.80
4.50 19.00 31.20
5.10 19.90 29.70
5.10 18.30 29.00
4.80 18.60 28.40
3.90 17.70 28.10
4.50 17.70 26.80
4.50 17.10 26.50
4.80 16.10 26.20
3.90 15.80 25.30
4.50 15.20 24.00
3.90 14.60 23.70
3.90 14.30 22.40
3.20 13.90 22.10
3.90 14.30 20.90
3.20 13.00 20.60
3.50 13.00 19.60
2.90 12.40 19.60
3.20 12.40 19.00
3.20 11.40 18.00
2.90 11.40 17.70
2.90 11.40 17.40
2.90 10.50 16.50
2.00 10.20 16.20
3.20 10.20 15.80
2.00 9.90 14.90
2.30 9.90 14.00
2.30 9.50 14.60
2.30 9.90 14.00
2.30 7.70 13.70
2.30 8.90 13.00
2.00 8.60 13.00
2.30 7.70 12.10
2.00 8.60 12.10
2.00 7.00 12.10
2.00 7.70 11.10
1.70 7.00 10.20
1.70 5.80 10.50
2.00 7.00 9.60
2.00 5.80 9.30
1.70 6.70 9.30
0.70 5.80 9.60
1.70 6.10 8.30
1.70 5.80 8.30
1.70 5.50 8.00
0.70 5.80 8.00
1.70 4.20 7.70
0.70 5.50 7.70
0.40 5.20 7.40
0.40 4.20 7.40
1.70 5.80 6.70
1.70 3.00 7.40
1.70 5.50 6.40
0.40 4.20 6.40
0.70 3.30 6.40
0.70 5.20 5.80
0.70 3.00 6.10
0.40 4.20 5.80
0.70 3.30 5.80
0.70 3.30 5.20
1.70 3.90 4.90
0.10 2.60 5.20
0.40 4.20 4.90
0.40 2.30 4.90
1.70 3.30 4.60
0.10 2.60 5.20
1.70 3.00 3.90
0.40 3.30 4.60
0.40 1.70 3.90
0.70 3.30 4.60
0.70 1.70 3.90
0.10 2.60 3.60
0.70 3.00 3.60
0.40 1.70 3.60
0.10 3.30 3.30
0.40 1.10 3.30
0.70 2.30 3.30
0.40 2.30 3.00
0.70 1.40 3.30
0.10 3.30 3.00
0.40 1.40 3.00
0.40 2.30 3.00
0.40 2.30 2.40
0.40 1.40 3.00
0.40 2.30 2.40
0.10 1.40 3.30
0.40 2.60 2.40
-0.50 1.10 3.00
0.70 1.70 2.40
0.10 1.40 2.40
0.10 1.40 2.40
0.10 1.40 3.00
0.10 1.40 2.00
0.10 1.40 2.40
0.40 1.10 2.00
0.10 1.40 2.40
-0.50 1.10 2.00
-0.50 1.40 1.70
0.10 1.40 2.40
0.10 0.40 2.00
0.10 1.70 1.70
0.10 0.40 2.00
0.40 1.10 2.00
0.10 1.70 2.40
0.10 0.40 2.00
0.10 1.40 1.70
0.40 0.10 2.00
0.10 1.40 2.00
0.70 1.40 1.70
0.40 0.10 2.00
0.70 1.70 1.70
0.70 -0.20 1.70
0.70 1.70 1.70
0.70 1.10 1.70
0.10 1.10 2.00
0.40 1.10 2.00
0.70 0.10 1.10
2025 2 4 23 46 44 91
204.41 209.72 201.27 72.20 71.30 59.50 274.46 275.79 197.97 18.53 190.42 18.86 205.41 199.72 206.06 198.17
0.30 1.10 -0.40
-0.60 -0.80 0.50
0.00 0.70 -0.40
0.00 -0.50 0.80
0.00 -0.50 0.50
0.00 1.10 1.10
0.30 -0.80 0.80
0.00 0.10 0.80
0.30 -0.20 0.50
0.00 -0.20 0.80
0.30 0.70 0.50
0.30 -1.50 0.80
0.00 1.40 0.50
-0.60 -0.80 0.50
0.70 -0.20 -0.40
0.00 0.70 0.80
0.00 -0.20 0.50
0.00 0.70 0.50
0.00 -0.80 -0.40
0.30 0.70 0.50
0.00 -0.20 0.50
0.30 -0.80 0.80
0.00 0.70 0.50
0.00 -0.50 0.50
0.00 0.70 -0.40
0.00 -0.20 0.50
0.00 -0.20 0.80
0.00 0.10 0.50
0.30 -0.80 -0.40
0.00 -0.20 -0.40
0.00 -0.50 0.50
0.00 -0.20 0.80
0.70 -0.20 -0.40
0.00 -0.50 0.50
0.00 -0.20 -0.40
0.30 -0.50 0.50
0.30 -0.20 -0.80
0.00 -0.20 0.80
0.30 -0.20 -0.40
0.00 -0.50 0.50
0.30 0.10 -0.40
0.30 -0.50 -0.40
0.30 -0.20 -0.40
0.00 -0.50 0.50
0.30 -0.20 0.50
0.00 0.10 0.50
0.00 -0.50 0.50
0.00 0.10 1.10
0.00 0.10 0.80
0.30 -0.80 1.80
0.70 0.10 7.70
2.90 -0.80 20.90
8.80 0.70 35.00
19.50 3.60 44.10
31.70 13.60 49.40
44.90 25.80 54.80
55.20 38.10 57.00
63.40 50.00 59.50
69.70 58.20 59.20
72.20 65.70 57.60
72.20 71.30 57.00
72.20 71.30 56.00
72.20 71.30 54.80
72.20 71.30 52.60
72.20 71.30 51.90
72.20 71.30 50.40
72.20 71.30 49.10
71.90 71.30 47.90
70.30 71.30 46.60
69.10 71.30 45.00
67.50 71.30 43.50
65.30 70.40 42.20
63.10 69.40 41.00
61.20 67.30 39.70
59.60 66.60 38.50
58.40 64.10 37.80
56.50 63.20 37.80
55.20 61.00 36.60
54.90 59.40 36.30
53.40 58.20 33.80
52.40 56.00 34.70
51.80 55.00 32.50
49.60 54.10 31.20
48.30 51.30 30.60
47.40 50.30 29.00
45.20 48.40 28.40
44.60 46.90 27.80
42.10 46.50 26.50
41.80 42.80 26.20
40.20 43.10 25.30
39.20 42.20 24.70
38.00 39.60 23.70
37.40 39.60 23.40
36.10 37.10 23.10
35.80 37.10 20.90
33.90 35.60 20.60
32.00 34.30 20.30
31.70 33.70 19.60
30.80 32.10 19.00
29.50 32.40 18.10
29.20 30.90 18.10
28.00 29.90 17.80
27.30 28.70 16.80
26.40 28.00 16.50
25.10 28.00 16.20
25.10 25.80 16.20
24.50 26.50 14.90
23.20 25.20 14.90
22.90 24.00 14.00
21.70 23.60 13.70
21.10 22.70 13.70
20.40 23.00 13.00
20.10 21.40 13.00
19.20 21.10 12.40
18.90 20.20 12.10
17.60 19.60 12.10
17.60 19.90 11.20
17.30 18.60 11.20
16.70 18.60 10.20
16.30 17.40 10.20
16.00 17.40 9.30
15.70 15.80 9.60
14.80 15.80 9.60
14.50 15.50 9.30
13.80 15.50 9.00
13.20 13.90 9.00
13.20 13.90 8.30
12.30 13.60 8.30
12.30 12.40 7.40
11.00 13.00 8.00
11.00 12.00 7.40
10.70 12.00 7.70
10.70 12.40 6.80
10.10 10.20 6.80
10.10 11.40 6.80
9.40 9.80 6.50
9.10 9.50 6.10
8.80 9.80 6.10
8.20 9.20 5.80
8.20 9.80 5.80
8.20 8.60 5.80
7.90 8.60 6.10
7.90 8.60 5.80
7.90 7.30 5.20
7.90 8.30 4.90
6.60 7.30 5.20
7.20 8.60 4.90
6.30 7.30 4.90
6.60 8.00 4.60
6.00 6.70 4.90
6.00 6.40 3.90
6.00 7.30 3.90
5.70 5.40 3.90
5.10 6.40 3.90
6.00 5.80 3.60
4.70 5.10 3.60
5.10 6.40 3.60
4.70 4.80 3.60
5.70 5.40 3.60
5.10 5.10 3.60
5.10 4.80 3.30
4.40 5.10 3.60
4.70 4.80 3.00
4.40 4.20 3.30
4.70 4.20 3.00
3.80 3.90 3.00
3.80 4.20 3.00
3.80 3.90 3.00
4.40 3.90 3.00
3.80 3.90 3.00
4.40 3.60 3.00
3.20 3.60 2.40
3.50 2.90 2.10
3.50 2.90 2.40
3.20 3.60 2.10
3.50 2.30 2.40
3.20 2.90 1.80
2.90 2.90 2.10
3.20 2.60 1.80
2.90 2.90 1.80
2.90 2.60 2.10
3.20 2.30 2.10
3.20 2.90 1.80
2.90 2.00 1.80
3.50 2.90 1.10
3.50 2.00 1.80
3.50 2.30 1.10
3.20 2.00 2.10
3.50 2.00 1.80
3.20 2.30 1.80
3.50 2.00 1.80
2.90 2.30 1.80
2.90 2.00 1.10
2.90 2.00 1.80
3.20 2.00 1.10
2.90 1.10 1.80
3.20 2.00 1.10
2.90 1.10 1.80
2.90 2.00 1.10
2.90 1.40 1.80
2025 2 4 23 53 6 851
204.70 196.41 199.37 29.10 57.20 17.80 102.52 200.28 67.70 25.58 75.27 35.69 52.34 204.12 191.66 201.29
0.20 -0.20 -0.10
0.50 -0.20 -0.10
0.20 -0.80 -0.40
0.50 -0.20 -0.10
-0.40 -0.80 -0.40
-0.40 -0.50 0.90
0.20 0.10 0.90
-0.40 -2.10 0.90
0.50 0.70 -0.10
0.20 -0.50 -0.10
0.20 -0.80 0.90
0.20 -0.50 -0.40
0.20 -0.20 -0.10
-0.40 0.10 -0.10
0.20 -0.50 0.90
0.20 0.10 -0.10
0.50 -0.20 -0.10
0.20 -0.20 -0.10
0.20 -0.20 -0.10
0.20 -0.80 -0.10
0.20 0.70 -0.10
-0.70 -0.50 -0.10
0.20 -0.20 -0.10
-0.40 0.10 -0.10
0.20 -0.80 -0.10
0.20 0.10 -0.10
0.20 -0.20 1.20
0.20 -0.50 0.90
0.20 0.10 -0.10
-0.40 -0.50 -0.10
0.20 0.10 0.90
0.20 -0.50 0.90
0.20 0.10 -0.10
-0.40 -0.20 0.90
0.20 -0.50 -0.10
0.20 -0.20 0.90
0.20 -0.20 -0.10
0.20 -0.50 0.90
0.50 -0.20 -0.10
-0.40 -0.80 0.90
0.20 0.10 1.20
0.20 -0.20 1.20
0.90 -0.20 0.90
-0.40 0.10 -0.10
0.20 -0.80 0.90
0.20 0.10 -0.10
0.20 -0.20 0.90
-0.40 -0.80 -0.40
0.50 1.10 -0.10
-0.40 2.30 1.20
0.20 7.30 4.00
0.90 13.00 7.10
2.40 18.60 10.60
8.10 28.30 14.40
14.00 34.30 16.60
17.80 40.30 16.60
23.10 46.50 17.80
24.70 50.30 17.20
26.60 54.10 16.90
27.50 54.40 17.80
28.50 56.00 16.90
28.50 55.60 17.20
29.10 57.20 16.60
28.20 56.60 16.60
27.80 55.60 16.20
27.80 55.60 16.60
27.50 52.80 16.20
26.00 52.80 15.30
26.00 50.90 15.00
25.30 49.40 15.30
25.30 49.40 14.40
24.10 46.50 14.40
23.80 45.90 14.00
23.10 45.00 13.40
21.30 42.50 13.70
20.90 42.20 12.80
20.90 40.30 12.80
19.70 39.30 12.80
20.30 38.40 12.50
19.70 36.80 12.50
19.40 36.80 11.50
18.10 34.30 11.50
18.10 34.30 10.90
17.50 33.10 10.00
16.90 32.40 10.00
16.50 32.40 10.00
16.20 30.20 9.30
15.90 30.20 9.30
15.30 29.90 9.30
15.30 28.00 8.40
14.70 28.70 8.40
13.70 26.50 8.10
13.70 26.50 8.10
13.10 26.50 7.80
13.10 23.60 7.10
12.20 24.30 7.10
12.50 22.70 6.80
10.90 22.70 6.80
11.20 22.10 7.10
10.60 21.10 6.50
10.90 21.10 5.60
10.30 19.90 6.20
10.60 19.60 5.60
9.30 18.60 5.60
9.30 18.30 5.30
9.00 18.00 5.60
9.00 17.10 5.30
8.10 15.80 5.30
8.10 15.50 4.30
7.80 15.50 4.90
7.80 14.20 4.00
7.40 13.90 4.30
7.80 14.20 4.30
6.80 13.00 4.30
7.40 13.00 4.00
6.50 12.70 3.70
6.50 12.30 4.00
6.20 12.30 3.70
6.20 12.00 4.00
5.90 11.10 3.70
6.20 11.40 3.70
6.20 10.20 3.70
5.30 10.20 3.70
4.90 10.20 3.70
5.30 9.50 2.70
4.60 10.20 3.70
5.30 8.60 2.70
4.00 8.60 2.70
4.90 8.60 2.70
4.00 8.00 2.70
4.00 8.60 2.10
3.70 6.70 2.70
4.60 8.00 2.40
3.40 7.30 2.70
4.00 6.70 2.10
3.40 8.00 2.40
3.70 5.40 2.10
3.70 7.30 2.40
3.40 6.40 2.70
3.40 5.10 2.10
3.10 6.40 2.40
2.40 4.80 2.10
3.10 5.10 2.10
3.10 5.10 2.40
3.40 4.80 2.10
2.40 5.10 2.10
3.10 4.20 2.10
2.40 5.10 2.10
2.40 4.20 2.10
2.40 4.80 1.50
2.10 4.20 1.50
2.10 2.90 1.50
2.40 5.10 1.50
1.80 2.90 1.50
3.10 4.20 1.50
1.80 2.90 1.50
2.10 2.90 1.50
2.40 4.20 1.50
2.10 2.60 1.20
2.10 3.90 1.50
1.80 2.90 1.20
0.90 2.90 1.50
2.10 3.60 1.50
1.80 2.60 1.20
0.90 2.90 1.20
1.80 2.60 1.50
1.80 2.30 1.20
1.80 2.60 1.20
1.80 2.30 1.20
1.80 2.00 1.20
1.80 2.30 0.90
1.80 2.00 0.90
0.90 1.40 1.20
1.80 2.00 1.20
1.80 2.60 0.90
0.50 1.40 1.20
0.90 2.30 1.20
1.80 2.00 1.20
0.90 2.30 0.90
0.90 2.00 1.20
0.90 2.00 1.20
0.90 1.40 0.90
1.80 2.00 0.90
0.50 2.00 1.20
1.80 0.70 0.90
0.50 2.00 0.90
0.90 1.10 0.90
0.50 1.10 0.90
0.90 2.00 0.90
0.50 1.10 0.90
0.90 1.10 -0.10
0.50 1.10 -0.10
0.50 1.10 0.90
0.20 1.10 1.20
0.50 1.10 0.90
0.50 1.10 0.90
0.90 1.10 -0.10
0.20 1.10 1.20
0.50 1.10 0.90
0.50 1.10 -0.10
2025 2 4 23 59 57 13
207.96 197.46 205.73 30.80 71.50 15.10 107.06 260.84 53.34 29.41 51.44 42.05 31.24 207.14 193.50 208.97
0.40 -0.60 0.60
0.10 0.30 -0.60
0.40 0.00 0.60
0.10 0.00 -0.30
-0.60 0.00 0.60
0.10 -0.30 -0.30
0.40 0.90 -0.30
-0.60 -0.60 -0.30
0.10 0.90 -0.30
0.10 -0.30 -0.60
0.10 0.00 -0.30
0.10 0.30 -0.30
-0.60 -0.30 -0.30
0.10 0.00 0.60
0.10 0.00 -0.30
0.10 -0.30 -0.30
0.10 0.00 -0.30
0.10 0.00 -0.30
0.70 0.30 -0.60
0.40 0.00 -0.30
0.70 0.00 -0.60
0.40 0.00 0.60
0.10 0.00 -0.30
0.10 0.30 -0.60
0.40 -0.30 -0.30
0.10 0.00 0.60
0.10 1.30 -0.30
0.40 -0.30 -0.30
0.40 0.30 -0.60
0.10 -0.30 -0.30
0.10 0.00 0.60
0.10 1.30 0.60
0.40 -0.60 -0.30
0.10 0.30 0.60
0.70 0.00 -0.30
0.10 -0.30 0.60
0.40 0.30 0.60
0.10 -0.60 -0.60
0.10 0.00 0.60
0.40 0.30 1.20
0.70 -0.60 0.60
0.10 0.30 0.60
0.10 0.30 -0.30
0.10 0.00 -0.30
0.10 0.00 -0.30
0.40 -0.30 -0.30
0.40 0.30 -0.30
-0.60 0.00 0.60
0.70 0.00 -0.30
0.10 1.60 -0.30
0.40 5.00 0.60
0.10 14.40 2.20
0.70 25.40 4.10
3.80 38.90 7.80
9.50 47.70 9.70
15.70 55.80 11.90
20.10 63.40 13.80
23.90 67.10 14.10
27.40 70.60 15.10
29.20 71.50 14.70
30.80 71.50 15.10
30.50 71.50 14.70
30.80 71.50 14.10
30.20 71.50 14.10
30.50 71.50 13.80
29.60 70.00 13.80
29.20 69.00 13.20
28.30 67.10 13.20
28.30 66.20 12.50
27.40 63.40 12.20
26.40 61.80 12.20
25.80 60.60 11.30
25.20 57.10 10.70
24.80 57.40 10.70
23.60 55.20 10.30
23.00 53.30 9.70
23.30 53.00 9.70
21.70 49.90 9.70
21.10 50.50 9.40
20.80 48.30 9.10
21.10 46.10 9.10
19.50 46.10 8.50
19.50 43.00 8.20
18.90 43.00 8.20
18.90 41.10 7.80
17.30 39.80 7.80
17.30 39.80 7.50
16.70 37.30 6.90
16.40 37.60 6.90
15.10 35.50 6.90
16.10 34.50 6.30
14.80 33.30 6.60
14.50 32.60 6.00
13.90 31.70 6.00
13.90 30.40 6.00
12.90 30.10 6.30
12.90 28.60 6.00
12.00 28.20 5.30
12.00 28.20 5.30
10.70 26.70 4.70
11.00 26.00 5.00
10.40 26.00 5.00
10.10 24.20 4.70
9.50 24.50 5.00
10.10 22.60 4.70
9.50 22.30 4.10
9.50 22.30 4.10
8.80 20.40 4.70
8.80 21.60 3.80
7.90 19.80 4.70
8.20 20.10 3.80
7.90 18.80 3.80
7.60 18.20 3.80
7.30 18.50 3.80
7.30 16.90 3.40
6.70 17.30 3.40
6.70 16.00 3.40
6.30 14.40 3.40
6.30 16.00 3.10
6.30 13.20 3.10
6.00 15.10 3.40
6.00 13.80 3.40
5.70 12.60 2.50
5.10 14.10 3.10
5.70 11.60 3.10
4.80 12.60 3.10
5.10 12.60 2.50
4.80 11.00 3.10
4.80 11.60 3.10
4.50 9.70 3.10
4.50 11.00 2.50
3.80 9.70 2.20
4.50 9.70 2.20
3.50 9.70 2.50
4.50 8.80 2.50
3.80 9.70 2.20
3.80 8.50 2.20
3.20 8.50 2.20
3.50 8.50 1.90
3.80 7.50 2.20
3.50 8.20 1.90
2.90 6.60 2.20
3.20 6.90 1.90
2.90 6.90 1.90
3.20 6.60 1.90
3.20 6.00 1.90
2.90 6.00 1.90
2.30 5.60 1.90
3.20 6.00 1.90
2.30 5.30 1.90
2.30 5.60 1.90
2.30 5.60 1.20
2.30 5.00 1.90
2.30 5.60 1.90
2.30 5.00 1.20
2.30 5.30 1.90
2.30 5.00 1.20
2.30 4.10 1.20
1.90 5.00 0.90
1.90 3.10 1.90
1.90 5.30 1.20
1.90 4.10 1.20
1.90 3.80 0.90
1.60 5.00 0.90
1.90 2.80 1.20
1.90 4.10 1.20
1.90 3.10 0.90
1.90 2.80 1.20
1.90 4.10 0.60
1.60 2.50 1.90
1.90 4.10 0.90
1.60 2.50 0.90
1.60 2.80 0.90
0.70 3.10 0.90
1.90 1.60 0.90
0.70 2.80 0.60
1.90 2.20 0.90
0.70 2.80 0.90
0.40 2.80 0.60
0.40 2.20 0.90
0.70 3.80 0.90
0.40 2.20 0.90
1.60 3.10 0.90
0.40 2.80 0.90
1.60 2.20 0.60
0.70 3.10 -0.30
0.40 2.20 0.90
0.70 2.50 -0.30
0.70 3.10 0.60
0.40 1.30 1.20
0.70 3.80 0.60
0.40 1.60 -0.30
1.60 2.80 0.60
0.10 2.80 0.60
0.70 1.30 0.90
0.40 3.10 0.60
0.40 1.60 0.60
0.40 2.20 0.60
0.40 2.50 0.60
0.70 1.30 0.60
2025 2 5 0 14 13 456
197.63 200.76 193.23 72.10 18.20 13.50 290.98 60.02 43.94 16.43 170.23 29.77 234.52 193.92 204.50 196.71
0.20 -0.30 0.40
-0.10 -0.60 0.40
0.20 0.90 -0.60
-0.10 -1.60 -0.90
-0.10 0.90 -0.60
-0.10 -0.30 0.40
-0.10 -0.60 -0.60
-0.10 1.30 -0.60
-0.10 -1.30 -0.60
-0.10 1.30 -0.60
-0.10 0.00 -0.60
-0.70 -0.60 -0.60
-0.10 1.30 0.40
-0.70 -0.60 -0.60
-0.10 0.30 -0.90
-0.10 0.00 0.40
-0.10 -0.30 -0.90
-0.10 0.90 0.40
0.20 -0.60 0.40
-0.70 0.30 -0.60
-0.10 -0.60 -0.60
-0.10 0.30 -0.60
-0.10 -0.30 -0.60
-0.70 -0.60 -0.60
-0.10 0.90 -0.60
-0.10 -1.30 -0.60
-0.10 0.90 -0.60
-0.70 -0.30 0.40
-0.10 0.30 -0.60
-0.10 0.90 0.40
-0.70 -0.60 -0.60
-0.70 0.00 0.40
-0.10 0.00 -0.60
-0.10 -0.30 -0.90
-0.10 -0.30 -0.60
-0.10 -0.60 0.40
-0.10 -0.30 -0.60
-0.70 0.00 0.40
0.20 0.30 -0.60
-0.10 0.00 -0.90
-0.10 0.90 -0.60
-0.70 -0.30 -0.60
-0.10 0.00 -0.60
-0.70 -0.30 -0.60
-0.70 0.00 -0.90
-0.10 0.00 -0.60
-0.10 0.30 -0.60
-0.10 0.00 0.40
-0.10 0.00 1.90
0.20 0.30 4.50
5.50 0.00 7.30
16.20 1.60 8.80
31.90 4.10 11.70
46.60 5.30 12.00
59.20 9.70 12.90
69.20 9.70 13.50
72.10 12.20 12.90
72.10 14.10 13.20
72.10 14.10 12.90
72.10 16.00 12.00
72.10 16.00 12.00
72.10 15.70 11.70
72.10 18.20 11.70
72.10 16.00 11.70
72.10 17.60 10.10
72.10 16.90 11.00
72.10 15.70 10.10
72.10 16.00 9.50
72.10 15.70 9.20
70.80 16.00 9.50
69.20 14.40 9.50
67.70 15.10 8.20
65.80 14.10 8.20
63.30 12.90 8.20
62.30 14.40 8.80
60.80 11.60 8.20
59.50 13.80 7.60
59.20 12.60 8.20
58.20 11.30 7.60
56.10 13.20 7.60
54.80 10.40 7.60
52.90 11.30 7.30
50.70 11.00 6.60
49.10 9.70 6.60
47.90 11.60 6.30
46.30 9.40 6.30
45.10 10.40 6.00
43.80 8.80 6.00
41.90 9.40 6.00
40.40 9.40 5.70
39.40 7.50 5.70
38.20 9.40 5.70
37.90 8.20 4.80
36.30 8.20 5.70
35.00 8.20 4.50
34.40 6.60 4.80
33.50 7.50 4.50
31.60 6.00 4.80
31.00 6.90 3.80
29.40 6.00 3.80
29.40 5.60 4.50
28.10 6.60 3.80
27.50 5.00 3.80
26.60 5.60 3.80
25.90 5.30 3.50
25.00 5.30 3.50
24.70 5.30 3.20
23.40 4.10 3.20
22.80 5.00 3.20
21.50 4.40 3.20
21.50 5.30 3.20
20.60 4.40 3.20
20.30 4.10 2.90
19.00 4.10 3.20
18.70 4.10 3.20
18.10 3.80 2.90
18.10 3.80 2.90
17.10 3.80 2.90
17.10 3.10 1.90
16.20 3.80 2.30
15.90 2.80 2.30
15.60 3.80 1.90
14.60 3.10 2.30
13.70 2.50 2.30
14.30 3.80 1.90
13.10 2.50 1.90
13.40 2.80 1.60
12.80 2.80 2.30
12.80 2.20 1.60
12.80 3.80 1.90
11.80 1.30 1.90
10.90 2.50 1.90
10.20 2.50 1.00
10.20 1.60 1.60
10.90 2.50 1.60
10.60 1.60 1.60
10.60 3.10 1.60
9.90 1.60 1.60
10.20 1.60 1.00
9.30 2.50 1.60
9.30 1.30 1.00
9.90 2.50 1.60
9.00 1.30 1.60
8.10 1.30 1.60
8.10 2.50 1.60
8.10 0.30 1.00
8.10 2.50 1.00
8.10 0.90 1.90
8.10 1.60 1.00
7.10 2.20 0.70
7.70 0.90 1.60
7.10 1.60 1.60
6.50 0.30 1.00
6.50 1.60 1.60
6.50 0.90 0.70
6.50 0.90 1.00
6.20 2.20 0.70
5.90 0.00 0.70
6.20 2.20 0.70
5.50 0.30 1.60
5.50 0.90 0.70
4.90 2.20 1.60
4.90 -0.30 1.00
4.60 1.60 0.70
4.30 0.90 0.70
4.30 0.00 1.00
4.90 1.30 0.40
4.30 0.00 0.40
4.30 1.60 0.70
4.30 0.90 0.70
4.30 0.00 0.40
3.30 1.30 0.40
4.30 0.00 0.40
3.70 0.00 0.70
3.70 0.90 -0.60
3.70 0.30 0.70
3.70 0.30 0.40
3.30 0.30 0.70
3.70 0.90 0.70
2.70 0.00 0.40
3.30 0.90 0.40
3.00 0.00 0.70
3.30 0.00 0.40
2.70 0.90 0.40
3.00 -0.30 0.70
3.00 1.30 0.40
3.00 0.00 -0.60
2.70 -0.30 0.40
3.00 1.30 0.40
2.10 -0.30 0.40
3.00 0.00 0.40
2.10 0.00 0.40
2.70 0.30 0.70
2.70 0.30 0.40
2.70 0.30 0.40
2.10 -0.30 1.00
2.70 0.90 -0.60
2.10 0.30 0.40
1.80 0.30 -0.60
1.80 0.90 0.40
2025 2 5 0 18 34 231
195.63 197.32 188.47 50.50 27.60 11.20 177.98 101.58 48.64 21.94 151.32 29.16 290.06 191.75 196.82 201.33
0.30 -0.30 -0.40
-0.70 0.30 -0.40
0.00 -0.60 -0.40
-0.70 0.00 -0.40
0.00 0.00 0.50
0.00 -0.30 -0.40
0.00 0.90 0.80
0.00 -0.60 0.80
0.00 0.00 -0.70
0.00 -0.30 -0.40
-0.70 0.30 0.50
0.00 0.00 0.80
0.00 0.00 -0.40
-0.70 0.30 -0.40
0.00 -0.60 -0.40
0.00 0.90 0.50
0.00 -0.30 -0.40
0.00 -0.30 0.50
0.00 1.30 -0.40
-0.70 -0.30 -0.40
0.30 0.90 0.50
0.30 -0.60 -0.40
0.30 0.00 0.50
0.00 0.30 -0.70
0.00 -0.60 -0.40
-0.70 0.90 0.50
0.00 -0.60 -0.40
-0.70 0.30 0.50
0.00 0.30 -0.40
0.00 -0.30 0.50
0.00 0.90 -0.40
-0.70 -0.30 0.50
0.30 0.30 0.50
-0.70 -0.30 0.50
0.30 0.00 0.50
0.00 -0.30 -0.70
0.00 -0.60 -0.40
0.00 0.30 0.50
0.30 -0.60 -0.40
-0.70 0.90 -0.40
0.00 -0.30 -0.70
0.00 -0.30 0.50
0.30 0.90 -0.40
0.00 -0.30 0.50
0.30 0.30 -0.40
-0.70 -0.30 0.80
0.30 0.00 0.50
0.00 0.00 2.10
0.00 -0.60 3.30
3.40 0.90 4.00
7.80 1.60 4.60
14.70 5.70 5.80
23.50 10.40 5.80
33.50 12.90 7.40
38.90 17.60 7.40
43.30 20.40 7.40
46.70 23.80 7.70
48.90 25.40 9.00
50.20 26.70 9.30
50.50 27.00 10.20
50.50 27.00 10.20
49.50 27.60 11.20
48.90 27.60 10.50
48.00 27.30 10.50
47.60 26.70 10.50
46.70 27.00 10.20
45.80 26.00 10.50
43.90 24.50 10.20
43.90 24.20 10.50
41.70 23.20 9.60
40.70 23.20 9.60
39.50 22.90 9.60
38.20 22.30 9.30
37.30 21.70 9.30
36.40 20.40 8.30
35.70 20.10 8.30
35.70 20.10 8.30
34.50 19.50 7.70
33.50 19.50 7.70
32.30 18.50 7.70
31.00 18.20 7.70
30.10 17.60 7.40
29.10 17.30 6.80
28.20 15.70 7.40
27.60 15.70 6.80
26.30 15.70 6.50
26.00 15.40 6.20
25.10 14.40 6.20
24.70 14.10 5.80
23.50 13.20 6.50
23.80 13.80 5.80
22.90 12.60 5.80
21.00 12.60 5.80
21.00 12.20 5.80
20.40 12.20 4.90
20.00 11.60 4.90
19.40 11.00 5.20
18.80 10.40 4.90
18.80 10.40 4.60
17.20 11.00 4.90
17.50 10.00 4.00
16.60 9.70 4.60
16.60 11.00 4.00
15.00 9.40 4.00
16.00 9.70 4.00
15.00 9.40 3.60
14.40 8.50 3.60
13.50 9.70 3.60
13.50 8.50 3.30
12.80 8.80 3.30
13.10 8.50 3.30
10.90 8.20 3.30
11.90 8.50 3.30
10.90 6.90 3.00
10.60 8.20 3.00
10.30 6.00 3.30
10.60 6.90 3.00
10.00 6.00 3.30
10.00 6.00 3.30
9.40 6.90 3.60
9.40 5.30 3.30
8.10 6.00 3.60
8.10 5.00 3.00
8.70 5.70 3.60
8.10 5.30 3.00
7.80 4.10 3.60
7.50 6.00 3.30
7.20 3.80 3.30
7.20 5.30 3.30
7.20 4.40 3.30
7.20 4.40 3.30
6.20 4.40 3.30
6.60 4.10 3.00
5.90 4.10 3.00
6.20 3.80 2.40
6.20 3.80 3.00
5.90 3.10 3.00
5.60 3.10 2.40
5.60 3.10 2.40
5.00 2.80 2.40
5.60 3.10 3.00
5.00 3.10 2.10
5.60 2.80 2.40
4.70 3.10 2.40
5.00 2.80 1.80
4.70 2.20 2.10
4.70 2.80 2.10
4.40 1.60 2.10
4.40 2.20 1.80
3.70 2.50 2.10
4.40 2.80 2.10
3.40 2.20 1.80
4.40 2.20 2.10
3.10 1.60 1.80
3.40 2.20 2.10
3.40 2.20 2.10
3.70 1.60 2.10
3.10 2.50 1.80
3.40 2.20 1.80
2.80 1.60 1.10
3.40 2.20 2.10
3.40 1.60 1.80
3.40 1.30 1.10
2.80 3.10 1.80
2.80 1.30 1.80
2.20 1.60 1.80
2.20 2.80 1.10
2.80 0.00 0.80
2.80 1.60 1.10
2.80 1.30 1.80
2.20 0.90 0.80
2.20 1.60 1.10
3.10 0.90 0.80
2.20 1.30 1.10
2.20 1.30 1.10
2.20 1.30 0.80
2.20 2.20 0.50
1.80 0.90 0.80
2.20 1.30 0.80
1.50 1.30 0.80
1.80 1.30 0.80
1.80 1.30 0.80
2.20 1.30 1.10
1.50 0.90 0.80
1.80 1.30 0.80
1.80 0.90 1.10
1.50 1.60 1.10
1.50 0.90 1.10
1.80 0.90 0.80
1.50 1.30 0.80
1.50 0.90 0.80
1.50 1.30 1.10
1.50 0.30 0.80
1.50 1.60 1.10
1.80 0.90 0.50
0.60 0.00 0.80
1.50 1.30 0.80
1.50 0.00 0.80
1.50 1.60 0.80
1.50 0.90 0.80
2025 2 5 0 28 31 46
199.19 189.07 198.32 23.40 23.50 14.50 82.99 81.51 50.73 28.35 43.90 29.17 33.72 199.56 189.50 200.45
0.10 0.00 -0.80
0.10 -0.30 -0.50
0.10 0.00 -0.50
0.10 0.00 -0.50
0.10 -0.60 -0.50
0.10 0.00 -0.50
0.10 0.60 -0.50
0.10 -0.60 -0.50
0.10 0.60 -0.50
0.10 -0.60 -0.80
0.10 0.60 0.40
0.10 0.00 0.40
0.10 -1.00 -0.50
0.10 0.00 -0.50
0.50 -0.30 -0.50
-0.50 0.00 -0.50
0.10 -0.30 -0.50
0.10 0.00 0.40
0.10 0.90 -0.50
0.10 -0.60 -0.50
0.10 0.60 -0.50
-0.50 -0.60 -0.50
0.10 -0.30 -0.80
-0.50 -0.30 -0.50
0.10 -0.60 -0.50
-0.50 -0.30 -0.50
0.10 -0.30 -0.50
-0.50 -0.30 0.40
0.50 0.00 -0.50
-0.50 -0.60 -0.50
0.10 -0.30 -0.50
0.10 -0.30 -0.50
0.10 -0.30 -0.50
0.10 0.00 -0.50
0.10 -0.30 0.40
-0.50 -0.30 -0.80
0.10 0.00 -0.50
0.10 -0.30 -0.50
0.10 0.00 -0.80
-0.50 -0.30 -0.50
0.10 0.00 -0.50
0.10 -0.60 0.70
0.10 -0.60 -0.50
-0.50 0.60 -0.50
-0.50 -0.60 -0.50
0.10 0.60 -0.50
0.10 0.00 -0.50
0.10 -0.30 -0.50
0.10 2.20 -0.50
-0.50 5.00 0.70
2.00 9.40 4.50
3.90 12.20 8.90
7.40 16.60 11.70
10.50 19.70 13.00
13.90 19.70 13.60
18.00 22.90 13.60
20.50 22.30 13.90
21.20 22.60 14.50
22.10 23.50 13.60
22.10 22.30 13.60
23.40 23.50 13.60
22.10 21.30 13.60
22.10 22.60 13.30
20.80 21.30 13.00
21.20 20.70 12.30
20.20 21.00 12.30
20.20 19.40 12.00
19.30 20.70 12.30
19.30 19.10 12.00
19.00 18.50 12.00
18.30 18.50 11.10
17.70 16.90 11.70
17.70 17.90 10.40
17.40 16.90 10.10
16.50 17.20 10.10
16.10 16.90 9.50
15.80 15.00 9.50
15.20 15.40 9.50
15.20 15.00 8.90
14.60 14.70 8.90
14.60 14.10 8.20
13.90 13.50 7.90
13.60 14.10 7.90
13.00 12.50 7.60
13.00 12.80 7.90
12.40 12.20 7.30
12.40 12.20 6.70
12.10 11.30 7.30
12.40 11.00 6.70
10.80 11.00 6.40
10.80 11.00 6.40
10.50 10.00 6.10
10.50 10.60 6.10
9.60 9.70 5.70
10.20 9.40 5.70
9.60 9.40 5.70
9.20 8.50 5.10
8.90 8.50 4.80
8.90 8.50 4.80
8.00 8.10 4.80
8.00 8.50 3.90
8.00 7.20 4.80
7.70 7.20 4.80
7.40 7.20 4.50
7.40 7.20 3.90
6.70 6.60 4.50
7.40 6.30 3.50
6.40 6.30 3.90
6.70 5.60 3.50
6.10 5.60 3.50
6.10 6.30 3.90
5.80 4.10 3.20
6.10 5.60 3.20
5.20 5.00 3.20
5.20 4.70 3.20
5.80 5.30 3.20
5.20 4.10 3.50
4.80 4.70 3.50
4.50 4.10 3.50
4.50 3.40 3.50
4.50 4.70 2.90
4.50 3.40 2.90
4.50 4.10 3.50
3.90 3.70 3.20
3.90 3.40 3.20
3.60 4.10 2.90
3.90 2.50 2.90
3.60 4.10 2.30
3.90 2.50 2.30
3.30 2.80 2.90
3.30 3.40 2.30
3.00 2.20 2.30
3.30 3.70 2.00
3.30 1.90 2.30
3.30 3.40 2.00
3.00 2.80 2.00
3.30 1.90 2.00
3.00 3.70 2.30
3.00 1.90 2.00
2.30 2.50 1.70
3.00 2.50 1.70
2.30 1.90 2.00
2.30 2.80 1.70
2.00 1.20 2.00
2.30 2.20 1.70
1.70 1.20 1.70
2.30 1.90 1.70
2.00 1.90 1.70
2.30 0.90 1.70
2.30 2.50 1.70
2.30 1.20 1.00
2.00 2.20 1.00
2.00 1.90 1.00
2.00 0.90 1.70
2.30 2.20 1.00
2.00 0.90 1.00
2.00 2.20 0.70
2.30 1.20 1.00
2.00 0.90 0.70
2.00 1.90 1.00
2.30 0.90 1.00
2.00 1.20 0.70
2.00 1.90 0.70
2.30 0.90 1.70
1.70 0.90 0.40
1.70 0.90 1.00
2.00 0.90 0.70
0.80 0.90 0.70
2.00 0.90 1.00
1.70 0.60 0.70
2.00 0.90 0.70
0.80 0.60 1.00
1.70 0.90 0.70
1.70 0.60 1.00
0.80 0.60 0.70
1.70 1.20 0.40
2.00 -0.30 0.40
0.80 1.20 0.70
1.70 0.60 0.40
1.70 0.60 0.40
1.70 0.90 0.40
0.80 -0.30 0.40
1.70 1.20 0.70
0.80 -0.30 0.40
1.70 0.60 0.70
0.80 0.90 0.70
0.80 0.00 0.40
1.70 0.90 0.40
2.00 -0.30 0.40
0.50 0.60 0.70
1.70 0.90 0.40
2.00 0.00 0.40
1.70 0.90 0.40
1.70 -0.30 0.40
1.70 1.20 0.70
0.80 0.00 0.40
1.70 0.00 0.40
0.80 0.60 0.40
1.70 -0.60 0.40
1.70 0.90 0.40
2025 2 5 0 31 50 567
193.77 195.05 202.46 23.10 24.50 10.70 90.44 82.95 36.41 24.77 310.95 49.93 315.54 194.12 195.14 209.89
0.20 -0.20 -0.60
0.20 0.40 -0.30
0.20 0.10 -0.30
-0.40 -0.20 -0.60
0.20 0.10 -0.30
-0.40 0.10 -0.30
0.20 -0.20 -0.30
-0.40 0.10 0.60
0.20 0.10 -0.30
-0.40 0.10 -0.30
0.20 0.10 0.60
0.20 -0.20 0.60
0.20 0.40 -0.30
0.20 -0.60 -0.30
-0.40 0.10 0.60
0.20 0.10 0.60
-0.40 0.40 -0.30
0.20 0.10 -0.30
0.20 -0.20 -0.30
-0.40 0.10 0.60
0.20 -0.60 -0.60
-0.40 0.40 0.60
0.20 -0.20 0.60
0.20 0.10 -0.60
0.20 0.40 -0.30
-0.40 -0.60 -0.60
0.20 1.00 -0.30
0.20 -0.20 0.60
0.20 0.10 -0.60
-0.40 0.40 0.60
0.50 -0.20 -0.30
-0.80 1.00 -0.30
0.20 -0.60 -0.30
0.20 0.40 -0.30
0.20 -0.20 -0.30
0.20 -0.60 0.60
0.50 1.00 -0.30
-0.40 -0.60 -0.30
0.20 1.00 -0.30
0.20 -0.20 -0.30
0.20 -1.20 -0.60
0.20 1.30 -0.60
-0.40 -1.50 0.60
0.20 1.00 -0.30
0.20 0.10 -0.30
0.20 -0.60 -0.30
0.20 1.30 0.60
0.20 -1.20 0.60
0.50 0.40 -0.30
0.80 1.00 -0.30
5.20 3.20 0.60
8.30 7.60 3.10
12.10 9.80 4.10
14.60 13.90 6.00
16.80 16.10 7.80
19.60 19.50 9.10
21.20 21.70 9.70
23.10 23.00 10.30
23.10 23.90 10.30
21.80 23.30 10.70
23.10 24.50 9.70
22.10 23.90 10.30
22.10 23.00 9.40
21.80 23.90 9.70
22.10 22.30 9.40
21.20 22.70 9.10
21.20 22.30 9.10
20.30 21.10 9.10
20.30 21.70 8.50
19.30 19.80 8.50
19.00 20.10 7.80
18.40 19.50 8.20
18.10 18.60 7.80
17.80 18.30 7.50
19.00 17.30 7.80
18.10 16.10 7.50
18.40 17.00 6.90
17.80 15.80 6.90
17.40 15.80 6.60
16.50 15.10 6.90
16.50 15.10 6.30
16.20 14.50 6.00
15.90 13.90 5.30
14.90 13.20 6.00
14.90 12.90 6.00
14.00 12.60 6.00
14.00 12.90 5.00
13.70 12.30 5.00
13.40 11.70 5.00
13.10 11.00 4.70
13.10 11.00 4.10
12.40 11.40 4.70
12.10 9.50 4.70
11.20 10.40 4.10
11.20 10.40 3.80
10.20 8.50 4.10
10.50 10.10 3.80
10.20 8.20 3.80
10.50 8.90 3.80
9.60 8.50 3.80
9.30 8.20 3.80
9.00 8.90 3.40
9.00 6.70 3.40
8.30 8.20 3.40
8.30 7.00 3.10
7.70 6.70 3.10
8.00 7.60 2.50
7.40 5.40 3.10
7.40 7.60 2.50
6.80 5.40 3.10
6.50 6.00 2.50
6.50 6.00 2.50
6.50 4.50 2.50
6.50 6.70 2.20
6.10 4.50 2.20
5.80 5.10 1.90
6.50 5.40 2.20
5.20 4.50 2.20
5.80 5.70 2.20
5.20 3.20 2.20
4.60 5.70 1.90
4.90 3.80 1.90
5.20 3.80 1.90
4.90 4.50 1.90
4.90 2.90 1.30
4.60 4.50 1.90
4.90 2.90 1.90
4.60 2.90 1.30
4.60 4.10 1.90
4.00 2.30 1.90
4.00 3.80 1.90
3.60 2.90 1.90
4.00 2.90 1.30
3.60 3.20 1.30
3.60 2.30 1.30
3.60 2.90 1.90
3.60 2.90 1.30
3.60 2.30 0.90
3.30 2.90 0.90
3.30 2.60 0.90
3.00 2.30 0.60
2.40 1.30 0.90
3.00 2.60 0.90
2.40 1.60 0.90
3.00 2.30 0.90
2.40 2.60 0.90
3.00 1.30 0.90
2.40 2.30 1.30
2.40 2.30 0.60
2.40 1.60 0.60
2.40 1.60 0.90
2.10 1.00 0.60
2.40 1.60 1.30
2.10 1.30 0.90
2.40 1.00 1.30
2.40 1.60 1.30
2.10 1.60 0.90
1.80 1.00 0.90
1.80 1.60 0.60
1.80 0.40 0.90
2.10 1.30 0.90
2.10 1.60 1.30
2.10 0.40 0.60
0.80 1.00 0.60
2.10 1.30 0.60
0.80 0.40 0.60
2.10 1.00 0.60
0.80 0.40 0.90
0.80 1.30 0.60
0.80 1.00 0.60
1.80 0.40 0.60
0.50 0.40 0.90
2.10 1.00 0.90
0.80 1.30 0.60
1.80 -0.20 0.90
0.80 1.30 0.60
1.80 1.00 0.60
0.80 0.10 0.60
0.80 1.60 0.60
0.50 -1.20 0.60
0.80 1.60 0.90
0.20 0.40 -0.30
0.50 -0.20 0.60
0.50 1.00 0.60
0.80 -0.20 -0.30
0.50 1.00 0.60
0.80 0.40 0.60
0.50 0.10 -0.30
0.80 1.30 -0.30
0.50 -0.20 0.60
0.50 1.30 0.60
0.20 0.10 0.60
0.80 0.10 0.60
0.50 0.40 0.90
0.80 -0.20 -0.30
0.50 1.30 0.60
0.50 -0.60 0.60
0.20 1.00 0.60
0.50 0.10 -0.30
0.50 -0.60 0.60
2025 2 5 0 39 49 33
201.76 210.64 197.45 23.60 11.50 16.30 80.39 36.94 58.66 30.29 194.51 45.98 209.04 202.16 216.61 199.63
0.40 1.10 0.60
-0.60 -0.70 0.60
-0.60 0.20 -0.40
0.10 0.20 0.60
0.10 -0.40 -0.40
0.10 0.20 -0.40
0.40 -0.40 -0.70
-0.60 0.20 -0.40
0.10 -0.10 0.60
-0.60 -0.10 0.60
0.10 0.20 -0.40
-0.60 -0.70 -0.40
0.10 0.80 -0.40
-0.60 -0.40 0.60
-0.60 0.80 -0.70
-0.60 0.80 -0.40
0.10 -0.40 -0.40
0.10 0.80 -0.40
0.10 -0.40 0.60
0.10 -0.10 0.60
0.10 0.20 -0.40
0.10 -0.40 -0.40
0.70 0.80 -0.40
0.10 -0.40 0.60
0.10 -0.10 -0.40
0.10 -0.40 -0.40
0.10 0.20 -0.70
-0.60 -0.10 0.60
0.40 -0.10 -0.40
0.10 -0.40 0.60
0.40 -0.10 0.60
0.10 0.20 -0.40
0.10 -0.40 -0.40
-0.60 -0.10 0.60
0.10 -0.10 -0.40
-0.60 -0.10 0.60
0.40 0.20 -0.40
-0.90 -0.40 0.60
0.10 0.20 -0.70
0.10 -0.40 -0.40
0.10 0.80 -0.40
0.10 -0.40 0.60
-0.60 -0.40 0.60
0.10 0.80 -0.40
0.10 -0.70 -0.40
-0.60 1.10 -0.40
0.10 -0.40 0.60
-0.60 -0.10 -0.40
0.40 0.80 -0.40
0.10 -1.40 2.10
0.70 1.50 5.30
2.30 -0.70 8.40
5.10 -0.10 12.20
10.40 1.10 13.40
16.10 1.50 14.70
18.30 4.30 15.00
20.50 5.20 15.90
20.80 8.70 16.30
21.70 8.70 15.90
22.00 9.60 15.90
23.30 10.90 15.00
23.60 9.30 15.00
23.60 11.50 15.00
23.30 9.60 14.70
23.00 11.50 13.80
21.70 10.90 13.80
21.10 9.90 13.40
20.80 11.50 13.10
20.10 9.90 12.50
19.50 9.60 12.20
19.20 10.90 11.20
18.90 8.40 11.20
18.30 10.20 10.60
17.60 8.40 11.20
17.30 8.70 9.70
16.40 8.40 10.60
16.40 7.40 9.70
16.10 8.70 10.30
15.70 6.80 9.40
15.10 8.00 9.00
14.50 6.80 8.40
14.80 6.80 8.10
13.90 8.00 8.40
13.20 5.20 8.10
13.20 6.80 8.10
12.90 5.50 7.80
12.90 5.90 7.80
12.00 6.50 7.50
11.00 4.90 6.90
11.00 5.50 6.90
10.40 5.20 6.90
10.40 5.20 6.50
10.40 5.20 6.20
9.20 4.30 6.50
9.50 4.90 6.20
8.80 4.00 6.50
8.80 4.90 6.20
8.20 4.30 6.20
8.20 4.30 5.90
8.20 4.00 5.90
8.20 4.00 5.90
7.60 3.70 5.90
7.60 4.30 4.70
7.30 3.70 5.30
7.30 3.00 5.00
6.30 3.00 4.70
6.30 2.70 4.00
6.00 3.00 4.70
6.30 3.00 4.70
6.00 2.70 4.70
6.00 3.00 4.00
5.70 2.40 4.00
6.00 2.70 4.00
4.80 2.40 4.00
5.70 2.70 4.00
4.50 2.40 4.00
4.80 1.50 3.40
4.50 2.40 3.70
4.50 2.40 3.40
4.50 2.10 3.40
4.80 2.10 3.40
4.50 1.10 3.40
3.80 2.70 3.10
3.50 1.10 3.40
3.80 2.10 3.40
3.50 2.10 3.10
3.50 0.80 3.70
3.20 2.40 3.40
3.50 1.10 2.50
2.90 1.50 3.10
3.50 2.10 3.10
3.20 0.20 2.10
3.20 2.70 2.10
2.90 -0.10 3.10
3.20 1.50 2.50
2.30 1.10 2.50
2.30 0.20 2.50
2.30 2.10 2.50
2.90 0.80 2.10
2.30 1.10 2.50
3.20 0.80 2.50
2.30 0.80 2.50
2.30 1.50 2.10
2.30 0.20 2.10
2.30 1.50 2.10
1.90 0.20 3.10
2.30 1.10 2.10
1.90 1.10 1.80
2.30 -0.40 2.10
2.30 2.10 1.80
2.30 -0.10 1.80
1.60 1.10 2.10
1.90 1.10 1.80
1.60 0.20 1.80
2.30 2.40 1.20
1.90 -0.10 1.80
1.90 0.80 1.20
1.90 1.10 1.80
1.90 0.80 1.20
1.60 1.10 1.20
1.60 0.80 1.20
1.60 0.80 1.20
1.60 0.80 1.80
1.60 0.20 1.20
1.90 0.80 1.80
0.70 0.80 1.20
0.70 1.10 0.90
0.40 0.20 1.20
1.60 0.80 1.20
0.70 0.20 1.20
1.60 0.80 0.90
1.60 1.50 1.80
0.70 0.20 0.90
0.70 0.80 1.20
0.70 0.80 0.90
0.40 -0.10 0.90
1.60 0.80 0.60
0.70 0.80 1.20
0.40 0.20 0.90
0.70 1.10 0.90
0.70 0.20 0.90
0.40 0.20 0.90
0.70 1.10 0.60
0.70 -0.70 0.90
0.70 1.10 0.60
0.70 0.20 0.90
0.40 -0.10 0.90
0.40 1.10 0.90
0.70 -0.40 0.60
0.40 0.80 0.60
0.40 0.20 0.90
0.40 0.20 0.90
0.40 1.10 0.90
0.10 -0.10 0.90
0.70 1.10 0.60
0.40 -0.10 0.60
0.70 0.80 0.60
0.10 0.20 -0.40
0.40 -0.10 -0.40
0.40 1.10 0.60
2025 2 5 0 40 48 308
195.66 198.51 197.42 34.00 42.20 29.40 120.07 150.15 99.24 8.44 254.05 7.42 294.53 194.16 195.31 196.75
0.10 0.20 0.50
0.10 -0.50 -0.40
0.10 0.20 0.50
0.40 -0.50 0.50
0.10 0.20 0.50
0.10 0.20 -0.40
-0.50 -0.20 0.50
0.10 -0.20 -0.70
-0.50 -0.50 -0.70
0.10 -0.50 0.50
0.10 -0.20 -0.70
0.40 -0.20 -0.70
0.10 -0.20 0.50
0.10 0.20 -0.70
0.40 -0.50 -0.40
-0.50 -0.50 -0.70
-0.50 0.20 0.50
0.10 -0.50 -0.40
0.10 -0.20 -0.40
0.10 0.80 -0.40
0.10 -0.80 0.80
0.10 0.80 -0.40
0.10 -0.50 -0.40
0.40 -0.50 0.50
0.10 -0.20 0.50
0.10 -0.20 0.80
0.10 0.80 0.50
0.10 -0.20 0.80
-0.80 -0.20 -0.40
0.10 -0.20 -0.40
0.10 -0.50 0.50
0.40 0.20 0.50
0.10 -0.50 -0.40
0.10 1.10 -0.40
-0.50 -0.20 0.50
0.10 0.20 0.80
0.10 -0.20 -0.40
0.40 -0.80 -0.40
0.10 1.10 -0.40
0.40 -0.80 -0.40
-0.50 -0.20 0.50
0.10 0.20 -0.40
-0.50 -0.50 0.50
0.10 0.20 0.50
-0.50 -0.80 -0.40
0.10 0.20 -0.40
-0.50 -0.50 0.50
0.10 -0.20 0.50
-0.50 0.20 0.80
2.30 0.20 4.00
5.10 3.60 9.30
10.10 6.70 14.60
16.10 13.60 20.90
22.10 22.10 23.70
25.80 27.10 25.00
29.30 33.10 25.90
30.20 34.30 27.50
32.10 38.70 29.40
32.40 40.00 28.40
34.00 40.90 28.40
34.00 42.20 28.10
34.00 41.60 28.10
33.70 42.20 27.80
33.30 42.20 26.90
32.40 40.90 26.20
31.20 40.30 25.90
30.80 38.70 24.70
30.80 38.40 24.70
29.30 37.20 23.70
28.30 35.90 23.10
27.70 35.60 22.50
27.70 34.30 21.20
26.10 33.10 20.60
25.80 32.50 20.30
24.90 32.20 20.30
24.60 31.50 19.70
23.60 30.30 19.30
23.90 29.30 19.00
22.10 28.70 18.10
22.10 28.40 17.50
20.80 27.10 16.50
20.80 26.80 16.50
20.20 25.30 16.20
20.20 25.30 14.90
18.90 24.00 15.30
18.90 22.70 14.00
18.30 23.10 14.60
18.00 22.10 13.70
16.70 21.20 13.40
16.40 20.20 13.10
16.10 20.20 12.40
15.80 19.90 12.10
15.20 18.70 11.80
14.50 18.70 11.20
13.90 17.40 11.20
13.60 18.00 11.20
13.30 17.10 10.20
13.30 16.80 9.60
12.30 16.80 9.60
12.30 15.50 9.00
10.40 15.50 9.30
11.10 14.30 8.40
10.80 14.30 8.00
10.40 14.90 7.70
10.10 13.00 8.00
10.40 13.60 7.70
9.20 12.70 7.70
9.20 12.40 6.80
8.90 12.40 6.80
8.90 11.40 6.80
8.20 11.40 6.50
8.20 10.80 5.90
7.60 10.20 6.50
7.30 10.20 5.90
7.60 9.90 6.20
7.30 9.60 5.90
6.70 8.60 5.90
6.40 9.60 4.90
6.40 8.60 4.60
6.40 8.30 4.90
6.10 8.60 5.20
6.40 7.40 4.90
5.70 8.30 4.00
6.40 7.40 4.60
5.10 6.70 4.00
5.10 8.00 4.60
5.10 6.40 4.00
5.70 6.40 3.70
4.50 6.70 4.00
4.80 5.50 3.70
4.50 5.80 3.70
4.50 5.80 3.00
3.90 5.20 3.70
3.90 5.50 3.00
4.50 5.20 3.00
3.90 4.90 3.30
3.50 5.20 3.00
3.50 5.20 3.00
2.90 3.90 3.30
3.90 4.90 2.40
3.50 4.20 2.40
3.20 3.00 3.00
3.20 5.20 2.40
3.50 3.60 2.40
3.20 4.20 2.40
3.20 4.90 2.40
2.90 3.00 2.10
2.90 4.90 1.80
3.20 3.00 2.40
2.90 3.00 2.10
2.30 3.90 2.10
2.90 2.30 1.80
2.00 3.00 1.80
2.90 3.60 1.80
2.90 2.70 1.80
2.30 3.60 1.80
2.00 2.70 1.80
2.30 3.00 1.80
1.70 3.00 1.80
2.30 2.70 1.80
2.00 2.70 1.10
2.30 3.00 1.80
2.00 2.70 1.80
2.30 2.30 0.80
1.70 2.70 1.80
2.00 3.00 1.10
2.00 2.30 1.10
2.00 2.70 1.10
1.70 1.40 1.10
2.00 2.30 0.80
0.70 2.70 1.10
2.00 1.40 1.80
1.70 2.30 1.10
2.00 1.40 0.50
0.70 1.40 0.80
2.00 2.70 1.10
0.70 1.10 1.10
1.70 2.70 0.80
1.70 1.40 1.10
0.70 1.40 0.80
0.70 1.10 0.80
0.70 1.40 0.50
0.40 1.40 0.80
0.40 1.10 1.10
0.70 2.00 0.80
0.70 1.10 1.10
0.70 1.10 0.80
0.70 1.40 0.80
0.70 0.20 1.10
0.70 1.40 0.80
0.40 0.80 0.80
0.70 1.10 0.50
0.10 1.10 0.80
0.70 0.20 0.50
0.40 1.40 0.80
0.40 1.10 0.50
0.40 0.80 0.80
0.40 1.40 0.50
0.40 1.10 0.50
0.70 1.10 0.80
2025 2 5 0 43 1 438
196.59 201.33 196.97 40.30 13.10 24.80 142.06 47.22 89.15 12.87 223.58 35.04 232.69 194.14 206.40 197.00
0.20 0.80 -0.60
-0.50 -0.40 0.40
0.20 0.80 -0.60
0.20 0.20 0.70
0.20 -0.10 0.70
0.20 -0.10 1.00
0.20 -0.10 0.70
-0.50 0.80 0.40
0.50 -0.10 0.70
0.20 -0.40 0.70
-0.50 0.80 0.40
-0.50 -0.10 0.40
0.50 0.20 -0.60
-0.50 -0.40 0.40
0.20 -0.10 0.40
0.20 0.80 0.70
-0.50 -0.40 0.40
0.20 0.20 0.40
-0.50 0.20 0.40
-0.80 -0.40 0.70
0.20 0.20 0.40
-0.50 -0.40 0.70
-0.50 0.20 0.40
-0.80 -0.10 0.40
-0.50 -0.10 -0.60
-0.50 0.20 0.70
0.50 -0.40 0.40
-0.50 0.80 0.40
0.20 -0.40 0.40
0.20 -0.10 0.70
0.20 0.20 0.40
-0.50 -0.70 0.40
0.20 0.80 0.40
0.20 -0.10 0.40
0.50 -0.10 0.40
0.20 -0.10 0.40
0.20 -0.40 0.40
-0.50 0.80 -0.60
0.20 -0.40 0.70
0.20 -0.10 0.40
0.20 0.80 0.40
-0.50 -0.40 0.40
-0.50 1.10 -0.60
0.20 -0.40 0.40
0.20 -0.10 0.40
-0.50 -0.40 0.70
0.20 -0.40 0.40
-0.50 -0.10 0.40
0.20 -0.40 0.40
0.20 -0.10 3.50
5.20 0.20 9.50
10.20 0.80 14.50
15.80 2.70 17.60
21.80 4.30 21.10
28.40 7.40 23.60
34.70 8.40 24.50
38.10 9.30 24.80
39.40 11.50 24.80
39.70 11.20 24.50
40.30 13.10 23.90
39.70 12.10 23.30
39.70 11.50 22.30
39.70 13.10 22.30
39.40 11.20 22.30
39.40 12.40 22.30
38.10 12.10 20.70
37.50 12.10 20.10
35.90 12.10 20.40
36.20 11.50 19.50
34.70 11.20 19.20
33.40 10.90 17.90
32.50 12.10 17.90
31.20 10.20 17.60
30.30 11.20 16.70
30.30 10.90 16.00
29.00 9.60 16.40
29.00 10.20 16.00
27.50 8.70 15.10
27.50 9.60 15.70
26.20 9.30 14.80
26.20 8.40 14.50
25.30 8.70 13.80
24.60 8.70 13.50
23.40 8.00 13.20
23.10 8.00 12.90
22.10 8.00 12.90
20.90 7.40 11.60
20.50 8.00 12.00
19.60 6.80 11.00
19.00 6.80 10.40
19.00 7.40 10.10
18.00 5.50 10.10
17.70 6.50 9.50
16.80 5.50 10.40
16.50 6.50 10.40
16.50 5.50 10.10
16.20 5.50 9.50
14.90 5.90 9.10
14.90 5.50 9.10
14.00 5.50 8.80
13.60 5.20 8.20
13.60 5.20 7.90
13.30 5.20 7.60
12.40 4.00 7.60
13.00 5.50 7.60
12.10 3.70 7.60
11.10 4.30 6.60
10.50 5.20 6.60
10.80 3.00 6.60
10.20 4.90 6.30
10.20 3.00 6.30
8.90 3.70 5.70
9.60 4.30 5.70
8.30 2.70 6.00
8.90 4.30 5.70
8.00 2.70 5.70
8.00 3.00 5.70
8.00 3.00 5.70
8.00 2.70 5.10
7.40 3.00 4.70
7.40 2.40 4.70
6.70 3.00 4.40
6.40 2.70 3.80
6.70 2.10 4.40
6.70 3.00 3.80
6.10 1.10 4.40
6.10 3.00 3.50
5.80 1.50 3.50
6.10 2.10 3.50
5.20 2.70 3.50
5.80 1.10 3.50
5.20 2.40 3.80
5.80 2.40 3.20
4.50 1.50 3.50
4.90 2.70 2.90
4.50 0.80 2.90
4.50 2.40 3.20
3.90 0.80 2.90
4.50 2.10 2.90
3.90 1.50 2.90
4.50 1.10 2.20
3.60 2.10 2.20
3.90 1.10 2.20
3.60 2.10 2.90
3.90 2.10 2.20
3.30 0.80 2.20
3.60 1.50 2.90
3.00 0.80 1.90
3.60 1.50 1.90
3.00 0.80 2.20
3.30 1.10 1.90
3.30 1.10 1.90
3.30 1.10 1.60
3.00 1.10 1.60
3.00 0.20 1.90
2.40 0.80 1.60
3.00 0.80 1.60
3.00 0.80 1.60
3.00 1.10 1.60
2.40 0.20 1.60
3.00 1.10 1.60
2.00 0.20 1.60
2.40 0.80 1.60
2.00 0.20 1.60
2.00 0.80 1.00
2.40 0.20 1.00
2.40 1.10 1.60
2.00 0.80 0.70
2.40 -0.10 0.70
0.80 1.10 1.00
1.70 -0.40 0.70
1.70 0.80 0.70
2.00 1.10 0.70
0.80 -0.10 1.00
1.70 1.50 1.60
0.80 -0.40 0.70
1.70 0.80 1.00
0.80 1.50 1.00
1.70 -0.10 1.00
0.80 1.10 1.00
0.80 -0.10 1.00
1.70 0.20 1.60
1.70 0.80 1.60
0.50 -0.10 1.00
1.70 1.10 1.60
0.80 -0.40 1.60
0.80 1.10 1.60
0.80 -0.10 1.00
1.70 0.20 1.00
0.80 0.80 1.00
0.80 -0.70 0.70
0.80 1.10 1.60
0.80 -0.40 1.00
0.80 0.20 1.00
1.70 1.10 1.00
0.80 -0.70 1.00
0.80 1.10 0.70
0.80 -0.70 1.00
1.70 1.10 0.70
1.70 0.80 1.00
2025 2 5 0 50 14 262
193.72 189.82 193.89 30.20 12.30 6.90 110.77 45.72 25.91 10.77 36.28 32.80 314.46 192.06 193.00 203.25
0.10 1.00 -0.40
0.10 -0.60 -0.40
0.10 0.00 0.60
0.10 1.00 -0.40
-0.50 -0.60 -0.40
0.10 0.30 -0.40
0.10 0.30 -0.40
0.10 0.30 -0.70
0.10 0.00 0.60
0.10 0.00 -0.70
0.10 0.30 -0.40
0.40 0.30 -0.40
-0.50 0.30 0.90
0.10 0.00 -0.40
-0.50 0.30 -0.40
0.10 0.30 0.60
0.10 0.00 0.90
0.10 0.30 -0.40
0.10 0.00 0.60
0.10 0.30 -0.40
-0.50 0.30 -0.40
0.10 -0.30 -0.40
0.10 0.30 -0.40
0.10 0.30 0.90
-0.80 -0.30 0.60
0.40 1.30 -0.40
0.10 -0.30 -0.40
0.10 0.30 -0.70
-0.50 -0.30 0.60
0.40 -0.60 0.60
0.10 1.30 -0.40
0.40 0.00 -0.40
-0.50 0.30 -0.40
0.10 0.30 -0.40
0.10 -0.30 0.60
0.10 1.00 -0.40
0.10 -0.30 0.90
0.40 0.30 -0.40
0.10 0.00 -0.40
0.10 0.00 -0.40
-0.50 1.00 -0.70
0.10 -0.30 -0.70
0.10 0.30 -0.70
0.10 0.00 0.60
0.10 -0.30 -0.40
0.10 1.00 0.60
0.10 -0.60 0.60
-0.50 1.00 -0.40
0.10 0.00 0.60
3.90 2.20 2.50
6.40 5.40 3.70
11.10 5.70 5.30
15.80 8.80 5.90
21.10 8.80 6.50
24.60 9.70 6.20
26.80 11.60 6.50
28.00 11.00 6.90
29.30 12.30 6.20
29.60 11.00 6.50
30.20 12.30 6.50
29.30 11.30 6.90
30.20 11.30 6.50
29.60 11.30 6.50
29.00 11.00 6.20
28.00 11.30 6.50
28.30 11.00 6.20
27.40 11.00 6.20
26.80 11.30 5.30
25.80 10.40 5.30
25.20 10.10 5.30
24.60 10.40 5.00
24.60 10.10 5.30
23.30 10.10 5.00
23.00 10.10 4.70
21.80 9.70 4.70
21.10 10.10 4.70
20.80 8.80 4.70
20.80 9.70 4.00
20.50 8.80 4.70
19.60 8.50 3.70
18.90 8.50 4.00
18.30 7.60 4.00
18.00 8.20 3.70
17.70 7.60 3.40
16.40 7.60 3.70
16.10 6.90 3.40
16.10 6.00 3.70
15.80 7.60 3.10
14.50 5.40 3.70
14.90 6.00 3.10
13.90 6.00 3.10
14.50 5.40 3.10
13.00 6.00 2.50
13.00 5.00 2.50
12.00 5.00 2.50
13.00 5.40 3.10
11.10 4.40 2.50
12.00 5.40 2.10
10.50 3.80 2.10
10.50 4.40 2.10
10.10 4.10 2.50
10.10 3.20 2.10
9.50 5.00 2.10
9.50 2.80 2.10
9.20 4.10 2.10
9.20 3.80 1.80
8.30 2.80 2.50
8.30 4.10 2.10
8.30 2.20 2.10
8.30 3.80 1.80
7.60 3.20 1.80
7.90 2.50 1.80
7.30 3.20 1.20
7.30 2.20 1.80
7.30 2.80 1.20
6.70 2.80 1.80
6.70 1.60 1.80
6.70 3.20 1.20
6.10 1.60 1.80
6.70 2.20 1.20
5.80 2.20 1.80
6.10 2.50 1.20
5.80 2.50 1.20
5.80 2.20 1.20
4.80 2.20 1.20
4.80 2.20 1.20
5.80 1.60 0.90
5.10 1.60 0.60
5.10 1.30 1.20
5.10 2.20 0.60
4.50 1.30 1.20
4.80 1.60 0.90
4.50 2.20 0.90
4.50 1.00 1.20
4.50 2.20 1.20
4.50 1.30 0.60
4.50 1.30 0.90
4.50 2.20 0.90
3.60 0.30 1.20
3.60 1.60 0.60
3.20 1.00 1.20
3.60 1.30 0.60
3.60 1.60 0.60
3.90 1.30 0.90
3.20 1.30 0.90
3.20 1.30 0.90
2.90 1.00 0.90
3.60 1.60 0.90
2.90 0.00 0.90
3.20 1.30 0.90
2.30 1.30 1.20
2.90 1.00 0.90
2.00 1.00 0.60
2.90 0.00 0.90
2.30 1.30 0.90
2.90 1.30 0.60
2.30 0.30 0.90
2.30 1.60 0.60
2.30 -0.30 0.90
2.90 1.30 0.60
2.30 0.30 0.90
2.30 0.30 0.90
2.30 1.30 0.60
2.30 -0.30 0.90
2.00 1.00 0.60
2.30 0.30 0.90
1.70 0.30 0.90
2.00 1.30 0.60
2.00 0.00 -0.40
2.00 1.00 0.60
1.70 0.00 0.90
2.00 1.00 0.60
0.70 0.30 0.60
1.70 -0.30 0.90
2.00 1.60 0.90
1.70 -0.60 0.90
0.70 1.00 0.90
0.70 1.00 0.60
0.40 -0.60 0.60
1.70 1.60 -0.40
0.70 -0.60 -0.40
0.70 1.30 0.60
1.70 1.00 0.60
1.70 0.00 0.60
0.40 1.30 0.60
0.70 -0.30 0.60
0.70 1.30 -0.40
1.70 0.30 0.90
0.10 -0.30 0.60
0.70 1.00 0.60
0.40 -0.30 0.90
0.70 1.00 -0.70
0.40 0.00 0.60
0.70 0.30 0.90
0.40 1.00 0.60
0.70 -0.30 0.60
0.40 1.00 -0.40
0.70 0.30 0.60
0.40 0.00 0.90
1.70 0.30 0.60
2025 2 5 0 59 35 535
202.84 201.52 200.97 72.20 71.50 72.50 545.43 574.00 281.38 5.82 101.57 7.44 108.13 200.17 198.74 197.65
0.30 0.30 0.60
-0.90 -0.30 0.90
0.00 0.00 -0.30
0.00 0.00 0.90
0.00 0.30 -0.30
-0.60 -0.30 -0.30
0.00 0.90 -0.30
0.00 0.00 -0.30
0.30 0.00 0.60
-0.60 0.30 0.60
-0.60 0.00 -0.30
0.00 0.30 0.90
0.00 0.90 0.90
0.00 0.00 0.60
0.00 0.00 0.90
0.00 0.30 0.60
0.00 0.30 0.90
0.00 0.30 0.60
0.00 0.00 -0.30
0.00 0.00 0.60
0.00 1.20 -0.30
-0.60 -0.60 -0.30
0.00 0.30 0.60
0.00 0.90 0.90
0.30 0.00 0.60
0.00 0.90 0.60
0.00 0.00 -0.30
0.00 0.30 -0.30
0.00 0.30 -0.30
-0.60 -0.30 0.60
-0.60 0.30 0.60
0.00 -0.30 0.60
0.00 0.90 0.60
-0.90 -0.30 -0.30
0.30 0.00 -0.30
-0.60 0.90 0.60
0.00 0.30 0.90
0.00 0.00 0.60
0.00 0.00 0.60
-0.60 0.30 0.60
0.00 0.00 0.90
-0.60 -0.30 -0.30
0.00 0.90 -0.30
-0.60 0.00 0.60
0.00 0.00 -0.30
-0.60 0.00 0.60
0.00 0.30 -0.60
0.00 0.90 0.60
0.30 -0.30 -0.30
-0.60 0.00 1.90
0.00 0.00 9.40
0.00 0.90 30.40
10.70 14.10 46.70
38.30 53.00 60.60
72.20 71.50 68.40
72.20 71.50 72.50
72.20 71.50 72.50
72.20 71.50 72.50
72.20 71.50 72.50
72.20 71.50 72.50
72.20 71.50 72.50
72.20 71.50 72.50
72.20 71.50 72.50
72.20 71.50 72.50
72.20 71.50 72.50
72.20 71.50 72.50
72.20 71.50 72.20
72.20 71.50 70.00
72.20 71.50 68.10
72.20 71.50 66.50
72.20 71.50 65.30
72.20 71.50 62.70
72.20 71.50 62.10
72.20 71.50 59.60
72.20 71.50 58.40
72.20 71.50 56.50
72.20 71.50 56.50
72.20 71.50 56.20
72.20 71.50 54.00
72.20 71.50 51.10
72.20 71.50 49.90
72.20 71.50 49.30
72.20 71.50 47.10
72.20 71.50 46.10
72.20 71.50 44.90
72.20 71.50 43.90
72.20 71.50 41.40
72.20 71.50 40.50
72.20 71.50 39.20
72.20 71.50 38.30
72.20 71.50 37.00
72.20 71.50 36.40
72.20 71.50 35.10
72.20 71.50 33.60
72.20 71.50 33.30
72.20 71.50 31.40
72.20 71.50 30.40
72.20 71.50 29.50
72.20 71.50 29.20
72.20 71.50 27.90
72.20 71.50 27.00
72.20 71.50 26.70
72.20 71.50 26.00
72.20 71.50 25.40
72.20 71.50 24.20
72.20 71.50 23.50
72.20 71.50 22.60
72.20 71.50 21.30
72.20 71.50 20.70
72.20 71.50 20.40
72.20 71.50 19.50
72.20 71.50 19.50
72.20 71.50 18.50
72.20 71.50 18.20
72.20 71.50 17.60
72.20 71.50 16.90
72.20 71.50 16.30
69.70 71.50 16.00
67.80 71.50 16.00
65.30 71.50 15.40
64.00 71.50 14.70
61.80 71.50 14.70
59.60 69.00 13.50
58.10 67.70 13.50
56.20 66.20 12.60
54.00 64.00 12.60
52.40 62.40 12.20
51.20 59.60 12.20
50.50 58.60 11.30
48.30 57.10 11.30
46.80 55.20 10.40
46.10 55.20 9.70
44.60 52.40 9.70
42.40 51.40 9.40
41.70 49.90 9.40
40.50 48.30 9.10
39.20 47.40 8.20
37.70 45.20 8.50
37.30 45.20 8.20
36.10 42.30 7.80
34.80 41.70 7.80
33.60 40.10 7.80
33.30 38.60 7.50
31.70 38.30 7.50
30.40 37.00 6.60
29.50 36.70 6.90
29.20 35.70 6.30
27.90 33.90 6.30
27.60 32.90 6.00
26.70 31.70 6.30
26.70 31.00 6.00
26.10 30.10 6.00
25.70 29.80 6.00
24.80 27.60 5.30
24.50 27.60 4.70
23.50 26.60 5.30
23.20 26.00 5.00
22.00 25.40 5.00
21.70 24.10 5.00
21.00 25.10 4.70
21.00 24.10 4.70
19.50 22.30 4.10
19.50 22.90 4.70
18.80 21.60 3.80
18.80 21.30 3.80
17.60 20.40 3.80
17.30 20.10 3.80
16.60 19.70 3.50
16.60 19.40 3.80
15.70 18.20 3.80
16.00 18.20 3.10
14.80 18.20 3.50
14.80 17.20 3.50
14.40 16.90 3.10
14.40 16.90 3.10
13.50 15.40 3.10
13.50 15.70 3.10
13.50 14.40 2.20
12.90 14.40 2.20
12.90 14.40 3.10
12.30 13.20 2.20
11.90 14.10 2.50
12.30 13.20 3.10
11.00 13.20 2.50
11.00 12.80 2.20
10.70 12.20 2.50
10.70 12.20 2.20
10.10 11.30 2.20
10.10 12.20 2.20
9.10 11.30 1.90
9.10 11.30 1.90
8.20 11.30 2.20
8.20 10.30 1.90
8.20 11.00 1.90
8.20 9.70 1.90
8.20 9.70 1.90
8.20 11.00 1.30
7.50 8.50 1.90
7.90 9.70 1.90
7.90 8.50 1.90
2025 2 5 1 6 9 359
197.61 191.02 189.37 42.30 38.20 8.10 148.21 130.65 34.08 27.66 97.54 19.01 13.87 195.51 189.82 198.36
0.20 -0.10 0.50
0.50 -0.10 0.50
0.20 0.30 -0.40
0.20 -0.10 0.50
-0.40 -0.40 -0.40
0.20 -0.10 -0.40
-0.40 -0.40 0.50
0.20 0.30 0.50
0.20 -0.70 -0.40
-0.40 -0.10 -0.40
-0.40 -0.10 0.50
0.20 -0.10 0.50
-0.40 -0.40 0.50
0.20 -0.10 -0.40
0.20 -0.10 0.90
0.20 -0.10 -0.40
-0.40 -0.40 -0.40
0.50 -0.40 0.50
-0.70 -0.10 0.90
0.90 -0.40 0.90
-0.40 -0.10 0.50
0.90 -0.40 -0.40
0.20 -0.40 0.50
0.20 0.90 -0.40
-0.40 -1.30 0.50
0.20 -0.10 0.50
0.20 -0.40 -0.40
0.20 -0.10 0.50
-0.40 0.90 -0.40
0.50 -1.30 -0.40
0.20 0.90 0.50
0.20 -0.10 0.50
0.20 -0.70 0.50
0.50 0.90 -0.40
0.20 -1.30 -0.40
0.20 0.90 0.90
0.20 -0.40 0.50
0.20 -0.40 -0.40
0.20 0.30 -0.40
-0.40 -0.70 -0.40
-0.40 0.30 -0.40
0.20 -0.70 -0.40
0.20 -0.10 -0.40
0.50 -0.10 0.50
0.20 -0.70 -0.40
0.20 0.90 -0.40
0.20 -1.30 0.90
0.20 0.90 0.90
-0.40 0.30 3.00
0.90 4.30 3.70
3.00 13.10 5.90
9.60 18.10 6.80
15.30 25.00 7.80
21.20 29.40 7.80
29.40 33.20 8.10
36.60 37.00 7.80
39.40 36.70 8.10
41.90 38.20 8.10
42.30 36.70 8.10
42.30 37.00 8.10
41.90 37.30 8.10
41.30 35.70 7.80
39.80 36.00 8.10
39.80 34.10 7.80
39.10 34.10 7.40
38.20 33.20 6.80
36.60 32.30 6.80
36.60 32.90 6.50
35.40 30.10 7.40
34.70 29.70 6.50
33.50 29.40 6.50
33.50 28.20 6.20
31.00 28.20 5.90
30.70 26.00 5.90
29.70 25.40 5.90
29.10 26.60 5.90
28.10 23.80 5.90
27.80 24.10 5.90
26.90 23.80 5.20
26.60 22.80 5.20
25.00 22.20 4.90
25.30 21.60 4.90
24.10 21.30 4.90
23.80 20.30 4.00
22.20 19.40 4.60
21.90 19.40 4.60
20.90 18.80 4.00
20.60 18.10 4.00
19.40 17.20 4.00
19.70 17.20 3.70
19.00 16.90 3.40
18.40 15.90 3.70
17.80 15.90 3.70
17.50 15.00 3.70
16.90 15.60 3.40
16.50 15.00 3.40
15.30 13.70 3.40
15.30 15.00 3.40
14.70 13.10 3.00
14.70 13.70 3.00
13.70 13.10 3.40
13.70 12.20 3.00
13.40 12.50 2.40
13.10 12.20 2.40
11.20 11.20 3.00
12.10 11.60 2.10
10.90 10.30 2.40
10.60 11.60 2.10
10.60 9.70 2.10
10.30 10.00 2.10
9.60 10.30 2.10
9.60 8.40 2.10
9.00 9.70 1.80
9.60 8.40 2.10
9.60 8.40 2.10
9.30 8.70 1.80
9.00 6.50 2.10
9.00 8.70 1.80
8.40 6.50 1.80
9.00 7.50 1.80
7.80 6.80 2.10
8.10 5.60 1.80
7.80 7.50 1.80
7.80 5.60 1.80
7.40 5.90 1.20
7.40 5.90 1.20
6.50 5.30 1.80
6.80 6.80 1.80
6.50 4.30 1.80
6.50 5.30 1.20
6.20 5.00 1.80
6.50 5.00 1.80
5.20 4.30 1.20
5.90 4.00 1.20
5.20 5.30 1.80
4.90 4.00 1.80
5.20 4.30 1.20
4.90 4.00 0.90
4.60 3.10 1.20
4.90 4.00 0.90
4.60 3.10 1.20
4.60 3.70 0.90
4.00 3.10 0.90
4.60 3.10 1.20
3.70 3.10 0.90
4.00 2.50 0.90
3.40 2.80 1.20
4.60 3.10 0.90
3.40 2.50 1.20
3.70 3.10 1.20
3.40 2.50 0.90
3.40 2.50 0.90
3.40 2.80 0.90
3.40 1.50 0.90
3.40 2.80 0.50
3.40 2.10 0.90
3.40 1.50 1.20
3.70 2.80 0.50
3.00 1.50 1.20
3.40 2.50 0.90
3.00 1.50 1.20
3.40 1.20 -0.40
3.00 2.80 0.50
3.40 0.90 0.50
3.00 1.50 0.90
3.40 1.50 0.90
2.40 0.90 0.90
3.00 2.50 0.90
2.40 0.90 0.90
3.00 1.20 0.50
2.40 1.20 1.80
2.40 1.20 1.20
2.40 0.30 1.20
2.40 1.20 0.90
2.40 1.20 1.20
2.40 0.30 0.90
2.40 1.20 1.20
2.40 0.90 0.50
2.10 0.90 1.20
2.10 1.20 0.50
2.10 0.30 0.90
2.10 1.50 0.90
1.80 1.20 0.50
2.10 0.90 0.90
1.80 1.50 0.90
1.80 0.90 0.90
2.10 0.90 0.90
2.10 1.20 0.90
1.80 -0.10 0.90
2.10 1.20 0.50
2.10 0.30 1.20
0.90 0.90 0.90
1.80 1.20 0.90
0.90 0.90 0.90
0.90 0.90 0.90
2.10 -0.10 0.50
0.50 0.30 1.20
0.90 0.30 0.90
0.90 0.30 0.50
0.50 1.20 0.50
2025 2 5 1 6 39 509
199.90 203.79 196.50 18.70 20.30 23.00 66.87 76.78 85.73 15.66 181.44 17.94 176.01 201.13 205.09 196.79
-0.10 1.20 0.40
-0.10 -0.70 -0.90
-0.10 0.20 0.40
0.20 -0.10 0.40
-0.70 -0.70 0.40
-0.10 1.20 0.40
-0.10 -0.40 0.40
-0.10 0.20 -0.50
-0.10 -0.10 0.70
0.20 0.90 -0.50
-0.70 -0.10 -0.50
0.20 -0.70 -0.50
-0.10 0.20 0.70
-0.10 -0.70 -0.50
-0.10 0.20 -0.50
-0.10 0.20 0.40
-0.10 -0.40 -0.50
0.20 0.90 -0.50
-0.70 -0.70 -0.50
0.20 0.90 -0.50
-0.10 -0.40 -0.50
-0.10 -0.40 -0.90
-0.10 0.90 -0.50
0.20 -0.40 0.40
-0.10 1.20 0.70
-0.10 -0.10 -0.90
-0.10 0.20 0.40
-0.10 0.20 -0.50
-0.10 -0.40 0.70
-0.10 0.90 0.70
-0.70 -0.40 0.70
-0.10 0.20 1.00
-0.10 -0.40 1.00
0.20 0.20 0.70
-0.70 0.20 0.70
-0.10 -0.40 0.40
-0.10 0.90 0.70
0.20 -0.40 0.40
-0.10 -0.10 0.40
-0.10 -0.10 0.70
-0.10 -0.40 0.40
0.20 -0.10 0.40
-0.10 0.20 0.40
-0.10 -0.10 0.40
-0.10 -0.10 0.40
-0.10 -0.10 0.40
-0.10 -0.10 0.40
0.20 0.20 0.40
-0.10 0.20 0.70
0.20 0.20 3.90
-0.70 -0.40 9.50
2.10 0.90 12.30
6.20 2.40 16.70
10.30 5.30 19.50
10.90 8.40 20.80
14.60 12.20 22.10
15.60 15.90 22.40
17.20 17.50 22.40
17.80 18.80 23.00
18.10 19.70 22.40
17.80 19.70 22.40
18.70 19.70 22.10
18.10 20.30 22.40
17.80 20.00 22.10
17.50 19.70 21.10
17.80 20.00 20.50
17.20 19.40 20.50
17.20 19.40 20.20
15.90 18.80 20.20
15.90 18.10 19.20
15.90 18.10 18.90
15.60 17.50 18.00
14.60 17.50 18.00
14.60 17.50 17.30
13.40 16.90 16.70
13.40 15.90 17.30
13.10 15.30 16.40
13.70 15.30 14.80
13.10 15.00 15.80
13.10 14.40 15.10
12.10 13.70 14.50
11.80 14.00 13.90
10.90 14.00 13.30
10.90 12.80 13.30
10.60 13.10 13.00
10.30 12.20 12.00
9.90 11.50 12.00
9.90 12.50 12.00
9.30 10.30 11.70
9.00 11.50 12.00
8.10 10.30 11.10
8.70 11.20 10.40
8.10 10.90 10.40
8.10 10.00 10.10
7.70 10.90 10.10
7.70 9.30 9.50
7.40 10.30 8.90
7.70 9.30 8.90
7.10 8.70 8.20
6.50 9.70 7.90
6.20 7.50 8.20
7.10 9.70 7.60
6.20 7.50 7.60
6.20 8.10 7.30
5.90 8.70 7.30
5.90 6.50 6.70
5.50 8.10 6.70
5.50 6.80 6.10
4.90 6.80 6.10
5.50 7.50 6.10
4.60 5.60 6.40
4.90 6.80 6.10
4.90 5.60 6.10
4.60 5.90 5.70
3.70 4.30 5.10
4.60 5.30 5.10
4.30 5.30 5.10
4.30 5.00 4.80
3.70 5.00 4.80
4.30 5.00 4.50
3.40 5.30 4.50
4.30 5.00 4.50
3.40 4.00 3.50
3.40 4.30 3.50
3.00 4.00 3.90
3.40 4.00 3.50
3.00 4.00 3.90
3.40 3.70 3.50
2.70 3.10 3.50
3.40 3.70 3.20
3.00 2.80 3.20
3.00 3.10 3.20
2.70 2.80 3.20
2.70 3.10 3.20
2.70 3.70 2.90
2.10 2.80 3.20
2.10 2.80 2.90
2.70 2.80 2.90
2.10 2.10 2.90
2.10 3.10 2.30
2.10 2.10 2.30
2.10 2.80 2.00
2.10 2.10 2.00
2.10 2.80 2.00
1.80 2.40 2.30
2.10 1.50 2.30
1.50 2.80 2.00
1.80 1.50 2.00
1.80 2.10 2.00
1.50 2.80 1.70
1.50 1.50 1.70
1.80 2.40 1.70
1.50 1.20 2.00
1.50 1.50 1.70
1.80 2.40 2.00
1.80 1.20 1.70
0.50 2.10 1.70
1.80 1.20 1.70
0.50 1.20 1.00
1.50 2.10 1.00
1.50 1.20 1.00
1.50 2.10 1.00
1.50 1.50 1.00
1.50 1.20 0.70
0.50 1.20 0.70
0.50 1.20 1.00
1.80 1.20 1.70
1.80 0.20 1.00
1.50 1.50 1.70
1.80 1.20 1.00
1.50 -0.10 1.00
1.80 1.50 1.00
1.50 -0.10 1.00
1.50 1.20 1.00
1.50 0.90 1.00
0.50 0.20 0.70
1.50 1.20 1.70
0.50 0.90 1.00
0.50 0.90 0.70
1.50 1.20 1.00
0.50 0.20 1.00
0.50 1.20 1.00
0.50 -0.10 0.70
0.50 1.20 0.70
0.50 0.90 1.70
1.50 1.20 0.70
0.20 0.90 1.00
0.50 0.20 0.70
0.50 0.90 1.00
1.50 0.20 0.70
0.20 0.20 1.70
0.50 0.90 0.70
0.50 0.20 1.00
0.50 1.20 0.70
0.20 -0.10 0.70
0.50 0.20 1.00
0.20 0.90 0.70
1.50 0.20 0.70
0.50 0.90 0.70
0.20 0.20 0.70
2025 2 5 1 12 11 65
191.94 198.32 197.69 19.40 71.30 20.70 67.44 303.34 74.09 22.01 266.43 11.31 316.09 194.30 194.52 198.34
0.00 0.70 -0.70
0.00 -0.60 -0.70
0.30 -0.30 -0.70
0.00 0.10 0.30
0.00 -0.60 -0.70
-0.60 -0.30 0.30
0.00 -0.60 -0.70
-0.60 -0.30 -0.70
0.00 0.10 -0.70
-0.60 -0.60 -0.70
0.00 0.10 -0.70
-0.60 -0.60 -1.00
0.00 -0.60 -0.70
-0.60 -0.60 -0.70
-0.60 -0.30 0.30
-0.60 0.10 -0.70
0.00 -0.60 -0.70
-0.60 -0.60 -0.70
0.00 0.70 -0.70
-0.60 -0.30 -0.70
0.00 0.70 -0.70
0.00 -0.30 0.30
0.30 0.10 -0.70
0.00 0.10 0.30
0.00 0.10 0.30
-0.60 -0.30 -0.70
0.00 -0.30 0.30
0.00 0.10 0.30
0.00 0.10 -0.70
0.00 -0.30 0.30
0.00 0.10 0.30
0.00 -0.60 -0.70
0.00 0.70 -1.00
0.00 -0.30 0.30
0.60 -0.30 0.30
0.00 0.10 -0.70
0.00 0.10 -0.70
-0.60 0.10 -0.70
0.30 -0.30 -0.70
0.00 -0.30 0.30
0.00 0.10 -0.70
-0.60 0.10 0.30
-0.60 -0.30 -0.70
0.00 -0.30 -0.70
0.60 -0.30 -0.70
-0.60 -0.30 -0.70
0.00 0.10 -0.70
-0.60 -0.30 -0.70
1.50 0.10 0.60
3.10 -0.30 1.90
5.00 2.60 7.20
8.80 12.00 11.60
12.20 23.00 16.30
15.70 39.90 17.50
17.50 56.50 18.20
17.50 70.00 20.40
19.10 71.30 20.00
19.10 71.30 20.40
19.40 71.30 20.70
19.10 71.30 20.40
19.10 71.30 20.40
18.80 71.30 20.70
18.80 71.30 20.70
18.80 71.30 20.40
17.90 71.30 19.40
17.50 71.30 19.10
17.50 71.30 18.80
16.60 71.30 18.80
16.30 71.30 17.90
15.70 71.30 17.90
15.00 71.30 17.20
14.70 71.30 16.60
15.00 71.30 16.00
13.80 70.00 16.00
14.40 67.20 15.70
13.20 65.90 15.00
13.50 64.10 14.70
12.20 62.50 13.80
12.80 60.90 13.80
12.20 59.70 13.50
11.00 57.50 13.10
11.00 55.60 12.80
10.60 54.30 12.20
10.30 52.80 11.90
10.30 51.50 11.60
10.00 49.90 11.60
10.00 48.10 11.60
9.40 47.10 10.00
9.10 45.20 10.30
8.80 44.00 9.40
8.10 43.00 9.10
8.10 40.80 8.80
7.80 40.80 9.10
7.50 39.60 8.80
7.50 37.40 8.10
7.20 37.10 7.80
7.50 35.80 7.80
6.60 34.20 7.50
6.60 33.90 7.50
6.60 32.10 7.20
6.30 32.40 6.60
5.90 31.10 7.20
5.90 29.50 6.20
5.60 29.20 6.20
5.60 28.00 5.60
5.00 27.00 5.90
5.60 26.70 5.60
5.00 25.20 5.60
5.00 24.20 5.00
4.70 23.90 5.00
4.40 22.60 5.00
4.40 22.30 4.40
4.40 22.30 4.70
3.70 20.80 4.70
4.40 20.10 4.70
4.40 19.80 4.40
4.40 19.20 4.40
3.40 18.60 3.40
3.70 17.90 4.40
3.10 17.90 3.70
3.70 17.90 3.40
3.10 15.40 3.40
3.10 15.70 3.40
3.40 15.70 3.40
3.10 14.80 3.10
2.80 15.10 2.80
3.10 14.20 3.40
2.80 13.90 3.40
3.10 13.90 2.80
2.20 13.50 3.10
2.80 13.50 2.80
2.80 12.60 2.80
2.80 12.60 2.80
2.20 12.00 2.80
2.20 12.00 2.20
2.20 11.00 2.20
2.20 11.30 2.20
1.90 11.30 2.20
2.20 10.70 2.20
1.90 9.80 2.20
2.20 10.70 2.80
1.90 9.20 1.90
1.90 9.80 1.90
1.90 9.20 1.50
1.90 8.50 1.50
1.50 9.50 1.50
1.50 7.90 1.50
0.60 8.50 1.90
1.50 8.20 1.50
1.50 7.90 1.50
0.60 8.50 1.50
1.90 7.30 1.50
1.50 7.30 1.50
0.60 6.60 1.50
1.50 6.60 1.50
0.60 6.60 1.50
1.50 6.60 0.90
0.60 6.30 0.60
1.50 6.30 0.90
0.60 6.30 0.90
1.50 5.70 1.50
0.60 5.10 0.90
0.60 5.70 1.50
0.30 5.10 0.90
0.60 5.10 0.90
0.30 4.80 0.90
1.50 5.10 0.90
0.30 4.10 0.90
1.50 4.10 0.60
0.30 4.80 0.60
0.30 4.10 0.60
0.00 3.80 0.60
0.60 4.80 0.60
0.30 4.10 1.50
0.60 4.10 1.50
0.60 4.80 1.50
0.60 3.80 0.90
0.00 4.10 1.50
0.60 3.80 1.50
0.00 4.10 1.50
0.60 4.10 0.90
0.30 2.90 0.90
0.60 4.10 0.90
0.30 3.50 0.60
0.60 3.50 0.90
0.30 3.50 0.90
1.50 2.60 1.50
1.50 2.90 0.90
2.20 2.90 0.90
0.60 2.60 1.50
1.50 2.90 0.60
1.50 2.20 1.50
1.50 2.90 0.60
0.30 2.60 0.60
0.60 2.90 0.90
0.60 2.60 1.50
1.50 2.60 0.60
0.60 2.20 0.60
0.60 1.90 0.30
0.00 2.60 0.30
2025 2 5 1 23 2 22
195.97 207.25 201.11 72.30 71.40 72.10 680.87 437.18 286.67 33.34 245.55 30.16 238.86 194.70 205.30 198.28
-0.50 -0.40 -0.70
0.10 -0.10 -0.70
0.10 -0.10 -1.00
0.10 -0.40 0.20
0.40 -0.10 -0.70
0.40 -0.10 -0.70
0.10 -0.40 0.20
0.10 0.20 -1.00
0.10 -0.70 0.20
0.40 -0.10 -0.70
0.10 0.20 0.20
0.10 0.20 -0.70
0.10 0.20 -0.70
0.40 -0.10 0.20
0.10 0.20 0.20
0.40 0.20 0.20
0.40 -0.10 -0.70
0.10 -0.10 -0.70
-0.50 -0.40 -0.70
0.40 0.80 -1.00
0.10 -0.40 -0.70
0.40 0.80 0.20
-0.50 0.20 -0.70
0.40 -0.40 -0.70
0.10 0.80 -0.70
0.10 -0.40 -0.70
0.10 0.20 -0.70
0.10 0.80 -0.70
0.10 -0.40 -0.70
0.40 0.80 -1.00
-0.50 0.20 -1.00
0.10 -0.40 -0.70
0.10 0.80 0.20
0.10 -0.10 -0.70
0.10 -0.10 0.20
0.40 0.20 -0.70
0.10 -0.40 -0.70
0.10 0.80 -0.70
0.10 -0.10 -0.70
0.10 -0.40 -0.70
0.10 -0.10 -0.70
0.40 0.20 -1.00
-0.50 -0.40 -0.70
0.40 -0.70 -0.70
0.10 0.80 -1.00
0.10 -0.40 -0.70
-0.50 0.20 0.20
0.10 0.20 -1.00
0.10 -0.40 0.60
0.40 1.20 -0.70
2.00 -1.40 9.30
31.80 0.20 27.80
72.30 1.20 44.80
72.30 5.20 59.50
72.30 25.90 69.60
72.30 53.20 72.10
72.30 71.40 72.10
72.30 71.40 72.10
72.30 71.40 72.10
72.30 71.40 72.10
72.30 71.40 72.10
72.30 71.40 72.10
72.30 71.40 72.10
72.30 71.40 72.10
72.30 71.40 72.10
72.30 71.40 72.10
72.30 71.40 72.10
72.30 71.40 72.10
72.30 71.40 70.80
72.30 71.40 69.30
72.30 71.40 67.40
72.30 71.40 65.80
72.30 71.40 63.60
72.30 71.40 61.70
72.30 71.40 60.20
72.30 71.40 58.30
72.30 71.40 58.30
72.30 71.40 56.70
72.30 71.40 56.10
72.30 71.40 53.90
72.30 71.40 51.70
72.30 71.40 50.40
72.30 71.40 49.20
72.30 71.40 47.60
72.30 71.40 46.40
72.30 71.40 44.80
72.30 71.40 43.50
72.30 71.40 42.30
72.30 71.40 41.00
72.30 71.40 39.50
72.30 71.40 38.20
72.30 71.40 37.60
72.30 71.40 36.60
72.30 71.40 35.70
72.30 71.40 34.70
72.30 71.40 33.50
72.30 71.40 32.20
72.30 71.40 30.70
72.30 71.40 30.40
72.30 71.40 29.40
72.30 68.30 29.10
72.30 67.30 27.80
72.30 64.50 27.20
72.30 63.90 26.00
72.30 61.70 25.00
72.30 58.90 24.40
72.30 58.20 23.80
72.30 55.70 23.50
72.30 55.10 22.80
72.30 52.90 21.90
72.30 51.00 20.90
72.30 50.40 20.30
72.30 48.50 20.30
72.30 47.30 19.40
72.30 45.70 18.70
72.30 43.80 18.10
72.30 43.20 17.50
72.30 41.60 17.20
72.30 40.40 16.20
72.30 39.40 15.90
72.30 38.20 15.60
72.30 37.20 15.00
72.30 35.30 15.00
72.30 34.40 14.40
72.30 33.20 13.70
72.30 33.20 13.40
72.30 31.60 13.10
72.30 30.30 12.80
72.30 30.30 12.80
72.30 29.40 12.20
72.30 28.80 11.80
72.30 28.10 11.50
72.30 26.60 11.50
72.30 26.60 10.90
72.30 25.00 10.30
72.30 24.10 10.00
72.30 24.10 9.30
72.30 22.50 9.30
72.30 22.20 9.00
72.30 21.50 8.70
70.70 20.90 8.10
69.10 20.30 7.80
67.00 19.70 8.70
66.00 18.70 7.50
63.50 19.30 7.50
61.90 18.10 7.50
60.40 17.20 7.10
58.50 16.80 7.10
56.90 15.60 6.50
56.30 15.60 6.20
53.50 15.30 5.90
52.50 14.30 6.20
50.60 14.30 6.20
49.40 13.70 5.90
47.50 13.10 5.90
46.60 13.10 5.60
45.00 12.80 5.90
43.40 12.10 5.60
42.20 12.10 4.90
40.90 11.50 4.90
40.30 10.90 4.90
39.30 11.20 4.60
37.50 9.90 4.90
36.80 9.90 4.60
36.20 9.90 4.60
35.30 9.30 4.30
34.00 9.90 4.30
33.40 8.70 3.70
32.10 9.60 4.60
32.10 9.60 3.70
30.60 8.40 3.70
30.60 8.70 3.40
29.30 8.10 3.70
28.40 8.10 3.40
27.70 8.10 3.10
27.40 7.40 3.10
26.50 7.40 3.10
26.20 6.50 3.10
24.90 8.10 2.70
24.60 5.90 2.70
24.00 7.40 2.70
23.30 7.40 2.10
22.10 5.50 2.70
22.10 7.40 2.70
21.10 5.50 2.70
20.80 5.50 2.10
20.20 5.90 2.10
20.20 5.20 2.10
19.30 5.90 1.80
19.00 4.90 1.80
17.70 5.20 2.10
17.70 5.20 1.80
17.40 4.30 1.80
16.80 5.20 1.80
16.10 4.00 1.80
16.10 4.90 1.50
15.20 4.00 1.50
15.20 5.20 1.50
14.60 3.70 1.50
14.60 3.70 1.50
2025 2 5 1 28 24 995
200.12 197.10 199.34 30.40 19.40 30.40 109.12 65.96 102.03 8.13 54.05 1.97 79.95 198.95 198.32 198.48
0.00 -0.30 0.60
-0.60 -0.30 -0.30
0.00 0.00 -0.60
0.00 -1.00 -0.60
0.00 -0.30 -0.30
-0.60 0.00 0.60
-0.60 -1.00 -0.30
0.00 0.00 0.60
-0.60 -1.00 -0.60
0.00 -0.30 -0.30
0.00 0.00 -0.30
-0.90 -1.00 -0.30
0.00 0.00 -0.60
-0.60 -0.60 -0.30
0.00 -0.60 -0.30
0.00 -0.30 -0.60
0.00 -0.60 -0.30
-0.60 -0.30 0.60
0.00 0.00 -0.30
-0.60 -1.00 -0.30
0.00 -0.30 -0.30
0.00 -0.60 -0.30
-0.60 -0.30 -0.30
-0.60 -1.00 -0.30
0.30 -0.30 0.60
-0.60 0.00 -0.30
0.00 0.00 -0.30
-0.60 -0.60 0.60
0.00 0.00 -0.30
0.30 -0.60 0.60
0.00 0.00 -0.30
0.00 -0.30 -0.30
0.30 -0.30 -0.30
-0.60 0.60 -0.60
0.00 -0.30 -0.60
0.00 -0.30 -0.30
0.00 -0.30 -0.30
0.00 -0.60 -0.30
0.00 -0.30 -0.60
0.00 -0.30 -0.30
0.30 -0.30 -0.30
0.00 -0.30 -0.30
0.00 0.00 0.60
-0.60 -0.60 -0.30
0.30 -0.30 -0.30
-0.60 -0.60 -0.60
0.30 -0.30 -0.30
0.00 0.00 -0.30
0.00 -0.60 -0.30
0.00 -0.60 1.90
2.20 1.90 6.90
4.40 4.10 14.70
8.10 8.50 19.40
16.30 12.20 23.80
21.00 13.50 26.30
23.50 14.70 29.20
26.00 16.60 29.80
27.60 17.90 29.80
29.20 19.10 30.40
30.10 18.50 29.50
30.40 19.40 29.20
30.40 19.10 28.20
30.40 19.10 27.90
29.50 18.20 27.00
29.50 17.90 26.30
29.20 17.90 26.00
28.90 16.90 25.40
27.60 17.90 24.10
27.30 16.60 23.50
26.70 16.60 23.20
26.00 16.60 22.30
25.10 14.70 21.30
25.10 15.40 21.00
23.80 14.10 20.40
23.20 14.10 19.40
22.00 14.10 19.40
21.60 13.50 18.50
21.60 13.50 18.20
20.70 12.50 18.20
20.40 11.90 17.50
20.10 12.50 17.50
19.10 11.30 16.30
18.80 11.30 16.00
17.90 10.70 15.40
17.90 10.70 16.00
17.20 10.00 15.00
17.20 10.70 14.70
15.70 9.40 14.10
16.00 9.40 13.80
16.00 9.70 13.50
15.10 9.10 12.50
14.40 9.10 12.50
14.40 9.10 12.50
13.80 7.80 11.90
13.50 9.10 10.60
13.20 7.20 11.90
12.90 7.80 10.60
12.90 8.50 10.30
12.20 6.60 9.70
10.70 7.20 10.30
10.70 7.20 9.70
10.70 6.30 9.40
10.30 7.20 9.40
10.00 6.30 9.10
9.40 6.30 8.10
9.10 5.60 8.10
9.40 5.60 7.80
8.10 5.30 7.80
9.10 5.00 7.50
8.10 4.70 7.50
7.80 5.30 6.90
7.80 4.10 6.90
7.80 5.00 6.90
7.50 4.10 6.30
7.20 4.70 5.90
6.60 4.70 6.30
7.50 4.10 5.30
6.60 4.70 5.90
6.60 3.80 5.90
6.30 4.10 5.90
6.00 4.10 5.30
6.30 2.80 5.30
6.30 4.70 5.00
5.60 2.20 4.70
6.00 4.10 4.70
5.00 2.80 4.70
5.00 2.50 4.10
4.70 3.40 4.10
4.70 2.20 3.70
4.70 2.80 4.10
5.00 2.50 4.10
3.80 2.50 4.70
4.40 2.80 3.70
4.40 2.20 3.70
3.80 3.80 3.40
3.40 1.20 3.70
3.80 2.80 3.40
3.10 2.20 3.10
3.40 2.20 2.50
3.10 2.50 3.10
3.40 0.90 2.50
3.40 2.20 2.50
3.40 2.20 3.10
3.10 1.20 3.10
3.10 2.20 2.20
3.10 0.90 2.20
3.40 2.20 2.50
2.80 1.90 2.20
3.10 0.90 2.50
3.10 1.90 2.20
3.10 0.90 2.20
2.20 1.20 2.20
2.20 1.90 1.90
2.20 0.90 2.20
2.20 1.90 1.90
2.20 1.20 2.20
2.20 0.90 1.90
2.20 1.20 1.90
2.80 0.90 1.90
1.90 0.90 1.90
2.20 1.20 1.20
2.20 0.90 1.90
2.20 0.90 1.90
1.90 0.60 1.20
2.20 0.90 1.90
1.90 0.90 1.90
2.20 0.90 1.20
0.60 0.90 1.20
1.90 0.60 1.90
0.60 0.90 1.20
1.60 0.60 0.90
0.60 0.90 1.90
1.90 0.90 1.20
1.60 0.60 1.20
1.60 0.90 1.20
0.30 0.60 1.20
0.60 0.90 1.20
0.60 0.60 1.90
1.60 0.60 0.90
0.60 0.90 1.20
0.60 -0.30 1.90
0.30 0.60 1.90
0.60 0.60 1.20
0.60 -0.30 0.90
0.60 0.60 1.20
0.60 -0.30 0.90
0.60 0.00 0.60
0.30 0.00 1.20
1.60 -0.30 1.20
0.30 0.90 0.90
0.60 0.60 0.90
0.00 0.00 1.20
0.60 0.60 1.20
0.60 -0.60 0.90
0.60 0.90 0.90
0.30 -0.60 0.90
0.60 0.00 0.90
0.30 0.00 0.90
1.60 -0.30 0.90
0.30 0.90 0.60
2025 2 5 1 31 22 763
189.46 187.60 195.46 9.60 14.40 17.40 35.30 47.65 60.54 18.76 334.75 21.36 57.61 199.21 191.50 196.77
0.10 0.00 0.80
-0.50 0.00 -0.40
0.10 0.00 0.50
0.10 0.30 0.80
-0.80 -0.60 0.50
-0.50 0.30 0.50
0.10 -0.30 -0.80
0.10 0.00 0.50
0.10 0.30 0.50
0.10 -0.60 -0.80
-0.50 0.00 0.50
0.50 0.30 -0.40
-0.50 -0.30 -0.40
0.10 0.30 0.50
0.10 -0.30 0.50
0.10 -0.30 0.50
0.10 0.30 0.50
0.10 0.00 -0.40
0.10 -0.30 0.50
0.10 -0.30 -0.40
-0.50 0.30 0.50
0.10 -0.30 0.50
0.10 0.90 0.80
0.10 -0.30 -0.40
-0.50 0.30 0.50
0.50 0.30 0.80
-0.50 -0.60 -0.40
0.10 1.20 -0.80
-0.50 -0.60 0.50
0.50 0.00 -0.40
0.10 0.00 0.50
0.10 -0.60 0.80
-0.50 0.30 0.50
0.10 -0.60 0.50
0.10 0.00 0.80
0.10 0.30 0.50
-0.50 -0.30 0.50
0.50 0.90 0.50
-0.50 -0.60 0.80
0.10 0.90 0.50
-0.50 -0.60 0.80
0.10 0.30 0.50
-0.50 0.90 0.50
0.10 -0.60 0.50
0.10 1.20 0.50
0.10 -0.60 -0.80
0.10 0.30 0.50
0.50 0.90 0.50
0.50 1.20 0.80
2.30 4.40 3.90
3.00 5.60 9.60
4.50 11.00 13.70
6.70 11.30 14.90
7.70 13.20 16.20
7.70 14.10 16.80
8.90 13.80 16.80
9.20 14.40 17.40
9.20 13.20 17.40
9.60 14.40 17.40
9.60 13.80 17.40
9.60 13.20 16.50
9.60 14.10 16.50
9.20 11.60 16.50
9.60 13.20 15.20
8.30 12.20 15.20
9.20 11.60 14.90
8.30 12.50 14.00
8.30 11.00 14.00
8.00 11.30 13.70
8.00 11.00 13.40
7.70 10.30 13.00
7.70 10.00 12.10
7.40 9.70 12.40
7.70 10.00 12.10
6.70 9.70 12.10
6.70 9.40 11.80
6.40 8.50 10.50
6.40 8.80 10.50
6.40 8.10 10.50
6.40 8.10 10.20
6.10 8.50 9.60
6.10 6.90 9.30
5.80 7.50 9.30
5.80 7.50 9.00
5.20 6.90 8.30
5.20 6.90 8.00
5.20 5.60 7.70
5.20 6.90 7.70
4.80 5.30 7.40
4.80 6.60 7.40
4.50 5.90 7.40
4.50 5.60 6.50
3.90 5.60 6.80
4.50 5.30 6.10
4.50 5.00 6.10
3.90 5.30 6.10
3.60 4.40 6.10
4.50 5.00 5.20
3.90 4.40 5.80
3.90 4.40 5.20
3.60 4.40 5.20
3.60 4.40 4.90
3.30 3.80 4.90
3.60 3.80 4.60
3.30 4.10 4.60
3.30 3.10 4.60
2.30 4.10 4.60
3.30 3.10 3.90
3.00 3.10 4.60
3.30 4.10 3.90
2.30 2.20 3.90
3.00 4.10 3.60
2.30 2.50 3.60
2.30 2.50 3.60
2.30 3.10 3.30
2.30 1.60 3.30
2.30 3.10 3.60
2.30 2.20 3.60
2.00 2.20 3.00
2.00 2.50 3.30
1.70 1.60 3.00
2.30 2.50 3.00
1.70 1.60 3.00
2.00 2.50 3.00
1.70 1.60 2.10
2.00 1.60 2.10
1.70 2.80 2.40
1.70 2.20 2.40
1.70 2.50 2.40
1.70 1.20 1.80
1.70 1.20 2.10
1.70 2.50 1.80
0.80 0.30 1.80
1.70 2.50 1.80
1.70 1.20 2.10
1.70 1.20 2.10
0.50 1.60 1.80
1.70 0.90 2.10
0.50 1.60 1.80
1.70 1.20 1.80
0.50 1.60 1.80
0.50 1.20 1.10
0.50 1.20 2.10
0.80 1.20 1.10
1.70 0.30 1.80
0.80 1.60 1.10
0.50 0.00 1.10
0.50 1.60 1.10
0.10 0.30 1.10
0.80 0.00 1.10
0.50 2.20 0.80
1.70 0.00 1.80
0.50 0.90 0.80
0.50 1.20 1.10
0.50 0.30 0.80
0.10 0.90 0.80
0.10 0.90 1.10
0.80 1.20 1.10
0.50 0.30 1.10
0.80 0.90 1.10
0.50 0.30 0.80
0.50 0.30 1.10
0.10 0.90 0.80
0.50 0.30 1.10
0.50 0.90 1.10
0.10 0.30 0.80
0.10 0.90 0.80
0.80 1.20 0.80
0.10 0.00 1.10
0.50 0.30 0.50
0.10 0.00 0.80
0.10 0.30 0.50
0.10 0.00 0.80
0.80 0.30 0.50
0.10 0.30 0.80
0.50 0.30 0.80
0.50 0.30 0.50
0.50 0.00 0.80
0.10 0.90 0.80
0.80 0.00 -0.80
0.10 -0.30 0.80
0.50 0.90 0.50
0.10 -0.30 0.50
0.50 1.20 0.80
0.10 0.30 0.80
0.10 0.00 0.50
0.10 0.90 0.50
0.10 0.00 0.50
0.10 0.30 0.50
0.80 0.30 0.50
0.10 0.30 0.80
0.50 0.90 -0.40
0.10 0.00 0.50
0.50 0.30 0.50
-0.50 0.00 0.80
0.50 0.90 0.50
-0.50 -0.60 0.50
0.50 0.00 -0.40
-0.50 0.30 -0.40
0.10 0.00 -0.40
2025 2 5 1 38 7 586
195.97 191.84 196.00 21.80 21.00 22.00 82.11 75.66 70.86 11.31 38.36 10.17 42.24 196.70 192.95 196.48
0.10 0.30 -0.60
-0.50 0.00 0.30
0.40 0.00 -0.90
-0.50 1.00 -0.90
0.10 -0.30 -0.60
0.10 1.30 0.30
0.10 -0.30 -0.60
0.10 0.00 -0.60
0.40 1.00 0.60
0.10 -0.60 0.30
0.10 1.00 -0.60
0.10 -0.30 0.60
-0.50 0.30 0.30
0.10 0.30 0.30
0.10 -0.30 0.30
0.10 0.30 0.30
0.40 -0.60 0.30
-0.50 0.30 0.30
-0.50 0.00 -0.60
0.10 -0.30 0.30
0.40 1.00 -0.90
-0.50 -0.30 -0.60
0.10 0.30 0.30
0.10 -0.30 0.60
0.10 0.00 0.30
-0.50 0.00 -0.60
0.10 -0.60 0.30
0.10 1.30 -0.60
0.10 -0.30 0.30
0.10 -0.30 -0.60
0.10 0.30 -0.60
0.10 -0.60 0.60
0.10 1.00 0.30
0.10 -0.60 0.30
0.10 0.00 0.30
0.10 1.00 -0.60
0.10 -0.60 -0.60
-0.50 1.00 0.30
0.10 0.00 -0.60
0.10 0.00 0.60
0.10 0.30 0.30
0.10 -0.30 0.60
0.10 0.30 -0.60
0.10 -0.30 0.30
0.40 1.00 0.60
0.10 0.00 -0.60
0.10 0.30 0.30
0.10 0.30 0.30
0.10 -0.30 0.60
0.10 2.50 4.40
2.90 5.40 9.40
6.40 9.40 14.40
10.20 13.20 17.90
14.60 15.70 18.80
17.70 18.20 19.50
18.30 19.50 20.70
19.60 20.10 22.00
20.80 21.00 22.00
21.80 21.00 21.00
21.10 20.40 20.10
21.80 20.40 20.40
21.10 20.10 19.50
20.80 19.80 19.20
21.10 19.80 18.80
20.80 18.50 17.90
20.50 19.80 17.30
20.50 18.80 17.30
19.60 18.50 16.30
19.60 18.50 16.30
18.90 17.00 15.70
18.30 17.60 14.80
17.70 16.00 14.40
17.40 16.00 14.40
17.40 15.70 13.80
16.80 14.40 13.50
16.40 15.10 13.50
16.40 14.10 13.20
15.80 14.40 12.90
15.20 13.20 13.20
14.90 12.90 11.90
14.90 13.80 11.60
13.60 11.30 11.90
13.90 13.80 10.40
13.30 11.00 10.40
13.90 11.00 10.10
12.40 11.60 10.10
12.40 9.70 9.40
11.10 11.30 9.40
12.00 9.70 8.80
10.80 10.10 8.80
10.50 9.40 8.20
10.50 8.80 7.90
10.50 9.40 7.90
9.50 7.50 7.50
10.20 8.80 7.50
8.90 7.50 7.50
8.90 7.50 7.20
8.30 8.20 6.60
8.30 6.60 6.30
8.30 7.50 6.30
8.00 6.60 6.30
7.70 6.60 5.70
7.30 6.90 6.00
7.30 5.70 6.00
7.70 6.90 5.70
6.40 6.00 5.70
6.70 6.00 5.70
6.40 6.00 5.00
6.70 5.70 5.00
6.10 5.70 4.70
6.10 5.40 4.70
5.10 5.40 4.40
5.80 5.70 4.40
5.10 4.40 4.40
5.10 5.70 3.50
4.80 4.10 3.80
5.10 5.40 3.50
4.80 5.40 3.50
4.50 3.80 3.50
4.80 5.40 3.50
4.50 3.20 3.50
3.90 4.10 3.50
4.50 4.40 2.80
3.90 3.20 3.50
3.90 4.40 3.20
3.60 3.20 3.20
3.60 2.80 2.80
3.60 3.80 3.20
3.60 2.50 2.80
3.30 3.80 2.20
3.30 3.20 2.20
3.30 2.50 2.20
3.30 3.20 2.20
2.90 2.80 2.20
2.90 2.80 1.90
2.90 2.20 2.20
2.90 2.50 2.80
2.00 2.50 1.90
3.30 2.50 1.90
2.90 2.20 2.20
2.30 2.20 1.90
2.00 2.20 1.90
2.30 2.50 1.90
2.30 1.60 1.60
2.90 2.20 1.60
2.00 2.50 1.90
2.30 1.60 1.60
2.00 2.50 1.60
2.00 1.60 1.60
1.70 1.60 1.60
2.00 2.20 1.60
2.30 1.30 1.60
2.00 2.20 1.00
2.00 1.00 1.00
2.30 2.80 1.00
1.70 1.30 1.60
2.30 1.60 1.00
2.00 1.30 1.00
2.00 0.30 0.60
1.70 2.20 1.60
2.00 1.00 0.60
2.00 1.30 1.00
2.00 1.30 0.60
2.00 -0.30 1.60
1.70 2.50 1.00
1.70 0.00 1.60
2.00 1.60 1.00
1.70 1.60 1.60
2.00 0.30 1.00
1.70 2.20 1.00
1.70 0.30 0.60
1.70 1.60 1.60
2.00 1.30 0.60
0.80 0.30 0.60
1.70 1.30 1.00
0.80 0.00 1.00
1.70 1.30 1.00
0.80 0.00 1.00
1.70 0.30 1.00
0.40 1.00 1.00
1.70 0.30 0.60
0.80 1.00 0.60
0.80 0.00 0.30
0.40 1.00 0.60
0.80 1.30 1.00
0.40 0.00 0.60
1.70 0.30 0.60
0.80 0.30 1.00
0.40 0.30 0.30
0.40 0.00 0.60
0.40 0.30 0.60
0.80 0.30 0.60
1.70 1.00 0.30
0.40 0.00 0.60
0.40 0.30 0.30
0.40 0.00 0.60
0.80 0.30 0.30
0.10 0.30 0.30
0.40 0.30 0.30
0.80 0.30 0.60
2025 2 5 1 41 19 993
195.81 198.56 200.05 72.30 71.50 32.50 358.81 441.79 107.98 12.97 284.18 18.63 292.96 192.56 195.58 198.94
0.10 -0.60 -0.50
0.10 0.00 -0.80
0.40 -0.30 -0.80
0.10 -0.30 -0.80
-0.50 0.00 0.50
0.10 0.00 0.50
0.10 0.30 0.50
0.10 0.00 -0.50
-0.50 0.00 -0.80
0.10 0.30 -0.50
0.40 -0.30 0.50
0.10 0.90 0.50
-0.50 -0.30 -0.50
0.40 -0.30 -0.50
0.10 0.00 -0.50
0.10 0.00 -0.50
0.10 0.30 -0.50
0.10 -0.60 0.50
0.10 -0.30 0.50
0.10 0.30 0.50
-0.50 -0.30 -0.50
0.10 0.00 0.50
0.10 -0.30 -0.50
0.10 0.30 -0.50
-0.50 -0.60 -0.50
0.10 0.00 0.50
0.10 0.00 0.50
0.10 -0.30 -0.50
-0.50 0.30 0.50
0.10 0.00 -0.80
0.10 -0.60 -0.50
0.10 0.90 -0.50
-0.50 -1.20 0.50
0.40 0.00 -0.80
0.10 0.00 -0.80
-0.50 -0.30 -0.80
0.10 0.90 0.50
-0.50 -0.60 0.50
0.10 -0.30 -0.50
0.10 0.00 -0.50
-0.50 -0.60 -0.50
0.10 0.30 -0.50
-0.50 -1.20 0.50
0.10 1.30 -0.50
0.10 -0.60 -0.80
0.40 -0.30 -0.50
-0.50 0.90 -0.50
0.10 -0.60 -0.50
0.10 0.90 -0.80
0.70 -0.60 1.10
8.30 0.90 6.40
24.60 8.80 14.60
41.20 29.50 19.60
63.20 58.40 24.00
72.30 71.50 28.40
72.30 71.50 30.30
72.30 71.50 30.60
72.30 71.50 31.20
72.30 71.50 32.50
72.30 71.50 31.80
72.30 71.50 30.90
72.30 71.50 30.60
72.30 71.50 30.30
72.30 71.50 29.00
72.30 71.50 28.40
72.30 71.50 27.40
72.30 71.50 27.40
72.30 71.50 26.50
72.30 71.50 25.90
72.30 71.50 24.90
72.30 71.50 24.60
72.30 71.50 24.00
72.30 71.50 23.00
72.30 71.50 22.40
72.30 71.50 21.20
72.30 71.50 20.80
72.30 71.50 20.80
72.30 71.50 20.20
72.30 71.50 20.20
72.30 71.50 19.30
72.30 71.50 18.30
71.30 71.50 18.00
69.10 71.50 17.70
67.60 71.50 16.50
64.70 71.50 16.50
63.50 71.50 15.80
61.30 71.50 15.20
59.70 71.50 14.90
57.50 71.50 14.60
56.60 71.50 13.90
54.10 71.50 13.60
52.50 71.50 13.00
51.20 71.50 13.00
49.70 71.50 12.10
48.10 71.50 11.70
46.90 71.50 12.10
45.00 71.50 11.70
44.00 70.60 10.50
42.50 70.00 10.50
41.80 67.10 9.60
40.30 65.60 9.60
39.30 64.00 9.60
38.10 61.50 9.60
36.80 60.20 8.90
35.90 57.70 9.60
34.90 56.80 8.30
34.00 54.60 8.30
33.40 53.00 8.00
32.10 51.10 8.00
31.20 49.90 8.00
30.50 48.90 7.70
29.60 47.10 7.40
29.00 45.80 6.70
28.00 43.90 6.70
27.40 43.00 6.70
26.80 42.40 6.40
25.20 40.20 6.10
25.20 39.50 5.80
23.90 38.60 5.80
23.60 37.00 5.80
22.10 36.10 6.10
22.10 34.20 5.20
20.80 33.90 5.20
20.80 33.30 4.80
20.20 31.40 4.50
19.60 31.40 4.50
18.90 29.50 4.50
18.00 28.90 4.50
17.70 28.60 3.90
17.40 26.70 3.90
16.70 27.00 3.90
16.70 25.40 3.60
16.10 24.20 3.90
15.20 24.20 3.60
15.20 22.90 3.60
14.50 22.90 3.60
13.90 21.70 3.60
13.90 21.00 3.30
13.00 20.40 3.60
13.30 19.80 3.00
12.30 19.50 3.00
12.30 18.50 3.30
12.00 18.20 3.30
12.00 18.20 3.00
11.10 17.30 3.00
11.10 17.30 3.00
10.10 15.70 2.30
10.50 15.70 2.00
9.50 15.40 2.00
9.50 15.10 2.30
9.50 14.10 2.30
9.20 14.10 2.00
8.90 13.80 2.00
8.90 13.80 1.70
8.30 13.80 2.00
7.90 13.20 1.70
7.60 12.60 2.00
7.60 12.90 2.00
7.60 12.60 2.00
7.30 12.60 2.00
6.70 12.60 1.70
7.30 11.30 1.70
6.70 11.60 2.30
6.40 11.30 1.70
6.40 10.00 2.00
6.40 11.00 2.00
6.10 9.70 1.10
6.10 10.00 1.70
6.10 9.70 1.70
6.10 8.50 1.10
5.10 9.70 1.70
5.80 8.80 1.70
4.80 8.80 1.10
5.10 8.80 1.70
5.10 8.20 1.70
4.80 8.50 1.10
4.50 6.90 1.70
4.50 8.20 1.70
4.50 6.90 1.10
4.50 7.50 0.80
3.90 7.50 1.70
3.90 6.00 1.70
3.90 6.90 0.80
4.50 6.00 1.10
3.60 6.60 0.80
4.50 5.70 1.10
3.90 5.30 1.10
4.50 5.70 0.80
3.60 5.30 1.10
3.90 5.30 0.80
3.60 5.30 0.80
3.60 5.30 1.10
3.20 5.00 0.80
3.60 5.00 0.80
2.90 4.40 0.80
2.90 5.00 0.50
2.90 5.30 0.80
3.20 4.10 0.80
2.90 4.10 1.10
2.30 5.00 0.80
2025 2 5 1 58 11 424
194.60 195.63 201.58 72.20 71.50 72.40 730.04 455.46 538.08 19.65 310.87 23.15 311.88 192.22 193.28 200.37
0.30 1.20 0.50
0.00 -0.70 -0.70
0.00 1.20 -0.40
0.00 0.30 0.50
0.00 -0.40 0.50
0.00 1.20 -0.40
0.00 -0.70 -0.40
0.00 1.20 -0.40
0.00 -0.10 -0.40
-0.60 -0.40 0.50
0.30 1.20 -0.40
0.00 -0.70 -0.70
0.00 0.30 0.50
0.00 -0.10 0.50
0.00 -0.10 -0.70
0.30 -0.10 -0.40
0.00 -0.10 -0.40
0.00 0.30 -0.40
0.00 -0.40 -0.40
0.00 -0.10 0.50
0.30 -0.10 0.50
-0.60 -0.10 0.50
0.30 0.30 -0.40
0.30 -0.40 0.50
0.30 1.20 -0.40
0.00 -0.40 0.50
0.00 0.30 -0.70
0.30 -0.10 0.50
0.00 0.30 0.50
0.00 0.90 -0.40
0.00 0.30 -0.40
0.00 0.30 -0.40
0.00 -0.10 0.50
-0.60 -0.10 0.50
0.30 0.30 0.50
0.00 -0.10 -0.40
0.00 0.90 -0.40
0.00 0.30 -0.40
0.00 0.30 0.50
0.00 0.30 -0.40
0.30 -0.10 -0.40
0.00 -0.10 -0.40
0.00 0.90 -0.40
0.00 -0.40 -0.40
0.00 -0.10 -0.70
0.00 0.30 0.50
0.30 -0.10 0.50
0.00 -0.10 0.50
0.00 0.30 -0.40
0.30 -0.10 -0.40
10.10 5.30 2.10
68.10 22.20 33.50
72.20 50.10 72.40
72.20 71.50 72.40
72.20 71.50 72.40
72.20 71.50 72.40
72.20 71.50 72.40
72.20 71.50 72.40
72.20 71.50 72.40
72.20 71.50 72.40
72.20 71.50 72.40
72.20 71.50 72.40
72.20 71.50 72.40
72.20 71.50 72.40
72.20 71.50 72.40
72.20 71.50 72.40
72.20 71.50 72.40
72.20 71.50 72.40
72.20 71.50 72.40
72.20 71.50 72.40
72.20 71.50 72.40
72.20 71.50 72.40
72.20 71.50 72.40
72.20 71.50 72.40
72.20 71.50 72.40
72.20 71.50 72.40
72.20 71.50 72.40
72.20 71.50 72.40
72.20 71.50 72.40
72.20 71.50 72.40
72.20 71.50 72.40
72.20 71.50 72.40
72.20 71.50 72.40
72.20 71.50 72.40
72.20 71.50 72.40
72.20 71.50 72.40
72.20 71.50 72.40
72.20 71.50 72.40
72.20 71.50 72.40
72.20 71.50 72.40
72.20 71.50 72.40
72.20 71.50 72.40
72.20 71.50 72.40
72.20 71.50 72.40
72.20 71.50 72.40
72.20 71.50 72.40
72.20 71.50 72.40
72.20 71.50 72.40
72.20 71.50 72.40
72.20 70.20 72.40
72.20 68.30 72.40
72.20 66.10 72.40
72.20 64.30 72.40
72.20 62.70 72.40
72.20 60.50 72.40
72.20 58.60 72.40
72.20 58.30 72.40
72.20 55.80 72.40
72.20 55.50 72.40
72.20 54.20 72.40
72.20 52.30 72.40
72.20 51.40 72.40
72.20 48.90 72.40
72.20 48.30 70.80
72.20 47.30 69.20
72.20 45.40 66.70
72.20 43.90 64.80
72.20 42.60 62.30
72.20 41.40 60.80
72.20 40.40 58.60
72.20 39.80 57.90
72.20 37.60 56.10
72.20 37.30 54.20
72.20 35.40 52.30
72.20 34.40 50.70
72.20 33.80 49.20
72.20 32.90 48.20
72.20 32.60 47.00
72.20 30.40 45.40
72.20 30.40 43.80
72.20 29.40 41.90
72.20 27.20 41.90
72.20 27.50 40.70
72.20 26.60 39.70
72.20 26.60 39.10
72.20 24.10 37.50
72.20 23.80 36.30
72.20 23.80 35.00
72.20 22.20 34.10
72.20 22.20 33.80
72.20 21.60 33.20
72.20 21.00 31.00
72.20 20.30 30.30
72.20 18.80 29.40
72.20 19.70 29.10
72.20 18.10 28.10
72.20 17.20 26.90
72.20 17.50 26.30
72.20 16.90 25.90
69.30 16.90 24.70
68.10 15.30 24.10
66.50 15.00 23.70
64.60 14.40 22.50
63.10 13.10 22.50
61.80 14.10 21.20
60.20 12.80 21.20
58.40 13.10 20.30
56.80 12.50 20.30
55.90 11.50 19.40
53.70 11.50 18.10
52.10 10.90 17.80
50.50 11.50 17.80
49.30 11.20 17.80
47.70 10.00 16.80
46.80 10.30 16.20
45.80 9.70 16.20
44.90 10.30 15.30
43.30 9.40 15.30
43.00 8.70 14.60
41.70 8.70 14.00
40.80 7.50 13.70
39.50 8.70 13.40
38.90 7.50 13.10
38.90 6.80 12.50
37.70 8.10 12.10
36.70 5.90 12.10
36.10 7.50 11.20
34.50 5.90 11.80
33.90 5.90 10.30
33.60 6.50 10.60
33.30 5.30 10.30
32.00 5.90 9.60
31.70 5.90 9.60
31.10 5.60 9.30
30.40 5.30 9.00
29.20 5.00 9.00
28.90 5.30 8.10
27.60 5.00 8.40
27.60 5.30 8.10
26.10 5.00 7.70
25.70 5.30 7.70
24.80 4.30 7.40
24.80 4.00 7.40
23.90 4.00 7.40
23.50 4.00 7.40
23.20 3.70 6.80
21.70 3.70 6.50
21.70 3.70 6.50
20.70 3.10 6.50
20.40 4.00 6.50
2025 2 5 2 6 39 421
188.35 196.59 183.08 10.70 27.00 5.90 39.41 97.66 21.64 30.41 188.70 13.83 270.95 192.48 196.29 196.40
0.10 0.00 0.50
0.10 0.00 0.50
0.10 -0.30 0.50
0.40 0.00 -0.70
0.10 -0.30 -0.70
0.40 -0.30 -0.40
0.10 -0.30 -0.40
0.70 -0.30 -0.40
0.40 0.00 -0.40
0.40 -0.30 -0.40
0.10 -0.60 0.50
0.10 0.90 -0.40
0.10 -0.60 -0.40
0.40 0.90 -0.40
0.10 -0.30 -0.40
0.40 -0.60 0.50
0.10 0.30 0.50
0.10 -0.60 -0.70
0.40 -0.30 0.50
0.70 0.00 0.50
0.10 -0.30 -0.40
0.40 1.30 -0.40
0.40 0.00 -0.40
0.40 0.00 -0.40
0.10 0.30 -0.70
0.40 0.00 0.50
0.10 -0.30 -0.40
0.40 0.30 0.50
0.40 0.00 -0.40
0.10 0.00 -0.70
0.10 0.30 0.50
-0.60 -0.30 0.50
0.10 0.00 0.50
0.40 0.30 0.80
0.10 0.00 -0.40
0.10 0.00 0.50
0.10 0.00 0.50
0.10 0.90 0.50
0.10 -0.30 -0.40
0.10 -0.30 0.50
0.10 -0.30 0.50
0.40 0.30 -0.40
0.40 0.30 -0.40
0.40 0.00 0.50
0.10 0.00 -0.40
0.10 0.00 0.50
-0.60 0.00 1.80
0.70 -0.30 3.00
0.40 0.00 4.00
3.80 0.00 4.90
6.00 1.30 5.90
6.60 6.60 5.20
9.20 11.00 5.90
10.40 18.50 4.90
10.10 21.30 5.90
10.70 23.20 5.20
10.70 25.10 5.20
10.70 24.50 4.90
10.70 26.70 5.20
10.40 26.70 4.90
10.10 26.00 5.20
10.40 27.00 4.00
10.40 24.50 4.90
10.40 26.70 4.00
10.10 24.20 4.60
9.50 23.80 3.70
9.50 22.90 4.60
9.20 22.30 4.00
8.20 22.30 3.70
8.20 21.00 3.70
8.20 21.00 3.70
7.90 20.40 3.70
8.20 20.10 3.70
7.60 19.40 3.40
7.60 18.50 4.00
7.60 18.50 3.40
6.60 17.60 3.00
7.60 17.60 3.00
7.30 16.00 3.40
6.60 15.70 3.00
6.30 15.40 3.00
6.30 14.40 2.40
6.30 15.10 3.00
6.30 14.10 2.40
5.70 14.10 2.40
5.70 13.80 2.40
5.10 13.80 2.40
5.10 13.80 2.10
5.10 12.50 2.10
5.10 12.50 1.80
4.80 12.50 2.10
4.80 11.60 2.10
4.80 12.20 1.80
4.40 11.60 1.80
4.40 11.00 1.80
4.40 11.30 1.80
3.80 10.00 1.80
4.40 10.00 1.80
3.50 10.30 1.80
3.50 9.40 2.10
3.50 9.70 1.80
3.80 9.70 1.80
2.90 8.50 1.80
3.20 9.70 1.80
3.20 8.20 1.80
3.20 8.80 1.20
3.20 8.80 1.20
3.20 7.50 0.80
2.90 8.20 1.80
2.90 7.50 1.20
2.90 6.60 1.20
2.90 7.50 1.80
2.20 6.60 1.20
2.20 6.60 1.80
2.20 6.60 1.80
2.20 6.00 1.20
1.90 5.30 0.80
1.90 6.00 1.20
2.20 5.00 1.80
1.90 5.30 0.80
1.60 5.30 1.20
2.20 4.10 1.20
2.20 5.00 0.80
2.20 5.00 0.80
1.90 4.40 0.80
1.90 5.00 1.20
1.60 4.40 1.20
1.60 5.00 1.20
1.60 4.10 1.80
0.70 4.40 1.20
1.60 4.10 1.20
1.90 4.10 1.20
0.70 3.80 1.20
1.90 4.10 1.20
1.60 3.10 1.20
0.70 3.10 1.20
0.70 3.10 0.80
1.90 3.10 1.20
0.70 3.10 0.80
1.60 3.80 1.20
0.40 3.10 0.80
1.60 2.80 0.50
1.60 3.10 1.20
0.70 2.50 0.80
0.70 2.50 1.20
0.70 3.10 -0.40
0.40 2.20 0.50
0.70 2.80 0.80
0.40 2.20 1.20
0.40 2.50 0.80
0.40 2.50 1.20
0.70 1.60 0.80
0.40 2.20 0.80
0.70 1.60 0.80
0.40 2.20 0.80
0.40 2.20 0.50
0.40 2.20 0.80
0.40 2.20 -0.40
0.70 1.30 0.80
0.40 2.80 0.50
0.10 1.30 0.50
0.70 2.20 0.50
0.40 1.60 1.20
0.70 1.30 0.80
0.40 2.50 0.80
0.70 1.30 0.80
0.10 2.20 0.80
0.70 2.20 -0.40
0.10 1.30 0.50
0.40 1.60 0.80
0.10 1.30 0.50
0.10 2.50 0.80
0.70 2.50 0.50
0.70 2.80 0.50
0.10 2.20 0.80
0.40 2.50 0.50
0.40 2.80 0.50
0.40 2.20 0.50
0.70 2.50 0.80
0.40 2.20 0.50
0.10 2.20 -0.40
0.70 2.50 0.50
0.40 1.60 -0.40
0.70 2.20 0.50
0.40 2.20 -0.40
0.10 2.50 0.50
0.40 1.30 0.50
0.10 2.20 0.80
0.10 2.20 0.80
0.40 2.20 0.50
0.40 2.50 0.50
0.40 0.90 0.80
0.10 2.50 0.80
0.10 1.60 0.50
0.10 1.60 0.50
0.40 3.10 0.50
0.10 2.20 -0.40
0.10 3.10 0.50
0.10 2.20 0.50
0.40 2.20 0.50
2025 2 5 2 8 50 26
194.31 201.47 200.71 30.10 28.30 10.10 109.26 94.85 32.58 24.76 266.18 41.17 286.88 193.39 200.90 206.07
0.30 1.00 -0.80
0.00 -1.20 -0.50
0.00 0.40 -0.80
-0.90 -0.60 -0.50
-0.60 0.40 -0.50
0.00 0.40 -0.50
-0.60 -0.60 0.40
0.00 0.00 -0.50
0.00 -0.30 -0.80
0.00 -0.30 -0.50
-0.60 0.40 -0.50
-0.90 -0.30 0.40
0.00 0.40 -0.80
0.00 -0.30 0.40
-0.60 -0.30 -0.50
-0.60 0.40 0.40
0.00 0.40 -0.50
-0.60 -0.30 -0.50
0.00 0.00 -0.50
-0.60 0.00 0.40
0.00 0.00 -0.50
0.00 0.00 -0.50
0.00 -0.30 -0.50
-0.60 0.00 0.70
0.00 0.00 -0.80
0.00 -0.30 0.40
0.00 0.00 -0.50
0.00 -0.30 -0.50
0.30 0.00 -0.80
0.00 -0.30 -0.50
0.30 0.40 -0.50
0.00 -0.60 0.40
0.00 1.00 -0.80
-0.60 -0.30 -0.50
0.00 -0.60 -0.50
-0.60 1.00 0.40
0.00 -0.60 -0.50
-0.60 1.00 -0.50
0.30 0.00 0.40
-0.60 -0.60 0.40
0.00 1.30 -0.50
0.00 -1.50 -0.50
0.30 0.40 -0.50
-0.60 -0.60 0.40
0.00 -0.30 0.70
-0.60 0.40 -0.50
0.30 -0.60 -0.50
-0.60 0.40 0.40
0.00 0.00 -0.50
1.60 0.00 1.00
6.00 0.00 1.70
11.90 1.00 3.50
16.60 5.70 6.40
20.70 9.80 7.60
24.80 15.40 8.30
26.40 20.40 8.90
29.20 22.30 9.50
29.50 24.50 9.50
30.10 24.50 9.50
30.10 27.00 9.50
30.10 28.30 9.50
29.20 26.70 10.10
28.90 28.30 9.20
27.60 26.10 9.50
27.60 27.00 8.90
27.90 25.50 8.90
26.70 24.20 8.30
26.10 25.10 8.30
26.10 23.90 7.90
25.10 24.20 7.90
24.50 22.90 7.60
23.20 21.40 7.30
23.20 22.60 6.70
22.00 20.10 7.30
22.00 21.40 6.70
21.70 18.90 6.70
21.70 19.50 6.40
20.70 19.50 6.40
20.70 17.60 5.70
19.50 18.60 6.10
19.20 17.30 5.70
18.80 15.70 5.70
17.90 16.00 5.70
17.30 14.50 5.70
17.60 15.40 5.10
16.60 14.20 4.80
16.60 13.90 4.80
15.70 14.20 5.10
15.10 12.90 4.50
14.80 12.90 4.50
14.50 12.30 4.50
13.50 12.30 3.90
13.50 11.70 3.90
13.50 11.70 3.50
13.20 11.00 3.50
12.30 11.30 3.50
12.30 11.30 3.50
11.90 10.10 3.50
11.00 10.10 3.50
10.70 9.50 3.50
10.40 9.80 3.20
10.40 8.80 2.90
10.40 9.50 2.90
9.40 8.80 3.20
9.10 8.50 2.90
9.40 8.80 2.90
8.80 8.20 2.30
8.20 7.60 2.30
8.20 8.20 2.30
7.90 6.90 2.30
8.20 8.20 2.30
7.20 6.90 2.30
7.50 7.60 2.00
6.60 5.70 2.30
6.60 6.90 2.00
6.60 6.60 2.00
6.60 5.40 1.70
6.00 6.90 2.00
6.30 4.40 2.00
6.30 6.00 1.70
6.60 5.40 2.00
6.00 5.40 1.70
6.00 6.60 1.70
5.00 2.60 1.70
5.00 5.70 1.70
5.70 4.10 1.00
4.70 4.10 2.00
4.70 5.40 1.00
4.40 3.20 0.70
4.70 5.10 1.70
4.70 3.20 1.00
3.80 3.80 1.70
4.40 4.40 1.00
3.80 2.60 1.00
4.40 3.80 1.00
3.50 2.60 1.00
3.80 3.80 0.70
3.50 2.90 1.00
3.50 3.20 0.70
3.50 3.80 0.70
3.20 2.20 1.00
3.20 3.20 0.70
3.20 2.20 0.40
2.80 2.20 0.70
3.20 2.90 0.70
2.80 1.30 1.00
3.20 2.90 0.70
2.80 1.60 0.70
2.80 2.20 0.70
3.20 2.60 1.00
2.80 1.30 0.40
2.20 1.60 0.70
2.80 2.20 0.70
2.80 1.60 0.70
3.20 2.60 0.70
2.20 1.30 0.70
2.20 2.60 0.40
1.90 1.30 0.70
2.80 2.20 0.70
1.90 1.30 0.70
1.90 1.30 0.40
1.90 1.60 0.40
2.20 1.30 0.40
1.60 1.60 0.70
1.90 1.60 0.40
1.90 1.30 0.70
1.90 2.20 0.40
1.60 1.30 0.70
1.90 1.60 0.40
1.60 1.60 0.40
2.20 1.30 0.70
1.60 1.00 1.00
1.60 2.20 0.40
2.20 1.00 0.70
1.90 1.30 0.40
0.60 1.60 0.40
1.60 1.00 0.40
1.90 1.60 0.40
1.60 0.40 0.40
0.60 0.40 0.40
1.90 1.60 0.70
1.60 0.00 0.70
1.60 1.30 -0.50
0.60 0.00 0.40
1.60 1.30 0.40
0.60 1.30 0.40
0.60 0.40 0.40
0.30 1.30 0.70
1.60 0.40 -0.50
0.60 1.30 -0.50
0.60 0.00 0.40
0.60 1.30 0.70
0.60 1.30 0.40
0.30 -0.60 0.40
0.60 2.60 -0.50
0.60 0.00 0.70
0.60 1.30 -0.50
0.60 1.00 0.40
0.60 0.00 -0.80
0.30 1.60 0.70
2025 2 5 2 23 1 600
198.42 195.58 202.49 72.20 46.70 58.70 354.18 164.52 200.94 15.07 349.81 16.83 340.13 194.97 192.75 200.11
-0.50 -0.10 0.60
0.40 -0.40 -0.30
-0.50 0.90 -0.30
0.10 0.20 0.60
0.10 -0.10 -0.30
0.10 -0.10 0.60
-0.50 -0.10 -0.30
0.10 0.20 0.60
0.10 -0.10 -0.30
0.40 0.20 -0.30
0.10 -0.10 -0.30
0.10 0.90 -0.30
0.10 -0.40 0.90
0.40 0.20 0.60
0.40 0.20 -0.30
0.40 -0.40 -0.30
0.10 0.90 0.60
0.40 -0.10 0.60
0.10 -0.40 -0.30
0.10 0.90 -0.60
0.10 -0.40 -0.30
0.10 0.20 -0.60
0.10 0.20 0.60
0.10 -0.10 -0.30
0.10 0.90 0.60
0.70 -0.10 0.90
-0.50 -0.40 -0.30
0.40 1.20 -0.30
0.10 -0.70 -0.30
0.40 0.20 -0.30
0.10 -0.10 0.60
0.10 -0.40 -0.30
-0.50 0.20 -0.30
0.10 -0.40 -0.30
-0.50 -0.10 -0.30
0.10 0.20 -0.30
0.10 -0.70 -0.30
0.10 0.90 -0.30
0.10 -0.70 0.60
0.10 0.20 -0.60
0.10 0.20 -0.30
0.40 -0.10 0.60
-0.50 0.20 -0.30
0.10 -0.10 -0.30
0.10 0.20 -0.60
0.10 -0.10 -0.60
-0.50 -0.10 -0.30
0.10 -0.10 -0.30
-0.50 -0.40 -0.30
0.70 2.40 -0.60
3.20 5.60 4.70
13.90 12.80 16.00
32.10 19.40 28.50
51.80 26.00 39.50
71.00 30.40 45.50
72.20 35.70 51.40
72.20 39.50 55.20
72.20 40.10 57.70
72.20 41.00 58.00
72.20 44.20 58.70
72.20 43.80 58.00
72.20 46.70 56.80
72.20 45.10 56.20
72.20 45.40 54.30
72.20 45.40 52.40
72.20 42.30 51.40
72.20 42.90 49.90
72.20 41.30 48.60
72.20 39.80 47.70
72.20 40.10 46.40
72.20 38.20 45.20
72.20 37.60 43.60
72.20 35.70 42.30
72.20 34.40 41.10
72.20 34.10 39.50
72.20 32.90 38.60
72.20 32.90 39.20
72.20 31.60 38.60
72.20 31.30 37.60
72.20 30.40 36.10
71.90 29.40 35.10
69.70 28.80 34.20
67.50 27.20 33.90
66.30 26.90 31.40
63.80 26.60 31.10
62.20 26.00 29.80
60.30 24.40 29.50
58.40 24.40 27.90
56.90 22.80 27.00
55.30 22.20 26.30
53.10 22.20 26.30
52.20 22.20 25.40
50.90 20.90 24.20
49.30 20.90 23.50
47.80 19.70 23.50
46.80 20.00 22.60
45.90 18.40 21.30
44.00 18.70 20.70
42.10 18.40 20.70
41.80 17.20 19.80
40.20 17.50 19.10
38.40 15.90 18.20
37.70 15.30 18.20
36.50 15.30 17.60
35.20 14.40 17.60
34.60 13.70 16.30
33.30 14.00 16.00
32.10 13.10 15.10
31.80 12.50 15.40
30.80 13.70 14.70
29.30 11.20 14.10
29.30 12.20 13.50
28.00 11.50 13.20
28.00 10.00 12.50
26.40 11.50 12.50
26.40 9.70 12.20
25.80 10.00 12.20
24.60 10.00 11.30
23.30 8.70 10.70
23.30 10.30 10.30
22.00 8.10 10.30
21.70 9.30 9.40
20.80 8.40 9.70
20.20 8.10 9.10
19.20 8.10 9.10
19.20 7.50 9.10
18.90 8.10 8.20
18.00 5.90 7.80
18.00 6.80 7.80
17.30 6.80 7.80
16.40 5.60 7.80
16.40 6.80 7.50
15.10 5.30 6.90
15.80 5.90 7.80
14.80 5.30 7.80
14.50 5.30 6.90
14.50 5.60 6.90
14.50 4.90 6.90
13.30 5.60 6.30
13.30 4.90 6.60
12.90 4.30 6.60
12.30 4.90 6.30
11.10 4.00 6.00
12.30 5.60 6.00
10.80 4.00 5.30
11.10 5.30 5.30
10.40 4.30 5.30
10.10 4.00 5.00
9.20 5.30 5.30
10.10 3.10 4.70
9.50 4.00 5.00
9.20 3.70 4.70
8.20 3.10 4.70
8.90 4.30 4.70
8.20 3.10 4.70
7.90 3.70 3.80
7.90 3.70 4.10
7.90 3.10 3.80
6.70 3.10 4.10
6.70 2.70 3.80
6.70 2.70 3.40
7.30 3.10 3.40
7.30 3.10 3.80
7.30 2.40 3.40
7.30 2.40 3.80
6.70 2.70 3.10
6.00 2.40 3.40
6.40 2.70 3.10
6.00 2.40 3.10
5.70 2.40 3.10
6.00 2.10 3.10
5.70 2.10 2.50
5.10 2.10 2.50
5.70 2.10 2.50
4.80 1.50 2.50
5.10 1.50 2.20
5.10 2.10 2.20
5.10 2.10 1.90
4.80 1.20 2.50
4.80 1.50 1.90
4.50 1.20 2.20
4.80 1.50 2.20
3.80 1.20 2.20
4.50 1.20 1.90
4.50 1.50 1.90
3.80 1.20 2.20
3.50 1.50 1.90
3.50 1.20 1.90
3.50 0.90 1.90
4.50 1.20 1.90
3.50 0.20 1.90
3.50 1.50 1.90
3.20 0.20 1.90
3.20 1.20 1.90
2.30 0.90 1.30
3.20 1.20 1.90
2.90 1.50 0.90
2.90 -0.40 0.90
2.30 1.50 1.30
2.90 0.90 1.90
2025 2 5 2 25 36 57
201.22 194.26 203.75 43.90 71.50 9.10 157.34 268.98 33.24 21.91 19.71 55.21 347.53 198.70 190.34 212.00
0.00 0.30 -0.30
0.00 0.00 0.90
-0.60 0.00 -0.60
0.00 0.00 -0.30
0.00 0.30 -0.30
0.00 0.00 0.60
0.00 -0.60 -0.60
-0.60 0.00 -0.30
0.30 0.30 -0.60
-0.60 0.00 -0.30
0.30 0.00 0.60
-0.60 -0.30 -0.60
0.30 0.30 -0.30
0.00 -0.30 -0.60
0.30 0.30 -0.30
0.00 -0.30 0.60
0.00 0.00 -0.30
0.00 0.00 0.60
0.30 -0.30 0.60
0.00 0.00 -0.30
0.00 0.30 -0.60
0.00 0.00 0.60
0.00 0.00 0.60
-0.60 0.00 -0.30
0.00 0.00 -0.30
0.00 0.00 -0.30
0.00 0.00 -0.30
0.00 0.00 -0.30
0.00 0.30 -0.30
0.00 -0.30 0.60
0.30 0.30 -0.30
0.00 0.00 -0.30
0.30 0.30 -0.30
0.00 0.30 -0.60
0.30 0.30 -0.30
0.00 0.00 -0.30
0.00 0.30 -0.30
0.00 0.00 0.60
0.00 0.00 -0.30
0.00 0.00 -0.30
0.30 0.30 0.60
0.00 -0.30 0.60
0.00 0.00 -0.30
-0.60 -0.30 -0.30
0.30 0.00 0.60
0.30 0.00 -0.60
0.00 0.00 -0.30
0.00 0.30 -0.30
0.00 0.30 -0.30
0.00 3.10 -0.60
1.60 12.20 0.60
4.40 23.20 1.90
10.40 36.70 4.10
18.80 47.40 5.00
25.10 57.10 6.30
31.10 66.20 8.10
36.10 70.30 8.10
39.20 71.50 8.10
41.10 71.50 8.50
42.40 71.50 9.10
43.30 71.50 8.50
43.90 71.50 8.50
43.90 71.50 9.10
43.90 71.20 8.50
43.00 70.60 8.10
42.40 69.00 8.10
41.10 67.80 8.10
40.20 66.80 7.80
39.50 64.30 7.50
38.00 64.00 7.80
37.70 60.60 6.90
36.10 59.60 6.90
35.80 57.70 6.90
34.50 56.20 6.90
33.60 54.60 6.90
32.00 53.00 6.60
32.00 51.50 6.30
30.80 50.50 6.90
30.80 49.60 6.30
29.20 47.40 6.30
29.20 47.10 5.90
27.90 45.20 5.90
27.30 43.90 5.30
26.40 43.00 5.90
25.70 41.40 5.30
25.10 41.10 5.30
23.90 39.80 5.00
23.20 38.30 4.70
23.20 37.30 4.70
23.20 36.10 4.70
22.00 35.50 4.70
20.70 33.90 4.70
20.70 33.30 4.10
20.40 32.60 4.10
19.50 31.40 3.40
19.10 30.10 4.10
18.80 29.50 3.70
18.20 29.50 3.70
17.90 27.30 3.40
16.60 27.00 3.70
16.60 26.70 3.40
16.00 25.40 3.40
16.00 25.10 3.40
14.80 24.20 3.10
15.10 23.80 3.10
14.40 22.90 3.40
14.40 22.30 2.50
13.20 21.70 2.50
13.20 20.40 2.50
12.90 20.10 2.50
12.90 19.50 2.50
11.90 19.50 2.50
11.00 18.80 2.20
10.70 18.20 2.50
10.40 18.20 2.20
10.10 15.70 2.20
10.40 17.30 2.20
10.10 15.70 2.20
9.10 15.70 1.90
8.20 15.10 1.90
8.80 14.40 1.90
8.80 15.10 1.20
8.80 14.10 2.20
7.50 13.20 1.90
7.50 13.20 1.20
7.20 12.60 1.90
7.90 12.90 1.90
6.60 12.60 1.90
7.20 11.60 1.90
6.30 11.30 1.20
7.20 11.30 1.20
6.00 11.00 1.90
6.30 11.00 0.90
6.00 9.70 1.20
6.00 9.70 0.90
5.00 9.70 1.20
5.70 9.70 0.60
5.70 9.40 0.90
5.00 8.80 1.20
5.00 8.80 0.90
5.00 8.20 0.90
4.70 8.20 1.20
4.70 7.50 0.90
3.80 7.50 0.90
4.40 8.20 0.90
4.40 6.90 1.90
3.80 7.50 0.90
4.40 6.60 0.90
3.50 6.60 0.90
3.50 6.00 0.90
3.80 6.00 0.90
3.10 6.00 0.90
3.10 6.00 0.60
3.10 5.70 0.60
3.50 5.30 0.60
2.80 5.30 0.60
2.80 5.30 0.90
2.80 5.00 0.90
2.80 5.30 0.90
2.80 5.00 0.60
2.80 5.00 0.90
2.20 4.10 0.90
2.20 4.40 0.90
2.20 4.10 0.90
2.80 5.00 0.90
2.80 3.80 0.90
2.20 4.10 0.90
2.20 4.10 0.60
2.20 3.10 0.60
1.90 3.10 0.90
2.20 4.10 0.90
1.60 3.10 0.90
2.20 3.10 -0.30
1.90 2.80 0.90
1.90 3.10 0.60
0.60 2.80 0.60
1.90 3.80 0.60
1.60 2.50 0.60
1.90 2.80 0.60
1.90 3.10 -0.30
1.90 1.60 -0.30
1.60 3.10 -0.30
1.60 2.20 0.90
0.60 1.30 0.60
1.60 3.10 0.60
1.60 1.60 0.60
0.60 2.80 0.60
0.30 1.60 0.60
0.60 2.20 0.60
0.30 2.20 0.60
0.60 2.20 0.60
0.30 2.50 -0.30
1.60 1.60 -0.30
0.30 2.50 0.60
0.60 1.60 0.60
0.60 2.20 0.60
0.60 2.20 -0.30
0.30 0.90 0.90
0.30 3.10 0.60
0.30 0.90 0.90
2025 2 5 2 26 34 99
192.25 197.21 197.51 25.10 23.10 16.80 86.13 78.28 54.98 18.43 272.04 22.37 277.91 192.22 197.59 199.00
0.00 -0.40 -0.50
0.00 0.80 -0.50
0.00 -0.40 -0.50
0.00 -0.80 -0.80
-0.60 0.20 -0.50
-0.60 -0.40 -0.50
-0.60 0.20 -0.80
0.00 0.80 -0.50
-0.90 -0.10 -0.80
0.30 0.80 -0.50
-0.60 -0.40 -0.50
0.00 -0.10 -0.50
0.00 0.80 -0.50
0.00 -0.10 -0.80
-0.60 0.20 -0.50
0.00 -0.10 -0.50
-0.60 -0.40 -0.50
0.00 -0.10 -0.50
0.00 -0.40 -0.50
-0.60 -0.10 -0.80
-0.60 -0.10 -0.80
0.00 -0.10 -0.50
0.00 0.20 -0.80
0.00 -0.80 0.50
0.00 -0.10 -0.50
0.00 0.20 -0.50
0.00 -0.10 -0.80
0.00 0.80 -0.50
0.00 -1.40 -0.50
0.30 0.20 -0.80
-0.60 0.20 -0.50
0.00 -0.40 -0.50
-0.60 0.20 -0.50
0.00 -0.10 -0.80
0.00 0.20 0.50
0.00 -0.10 -0.50
-0.60 -0.10 -0.80
0.00 0.80 -0.50
0.30 -0.10 -0.80
0.00 0.20 -0.80
-0.90 -0.40 0.50
0.30 0.80 -0.80
-0.60 -0.40 -0.50
0.00 -0.40 -0.50
-0.60 0.20 -0.50
0.30 -0.10 -0.80
-0.60 0.20 -0.50
0.00 0.20 -0.50
0.60 -0.80 0.80
3.80 1.10 1.70
6.30 1.10 6.10
10.40 4.90 10.20
13.80 9.60 12.40
18.80 13.10 13.30
21.70 17.10 14.90
24.50 19.30 16.10
24.50 20.90 16.80
25.10 22.80 16.80
25.10 22.10 16.10
25.10 23.10 16.50
24.80 22.50 16.10
24.80 22.80 15.80
24.80 22.80 15.20
24.80 22.10 14.60
23.20 22.10 14.60
23.20 20.30 13.90
22.90 20.90 13.90
21.70 20.30 13.60
20.70 18.70 13.30
20.40 20.00 12.40
20.10 17.40 12.40
19.20 18.40 12.10
17.90 18.10 11.80
18.20 16.80 11.80
17.60 17.10 11.80
17.30 15.90 11.10
16.30 15.90 11.10
16.60 15.60 10.20
15.70 15.20 10.20
16.00 14.90 10.50
15.10 14.30 10.20
14.80 14.00 9.20
13.80 13.10 9.20
13.80 13.70 8.90
13.20 12.10 8.30
12.90 12.40 8.30
12.90 12.10 8.00
12.30 11.50 8.00
11.00 11.50 7.70
11.00 10.90 7.40
10.70 9.90 7.70
10.70 10.20 7.40
10.10 9.60 6.70
10.10 9.60 6.40
9.40 9.30 6.40
9.10 9.30 6.10
8.80 9.30 6.10
8.80 8.70 6.10
8.20 8.00 5.80
8.20 8.70 5.20
7.90 7.40 5.20
7.50 7.40 4.90
7.50 7.40 5.20
7.50 5.80 5.20
7.20 6.80 4.90
7.50 5.50 4.50
6.60 6.80 3.90
6.60 5.50 3.90
6.30 5.50 3.90
6.30 5.80 3.90
6.00 4.90 3.90
6.30 5.80 3.60
5.00 4.90 3.60
5.70 5.20 3.60
5.00 5.50 3.30
5.00 4.30 3.30
5.00 5.50 3.30
4.70 4.00 3.30
4.70 4.30 3.00
4.40 4.90 3.00
4.40 3.60 3.00
4.70 4.90 3.00
3.80 3.00 2.30
3.80 3.60 2.30
3.80 3.60 2.30
4.40 4.00 2.30
3.50 4.00 2.30
3.80 2.70 2.00
3.20 3.60 2.00
3.20 2.70 2.00
3.20 3.00 1.70
3.20 3.00 1.70
3.20 2.40 2.00
3.20 3.00 1.70
2.80 2.10 2.00
2.80 2.10 2.00
3.20 2.70 2.00
2.80 2.70 2.00
2.80 2.10 2.00
2.80 2.70 1.70
2.20 2.10 1.70
2.80 2.40 1.70
2.20 1.40 1.70
2.20 2.10 1.70
2.20 2.10 1.70
1.90 1.40 1.10
1.90 1.40 1.70
1.90 2.10 1.10
1.60 1.40 1.10
2.20 2.10 0.80
1.90 1.10 1.70
1.90 1.40 1.10
1.60 1.10 1.10
2.80 1.40 1.10
1.90 1.10 1.10
2.20 1.10 1.10
1.90 1.10 0.80
1.90 0.20 0.80
1.60 1.10 0.50
1.60 0.80 1.10
0.60 1.10 1.10
1.60 1.40 1.10
1.60 0.20 1.10
1.60 1.10 0.80
0.60 1.10 0.80
1.60 0.80 0.80
0.60 1.40 0.80
1.60 0.80 0.80
0.30 1.10 0.80
1.60 1.10 0.50
0.60 1.10 0.80
0.60 1.40 0.50
0.30 1.10 0.50
0.30 2.10 0.80
0.30 1.10 0.50
0.60 1.10 0.50
0.30 0.80 0.50
0.60 0.80 0.50
0.60 0.80 0.50
0.60 0.20 0.50
0.30 0.80 0.80
0.60 0.20 -0.50
0.30 -0.40 0.50
0.30 0.20 0.50
0.30 -0.10 0.80
0.00 0.20 0.50
0.30 0.20 -0.50
0.60 -0.80 0.50
0.00 -0.40 0.50
0.60 -0.40 0.80
0.30 -0.10 -0.50
0.30 -0.10 0.50
0.30 0.20 0.80
0.60 0.80 -0.50
0.30 0.20 0.50
0.30 0.80 -0.50
0.00 0.20 0.80
0.30 1.10 0.50
0.60 1.10 -0.50
0.00 0.20 -0.50
2025 2 5 2 35 48 79
194.56 200.39 199.89 22.90 19.30 72.20 85.47 66.05 287.30 20.19 266.91 18.01 235.77 195.16 201.73 197.03
0.30 -0.50 -0.60
0.00 -0.20 -0.60
0.30 -0.50 0.40
0.30 0.10 0.40
1.50 -0.80 0.40
0.30 0.10 0.40
0.30 0.10 0.40
0.00 -0.50 -0.60
0.00 0.10 0.40
0.30 -0.50 0.40
0.30 0.10 0.40
0.30 0.10 -0.60
0.30 -0.20 -0.60
0.00 0.10 -0.60
0.30 -0.50 0.40
0.30 -0.20 0.40
0.60 -0.20 0.40
0.00 -0.80 -0.60
0.30 0.10 -0.60
0.30 -0.20 -0.60
0.60 0.10 -0.60
0.00 -0.20 0.40
0.30 -0.20 -0.90
0.00 -0.20 -0.60
0.30 -0.20 -0.60
0.00 -0.20 0.40
0.30 -0.20 -0.60
0.30 -0.20 0.40
0.00 0.10 0.40
0.00 -0.80 0.40
0.30 0.10 -0.60
0.00 0.10 0.40
0.60 -0.80 0.40
0.00 0.80 0.40
-0.70 -0.50 -0.90
0.00 -0.20 0.40
0.30 0.80 -0.60
0.00 -0.50 -0.60
0.00 0.80 0.40
0.60 -0.50 0.40
0.30 -0.20 0.40
0.00 0.10 -0.60
0.00 -0.50 -0.60
0.00 -0.80 0.70
0.30 -0.20 -0.60
0.00 0.10 0.40
0.00 -0.50 -0.60
0.00 -0.50 0.40
0.00 -0.20 -0.90
0.60 -0.50 1.60
4.40 1.40 14.80
7.20 1.40 38.00
11.90 4.80 56.90
16.00 8.30 66.30
17.50 10.20 72.20
19.10 12.70 72.20
21.00 13.90 72.20
21.90 14.30 72.20
22.90 17.40 72.20
21.90 15.50 72.20
22.90 18.70 72.20
21.60 19.30 72.20
21.60 18.00 72.20
21.60 19.30 72.20
21.90 18.30 72.20
21.00 18.00 72.20
20.70 18.30 72.20
20.10 17.10 71.90
20.40 17.40 69.70
20.10 15.50 67.80
19.10 17.10 66.30
18.80 15.50 63.80
18.80 15.50 62.20
17.90 15.80 59.70
17.50 14.30 58.10
17.20 15.20 56.90
17.20 14.30 56.90
16.00 13.90 56.20
16.60 14.90 53.70
15.70 12.70 51.80
15.00 13.60 50.30
14.70 12.10 49.00
14.40 12.40 47.40
13.80 12.70 45.20
13.80 10.80 44.60
12.80 12.10 43.40
12.80 10.80 41.20
12.20 10.80 40.20
12.20 10.20 39.00
12.20 9.90 38.00
11.00 10.20 36.80
10.30 9.60 36.50
10.60 9.60 35.20
9.40 9.20 34.60
10.00 9.60 33.30
9.40 8.60 32.40
9.10 7.40 31.10
9.10 8.60 30.50
8.10 7.40 29.60
8.10 6.40 28.30
8.80 8.30 27.70
7.80 5.80 27.40
7.50 6.40 26.10
7.50 7.40 25.80
7.50 5.50 24.50
6.60 6.40 23.90
6.60 5.80 23.00
6.20 4.80 23.00
6.60 5.80 21.10
5.90 4.80 20.80
5.90 5.80 20.50
6.20 5.20 20.20
6.20 3.90 19.20
5.60 5.50 18.30
5.90 3.90 18.00
5.60 3.90 17.60
5.60 5.20 17.30
5.00 3.60 16.10
4.70 4.80 16.40
5.00 3.00 16.10
5.00 3.90 15.10
5.00 3.60 15.10
4.70 3.00 14.50
4.40 3.90 14.50
4.40 3.00 13.20
4.70 3.90 13.20
4.40 3.00 12.90
3.70 3.00 12.30
3.70 3.00 12.00
3.70 2.00 12.00
3.70 3.60 10.40
3.70 2.30 11.10
3.70 2.70 10.40
3.10 2.00 10.10
3.10 2.30 9.50
3.10 2.70 9.50
3.70 1.40 9.20
2.80 2.70 9.20
2.80 2.00 8.20
2.80 1.10 8.20
3.10 3.00 7.90
2.80 0.80 8.20
2.80 2.70 7.60
2.20 1.10 7.60
2.80 1.10 7.60
2.20 2.30 7.60
2.20 0.80 7.30
2.20 2.00 6.70
2.20 2.00 6.70
1.90 0.10 6.70
2.20 2.00 6.30
2.20 0.10 6.30
2.20 2.00 5.70
1.50 1.10 6.00
2.80 1.40 6.00
1.90 0.80 5.70
2.20 0.10 6.30
1.50 1.40 5.70
2.20 0.80 5.10
1.90 1.10 5.70
1.90 1.10 5.10
1.50 1.10 5.70
1.90 1.40 4.80
0.60 0.10 4.80
1.90 1.10 4.50
0.60 0.80 4.50
1.50 0.10 4.80
1.50 1.10 4.50
1.50 0.10 3.80
0.60 0.10 4.50
0.60 0.10 3.80
1.50 0.10 3.80
0.60 0.80 3.50
0.30 0.80 3.50
0.60 0.80 3.50
1.50 0.10 3.50
0.60 0.80 3.50
0.60 0.10 3.20
0.30 0.10 3.20
0.30 1.10 3.20
0.30 0.10 2.90
0.60 0.80 3.20
0.60 0.80 2.90
0.60 -0.20 3.20
0.30 0.80 2.90
0.30 0.10 2.90
1.50 0.10 2.30
0.60 0.80 2.30
0.60 0.10 2.90
0.00 -0.50 2.30
0.60 1.10 2.30
0.30 -0.80 2.30
0.60 0.80 2.00
0.30 -0.20 2.30
0.30 -0.50 2.30
0.60 1.10 2.00
0.60 -1.40 2.30
0.30 1.10 2.00
1.50 0.80 1.60
0.30 -0.80 2.00
2025 2 5 2 36 26 305
188.16 187.85 185.75 10.70 17.20 5.90 41.86 54.87 21.61 6.67 131.99 13.96 15.17 195.22 190.94 197.23
-0.60 0.90 0.50
0.00 -0.60 -0.40
0.00 1.20 0.50
0.00 -0.60 0.50
0.00 0.00 0.50
0.00 1.20 0.50
0.00 -0.60 0.50
0.30 1.20 -0.40
-0.60 -0.30 -0.40
0.00 -0.30 0.50
0.00 0.30 0.50
0.70 -0.30 -0.40
0.00 0.90 -0.40
0.30 0.00 -0.70
0.00 0.30 0.50
0.30 0.30 0.50
0.00 -0.30 0.50
0.00 0.00 -0.40
-0.60 0.00 -0.40
0.30 0.30 -0.40
-0.60 0.00 -0.40
0.00 0.00 -0.70
0.00 0.00 0.50
0.00 0.00 -0.40
0.00 0.90 0.50
0.00 0.00 -0.40
0.00 0.00 0.50
0.00 0.00 -0.40
-0.60 0.00 -0.70
0.30 0.90 -0.40
0.00 -0.60 0.50
0.00 0.00 -0.40
-0.60 0.30 0.80
0.00 -0.30 -0.40
0.00 0.00 0.50
0.30 -0.30 0.50
0.00 0.00 0.50
0.00 0.30 -0.70
0.00 -0.30 0.50
0.00 0.00 -0.40
0.00 0.30 0.50
0.00 0.30 -0.40
0.00 -0.30 -0.40
0.00 0.30 0.50
0.00 0.00 0.50
0.00 0.30 -0.70
0.00 0.00 0.80
0.00 0.30 2.40
0.70 2.50 4.00
3.80 4.10 4.60
4.70 6.60 5.90
6.00 11.00 5.90
6.60 14.10 5.90
8.20 14.40 5.90
8.80 15.40 5.90
10.10 17.20 5.90
10.40 15.40 5.90
10.70 17.20 5.20
10.40 15.40 5.20
10.40 15.40 5.90
10.40 16.00 5.20
10.40 13.80 5.20
10.10 15.40 5.20
10.10 14.10 4.90
9.10 13.80 4.90
9.40 15.00 4.00
9.10 12.50 4.60
8.80 13.20 4.00
8.20 12.50 4.00
8.80 12.20 3.70
8.20 11.60 3.70
7.90 11.00 3.70
8.20 11.30 3.70
9.10 10.00 3.70
8.80 11.00 3.70
8.80 10.00 3.70
7.90 9.70 3.70
8.20 10.30 3.30
7.60 7.50 3.30
7.90 10.00 3.00
6.60 8.40 3.30
7.20 8.10 2.40
6.60 8.40 3.00
6.60 6.60 3.00
6.60 8.80 3.00
6.60 6.90 2.40
6.30 7.50 2.40
6.30 7.50 2.40
6.00 5.60 2.40
5.70 7.50 1.80
5.70 5.30 2.10
6.00 6.60 2.40
4.70 5.90 2.10
5.10 5.30 1.80
5.10 5.60 2.10
5.10 5.00 2.10
4.70 5.30 2.10
4.40 5.30 1.80
4.70 5.00 2.10
4.40 5.30 1.10
3.80 5.00 2.10
4.40 5.30 1.80
3.80 4.40 1.80
3.50 5.00 1.80
3.50 4.10 1.10
3.80 4.40 1.10
3.50 4.10 1.80
3.50 4.40 1.80
3.20 4.10 1.80
3.50 3.70 1.10
3.20 3.10 1.80
2.90 3.10 0.80
2.20 3.10 1.80
3.20 3.70 1.10
3.20 2.80 1.10
3.20 3.10 1.10
2.20 2.80 1.10
2.90 3.10 0.80
2.20 2.50 1.10
2.90 3.10 1.10
2.20 2.50 0.80
2.90 2.80 0.80
1.90 2.80 1.10
2.20 2.20 0.80
2.20 2.50 1.10
1.90 2.20 1.10
2.20 2.20 0.80
2.20 2.80 1.10
1.90 1.50 1.10
1.90 2.20 0.50
2.20 1.50 0.80
2.20 2.20 0.80
1.60 2.20 0.80
2.20 1.50 0.80
1.60 2.20 0.80
1.90 1.20 0.50
0.70 1.50 0.80
1.90 1.50 0.50
1.60 0.90 0.80
1.90 2.20 0.80
1.60 1.20 0.80
1.90 2.20 0.80
0.30 1.50 0.80
1.60 0.90 0.50
0.70 2.50 0.80
1.60 1.20 0.50
1.60 1.20 0.80
1.60 2.20 0.80
0.70 0.90 1.10
1.60 2.50 0.80
0.70 0.90 0.80
1.60 1.50 0.50
0.70 1.50 0.50
1.60 0.90 0.80
0.70 1.20 0.50
1.60 1.20 0.50
0.30 1.20 0.80
1.60 0.90 -0.40
0.70 0.90 0.50
0.70 1.50 -0.40
0.70 0.00 0.80
0.70 1.50 0.80
0.70 -0.30 0.50
0.70 1.20 0.50
0.00 1.20 0.50
0.70 0.00 0.50
0.30 1.20 0.50
0.70 -0.30 0.80
0.00 0.90 0.50
0.70 2.20 -0.40
0.30 0.00 0.80
1.60 1.20 0.80
0.30 0.30 0.80
0.70 0.90 0.50
0.30 0.90 -0.40
0.70 0.30 0.80
-0.60 0.30 1.10
0.70 0.00 -0.40
0.70 0.30 0.50
0.30 0.30 -0.40
0.00 0.30 0.80
0.30 0.30 0.50
0.00 0.00 0.50
0.30 0.90 0.50
0.00 0.30 0.80
0.30 0.30 0.50
0.30 0.30 0.50
0.30 0.30 0.50
0.00 0.30 0.80
0.00 0.30 0.50
0.30 0.00 -0.40
0.70 0.30 -0.40
0.00 0.30 0.50
0.70 -0.30 -0.40
0.00 1.20 0.50
0.30 -0.30 0.50
0.00 0.30 0.80
0.30 0.90 -0.40
0.00 -0.60 0.50
0.30 0.90 0.50
2025 2 5 2 39 7 664
195.83 191.55 195.01 33.70 15.00 13.40 118.68 54.90 42.69 11.54 50.20 14.99 330.42 194.59 193.50 199.58
0.50 0.90 -0.40
-0.10 0.00 0.50
-0.10 0.00 -0.40
0.20 1.20 -0.40
0.20 -0.70 -0.40
-0.10 1.20 -0.40
-0.10 0.30 -0.70
-0.80 -0.40 -0.40
-0.10 0.90 -0.40
-0.80 -0.70 0.80
-0.10 0.30 0.50
-0.80 -0.40 -0.40
0.20 -0.40 0.50
-0.10 0.00 -0.40
-0.10 0.00 -0.40
-0.10 0.00 -0.40
-0.10 -0.40 0.50
-0.10 -0.40 -0.40
-0.10 0.30 0.50
-0.10 -0.70 0.50
-0.10 0.90 -0.40
-0.80 -0.70 -0.70
-0.10 0.30 -0.40
-0.10 0.00 -0.40
0.20 -0.70 -0.40
-0.10 0.90 0.50
-0.10 -0.40 -0.40
-0.10 -0.40 -0.40
-0.10 1.20 0.50
-0.10 -0.40 -0.40
-0.10 1.20 -0.40
0.20 0.30 0.50
-0.10 0.00 -0.40
-0.10 0.90 0.80
-0.10 0.30 -0.40
0.20 0.00 0.50
0.20 0.00 0.50
-0.10 -0.40 0.50
0.20 0.00 0.50
-0.10 0.00 -0.40
0.20 0.30 0.50
-0.10 -0.40 -0.40
0.20 0.00 -0.40
-0.10 -0.40 -0.40
-0.10 -0.40 -0.40
-0.10 0.00 -0.40
-0.10 -0.70 0.50
-0.10 0.30 -0.40
0.20 0.30 0.80
1.40 0.90 3.30
4.60 5.00 5.20
10.20 5.30 7.40
16.20 9.70 9.30
21.50 11.60 11.20
25.90 12.50 12.10
29.00 13.80 12.40
30.60 14.10 13.40
30.90 15.00 13.10
31.50 15.00 13.10
32.20 15.00 12.40
33.40 15.00 12.10
33.40 14.40 12.10
33.70 14.10 11.80
33.40 13.80 11.20
32.20 13.80 11.20
30.90 13.80 10.20
30.90 13.10 9.60
30.30 12.20 9.60
29.30 12.20 9.30
28.70 11.60 9.30
27.80 12.20 9.30
27.10 11.60 8.40
25.90 11.60 8.00
25.60 10.90 8.00
24.60 10.30 7.70
24.30 11.30 8.00
23.70 10.00 7.70
23.40 10.00 8.00
22.80 10.00 7.70
20.90 8.40 6.80
20.90 10.00 7.40
20.20 8.70 6.80
19.90 9.40 6.80
19.00 8.70 6.50
18.70 8.10 5.80
17.40 8.70 6.20
17.70 7.50 5.80
16.50 8.10 5.80
17.10 6.90 5.80
16.20 6.90 5.80
15.50 8.10 4.90
14.90 5.60 5.20
14.60 6.90 4.90
13.70 5.30 4.90
13.70 5.30 4.60
13.30 5.90 4.60
13.00 4.30 4.00
12.70 5.60 4.00
12.70 5.00 4.00
11.80 4.30 4.00
11.80 5.30 4.00
10.50 4.00 4.00
10.50 5.60 3.70
10.20 3.70 3.30
10.20 4.30 3.30
9.30 4.30 3.30
9.30 4.00 3.30
8.60 5.30 3.30
8.60 4.00 3.00
8.00 4.00 3.30
8.60 4.30 3.00
7.70 3.10 3.00
8.00 4.00 2.40
7.10 3.10 2.40
7.70 4.00 2.40
6.40 3.10 3.00
7.40 2.80 2.40
6.40 3.70 2.10
7.10 3.70 2.10
6.40 2.50 2.10
6.40 3.10 2.10
6.10 2.80 2.10
6.10 3.10 1.10
6.10 2.50 1.80
5.50 3.10 2.10
5.50 2.80 1.80
5.80 2.50 2.10
4.60 2.80 2.10
5.50 2.50 1.80
4.20 3.10 1.80
4.90 2.80 1.80
4.90 2.20 1.80
4.60 3.10 1.80
4.20 2.20 1.80
4.20 2.80 1.10
4.20 2.50 1.80
4.20 2.20 1.80
3.60 2.50 1.80
3.60 2.20 1.10
3.30 2.50 0.80
4.20 2.50 1.10
3.30 1.20 1.80
3.60 2.50 0.80
3.30 1.50 0.80
3.30 1.50 1.10
3.00 2.20 1.10
3.30 1.50 0.80
3.00 2.20 1.10
3.00 1.50 0.80
2.70 0.90 0.80
3.00 2.20 1.10
2.70 1.20 0.50
2.70 1.20 0.80
2.00 1.20 1.10
2.00 1.50 0.80
2.00 1.50 1.10
2.70 0.90 1.10
1.70 1.50 1.10
2.00 0.30 0.80
2.00 1.50 0.80
2.00 1.20 -0.40
2.00 0.00 0.80
2.00 2.80 0.80
1.40 0.00 0.80
1.70 1.20 0.50
1.70 1.50 0.50
2.00 0.00 0.50
2.00 2.20 0.50
2.70 -0.40 0.50
1.40 1.20 0.50
1.70 1.20 0.50
1.70 -0.40 0.80
1.70 1.50 0.50
1.70 0.00 0.80
1.40 1.20 0.50
1.70 -0.40 0.50
1.40 0.30 -0.40
0.50 1.20 0.80
1.70 0.00 0.50
1.40 1.20 0.50
0.50 -0.40 0.80
0.50 1.20 0.50
1.40 0.90 0.80
0.50 0.00 0.50
1.40 1.50 0.50
0.50 0.00 0.50
0.50 0.90 0.50
1.40 0.30 0.50
1.40 -0.40 0.50
1.40 0.90 0.80
0.50 0.30 0.50
0.20 0.30 0.50
0.50 0.30 -0.40
0.20 0.30 0.50
0.50 0.90 -0.40
0.20 0.00 -0.40
1.40 0.30 -0.40
0.50 0.00 0.50
0.50 1.20 0.50
1.40 0.00 -0.40
2025 2 5 3 12 0 716
201.71 197.20 194.86 72.30 38.60 19.00 338.24 137.69 66.58 21.38 103.74 5.19 56.67 196.94 195.02 196.36
0.40 0.30 -0.40
0.10 -1.30 0.50
0.10 0.90 -0.40
0.10 -0.70 -0.40
0.40 0.30 0.50
0.10 0.30 0.80
0.40 -0.70 -0.40
0.10 0.90 0.50
0.10 0.00 0.50
0.10 0.00 0.50
0.10 0.30 0.50
0.10 0.30 0.80
0.40 0.90 0.50
0.10 -0.30 -0.40
0.10 0.30 -0.40
0.40 -0.30 0.80
0.80 0.90 0.80
0.10 0.00 0.80
0.80 0.00 -0.40
0.80 1.20 0.50
1.70 -0.30 -0.80
0.80 1.20 -0.40
0.80 0.30 -0.40
0.10 0.00 0.50
0.80 1.20 0.80
0.40 -0.70 0.50
0.80 0.30 -0.40
0.40 0.00 0.50
0.10 0.00 -0.40
0.80 -0.30 0.50
0.40 -0.30 -0.80
0.40 0.30 0.50
1.70 -0.70 0.50
0.80 0.30 0.50
1.70 0.00 0.50
1.70 0.30 -0.40
0.80 0.30 -0.40
0.40 -0.70 0.50
1.70 0.90 0.50
0.80 -0.70 0.50
0.80 0.30 -0.40
0.40 -0.30 -0.40
0.80 -0.30 -0.40
0.40 0.90 0.50
1.70 -0.70 -0.40
0.40 0.00 0.50
0.40 0.30 0.50
0.40 0.30 0.50
0.80 0.00 1.80
0.40 0.00 4.60
1.70 3.10 9.00
6.70 8.10 13.70
15.80 13.80 15.90
30.90 18.50 16.80
48.40 24.10 17.80
66.60 31.30 19.00
72.30 32.90 18.40
72.30 36.00 18.40
72.30 36.00 17.80
72.30 37.30 17.80
72.30 38.60 17.40
72.30 37.60 17.40
72.30 38.60 16.50
72.30 37.30 16.50
72.30 37.00 16.20
72.30 35.70 15.90
72.30 35.40 15.20
72.30 34.20 14.90
72.30 33.20 14.60
72.30 32.90 14.60
72.30 32.60 13.70
72.30 31.30 14.00
72.30 30.40 13.00
72.30 29.80 13.00
72.30 30.10 12.10
72.30 27.60 12.10
72.30 28.20 12.10
72.30 27.60 11.80
72.30 26.60 11.20
71.30 26.60 11.20
69.10 24.40 10.50
66.90 24.40 10.20
66.30 23.80 9.60
63.50 22.60 9.30
62.20 22.60 9.00
60.40 21.60 9.00
58.20 21.30 8.30
56.60 20.00 8.30
55.00 20.00 8.00
53.10 19.40 8.00
51.30 18.20 7.40
49.70 18.80 7.70
48.10 17.20 6.80
46.90 18.20 7.40
45.90 17.20 6.50
44.00 15.70 6.50
43.10 16.90 6.50
41.80 14.40 6.10
40.60 15.30 6.10
39.00 13.80 5.80
38.40 13.80 5.80
37.50 13.80 5.80
36.20 12.50 5.20
34.90 12.80 5.20
34.00 11.60 5.20
32.40 12.20 4.90
31.80 11.60 4.60
30.90 10.00 4.60
30.20 11.30 4.60
29.00 10.00 4.90
29.00 10.30 4.90
27.40 10.00 4.90
26.80 9.70 4.90
26.20 9.70 4.90
25.20 9.40 3.90
24.60 9.40 4.60
23.70 8.40 3.90
23.30 8.40 4.90
23.00 8.10 3.90
21.80 8.10 4.60
20.80 8.40 3.60
19.60 6.60 3.60
19.60 7.50 3.30
18.90 6.60 3.60
18.30 6.90 3.30
17.70 6.90 3.30
17.40 5.60 3.00
17.40 6.60 3.00
16.40 5.60 3.00
15.80 5.90 3.00
15.20 5.30 2.40
14.90 5.00 2.40
14.90 5.60 3.00
13.60 4.00 2.40
13.60 4.40 2.40
13.00 4.40 2.40
13.00 5.00 3.00
12.40 4.00 2.40
12.40 3.70 2.10
11.10 4.40 2.10
11.10 3.10 2.40
10.50 4.40 2.10
10.50 4.00 1.80
10.20 4.00 1.80
10.20 5.00 2.10
8.90 3.10 1.80
9.20 4.40 1.80
8.90 2.80 1.80
8.30 3.70 1.80
8.30 3.10 1.80
8.30 2.50 1.10
8.00 3.70 1.80
8.00 2.20 1.10
7.30 2.80 1.10
7.30 2.50 1.10
7.30 2.20 1.10
7.70 2.80 1.10
6.40 1.20 1.80
6.70 3.10 0.80
6.40 2.20 0.80
6.40 2.20 1.10
5.80 2.50 1.10
6.40 1.50 0.50
6.10 2.80 1.10
6.10 1.50 0.50
5.10 2.20 1.10
5.80 2.50 0.80
5.10 1.50 1.10
5.10 1.50 0.80
4.80 1.20 0.80
4.80 2.50 0.50
4.80 1.20 0.80
4.50 1.20 0.80
3.90 1.50 1.10
3.90 0.90 0.80
4.50 2.20 0.80
4.50 1.20 0.50
3.60 1.20 0.50
4.50 1.50 -0.40
3.60 0.00 0.50
3.60 1.50 0.80
3.60 0.90 0.80
3.60 1.50 0.80
2.90 1.50 0.50
3.60 0.30 1.10
3.30 1.20 0.50
3.30 0.90 0.80
3.30 1.20 0.80
2.90 1.20 0.50
2.90 0.90 1.10
3.30 1.20 0.50
3.60 0.30 0.50
3.30 1.20 0.80
2.30 0.30 0.80
2.90 0.90 0.50
2.90 1.20 0.80
3.30 0.30 0.50
2.90 1.20 0.50
2.30 0.30 -0.40
2.30 0.90 1.10
2025 2 5 3 31 1 138
180.74 171.42 187.20 10.20 6.60 5.10 36.84 23.48 16.97 36.03 6.84 53.57 314.76 190.72 192.03 207.33
0.10 1.30 0.40
0.10 -0.30 -0.50
-0.50 1.30 0.40
0.10 0.00 -0.50
0.10 -0.60 -0.50
0.10 1.30 -0.50
-0.50 -0.60 0.40
0.40 0.00 0.40
0.10 0.30 0.40
0.40 0.00 -0.80
0.10 0.30 -0.50
0.10 0.00 0.40
-0.50 0.00 0.40
0.40 1.00 -0.50
-0.50 -0.30 0.70
0.10 0.00 0.40
0.10 -0.30 0.40
0.10 0.30 -0.80
0.10 0.30 0.40
0.10 0.00 -0.80
-0.50 0.00 0.40
0.10 0.00 -0.80
-0.50 0.00 -0.50
0.10 0.00 -0.80
-0.50 -0.30 -0.50
0.40 0.30 -0.50
-0.50 -0.60 -0.50
0.10 0.30 -0.80
0.10 0.00 -0.80
0.10 -0.60 0.40
-0.50 0.30 -0.50
0.40 0.00 -0.50
0.10 -0.60 0.40
0.10 0.30 -0.50
-0.50 -0.30 -0.50
0.10 0.00 -0.50
0.10 0.00 0.40
0.10 -0.30 -0.80
0.10 1.00 0.40
0.40 0.00 0.40
-0.50 0.00 0.40
0.10 0.00 -0.50
0.10 0.00 0.70
0.10 0.30 0.40
-0.50 0.30 -0.50
0.40 2.80 -0.50
0.70 2.50 0.70
2.90 3.80 1.70
3.60 4.10 3.20
4.80 3.80 3.60
6.70 5.70 4.50
8.30 4.40 4.50
8.90 5.40 5.10
9.20 6.60 4.50
9.20 4.40 4.80
9.50 6.60 4.50
9.20 4.40 3.90
10.20 6.00 3.90
10.20 5.70 4.50
9.50 4.40 3.60
9.50 6.00 3.60
9.50 4.10 3.90
8.90 5.40 3.60
8.90 5.40 3.60
9.20 4.10 3.60
8.90 5.70 3.60
8.30 3.80 3.20
8.30 5.70 3.20
7.70 3.80 3.60
7.70 4.40 3.20
7.70 5.00 3.20
7.30 3.20 2.90
7.30 4.10 2.90
6.70 3.80 2.90
6.70 3.20 3.20
7.30 4.10 2.30
6.40 3.20 2.30
6.40 3.80 2.30
5.10 3.20 2.00
6.40 4.10 2.30
5.10 3.20 2.30
5.80 3.80 2.00
5.80 3.80 1.70
5.10 2.80 1.70
5.10 3.20 2.00
5.10 3.20 1.70
4.80 2.80 2.00
4.80 3.20 1.70
4.50 2.50 1.70
4.80 3.20 1.70
4.50 2.80 1.70
4.80 2.80 1.70
3.90 2.80 1.70
4.50 2.50 1.70
3.90 2.20 2.30
4.50 2.50 2.00
3.90 1.30 2.30
3.60 2.20 2.00
3.60 2.20 2.30
3.90 1.30 2.00
3.60 2.80 2.30
3.90 1.60 1.70
2.90 2.20 2.00
3.60 1.60 2.00
2.90 1.30 2.00
3.30 2.50 2.00
2.30 1.00 2.00
3.60 2.50 1.70
2.90 2.20 2.00
2.90 2.20 1.70
2.30 2.20 1.70
3.30 1.30 1.70
2.30 2.50 1.70
2.90 1.30 1.00
2.30 1.30 1.70
2.30 2.20 1.00
2.30 0.30 1.70
2.30 2.20 1.00
2.00 1.30 1.00
2.00 1.30 1.00
2.00 2.20 1.00
2.30 1.00 1.70
1.70 1.60 1.00
2.30 1.30 1.00
2.00 1.00 0.70
2.00 1.60 1.00
1.70 1.30 1.70
2.00 1.30 0.70
1.70 0.00 1.70
1.70 1.60 1.00
1.70 0.30 1.00
2.00 1.00 1.00
1.70 1.30 0.70
1.70 0.00 0.70
0.70 1.30 0.70
1.70 1.00 0.70
0.70 -0.30 0.40
1.70 2.20 0.40
0.40 -0.30 0.70
0.70 1.30 0.40
0.70 0.30 0.40
1.70 0.00 0.40
1.70 1.60 0.40
1.70 0.00 0.40
0.40 1.00 0.70
0.70 1.00 -0.50
0.40 0.30 0.70
0.70 1.30 0.70
0.70 0.00 0.70
0.70 1.30 0.40
0.40 0.30 0.70
0.70 0.30 0.40
0.10 1.00 0.70
0.70 -0.30 0.70
0.10 1.30 1.00
0.40 0.00 0.40
0.40 0.30 0.70
0.70 1.00 0.70
0.40 0.00 0.40
0.70 1.00 0.70
0.40 0.00 1.00
0.40 0.30 0.40
0.40 1.00 0.40
0.70 -0.30 0.40
0.10 0.00 0.40
0.40 0.30 0.70
0.10 0.00 0.40
0.40 1.00 0.40
0.40 0.30 0.40
0.40 0.00 0.40
0.10 1.00 0.70
0.70 0.00 0.40
0.10 0.00 0.40
0.70 0.30 0.40
0.10 0.00 0.40
0.40 0.00 0.40
0.10 0.00 0.40
0.40 1.00 0.40
-0.50 0.00 -0.50
0.10 1.00 -0.50
0.10 0.00 0.40
0.40 0.00 0.40
0.10 1.00 0.40
0.10 -0.30 -0.50
0.10 1.00 -0.50
0.40 0.30 -0.50
0.40 0.00 -0.50
0.40 1.30 -0.50
0.10 -1.20 -0.50
0.40 1.00 -0.50
0.10 0.00 -0.50
0.10 -0.30 0.70
0.10 1.00 -0.50
0.40 -0.30 -0.50
0.10 1.00 0.40
0.10 -0.30 0.40
0.10 -0.30 -0.50
0.10 1.00 0.40
0.10 -0.30 0.40
0.10 1.00 -0.50
2025 2 5 3 48 52 69
196.60 210.01 194.15 10.70 7.90 11.90 40.30 20.20 43.51 41.97 208.60 69.73 211.07 201.18 220.27 198.56
-0.60 0.10 -0.30
0.10 -0.60 -0.30
0.10 -0.60 -0.30
0.10 -0.30 -0.30
0.10 -0.60 0.60
0.40 -0.30 0.60
0.10 -0.90 -0.30
0.10 -0.60 -0.30
0.10 -0.60 0.60
0.10 -0.30 -0.30
-0.60 -0.60 -0.30
0.10 -0.60 -0.30
-0.60 -0.90 -0.30
0.10 -0.30 -0.30
0.10 0.10 -0.30
0.10 -0.90 -0.30
0.10 -0.90 -0.30
0.40 -0.30 -0.30
0.40 -0.30 0.60
0.10 -0.60 -0.30
0.10 -0.60 0.60
0.10 -0.60 0.60
0.40 -0.30 0.90
0.40 -0.30 -0.30
0.10 -0.30 0.60
0.10 0.70 -0.30
0.10 -0.90 0.90
0.40 -0.60 -0.30
0.10 -0.30 0.60
0.40 -0.90 -0.30
0.10 0.70 -0.30
0.10 -0.90 -0.70
0.10 -0.60 -0.30
0.40 -0.30 -0.30
0.10 -0.90 -0.30
0.40 0.10 0.60
0.10 -0.60 -0.70
0.10 -0.30 -0.30
0.10 -0.30 0.60
0.10 -0.30 0.60
0.10 -0.30 0.60
0.40 -0.60 -0.30
0.10 -0.30 -0.30
0.10 -0.90 -0.30
-0.60 -0.60 -0.30
0.10 -0.30 -0.30
-0.60 -0.60 -0.30
0.10 0.70 -0.30
0.10 -0.90 1.20
0.10 0.10 3.40
0.70 -0.30 5.90
3.20 -0.90 8.40
5.70 -0.30 9.40
6.30 0.70 10.30
7.90 1.30 11.90
9.20 3.50 11.90
10.40 4.10 11.30
10.70 5.40 11.90
10.40 6.30 11.30
10.70 6.30 11.30
9.50 7.30 10.60
10.10 7.90 11.30
10.40 7.30 10.30
10.10 7.90 10.30
10.10 7.30 10.30
10.10 7.30 9.70
9.50 7.30 9.70
10.40 7.30 9.40
9.20 6.30 9.10
9.50 6.30 8.40
9.20 7.30 8.10
9.20 5.40 8.10
8.80 5.70 8.40
8.20 6.60 8.40
7.90 5.10 8.40
7.90 6.30 7.80
7.30 4.80 7.80
7.90 5.40 7.80
7.60 5.40 7.80
6.60 4.10 7.50
6.60 4.80 6.90
6.30 3.80 7.50
6.30 4.80 6.60
6.30 4.10 6.90
6.00 3.50 6.30
6.00 3.80 5.90
6.00 3.50 6.30
5.70 3.80 5.90
5.70 2.30 5.90
5.70 3.80 5.90
5.10 3.50 5.30
5.70 2.90 5.30
4.80 2.90 5.00
4.80 2.30 5.00
4.80 3.50 4.70
4.50 2.90 5.00
4.50 2.30 4.70
4.50 3.50 4.10
4.50 1.90 4.10
4.50 2.90 4.10
4.50 2.60 3.70
4.50 1.30 3.70
4.50 2.60 3.70
3.80 2.30 3.40
3.50 1.90 3.40
3.80 2.30 3.40
3.50 1.30 3.40
3.50 2.30 3.40
3.50 1.90 3.10
3.50 1.90 3.40
3.20 1.90 3.10
3.20 1.30 3.10
2.90 1.90 3.10
3.20 1.00 2.50
2.90 1.30 2.50
2.90 1.30 2.50
2.30 1.00 2.20
2.30 1.30 2.20
2.90 1.00 2.20
1.90 1.30 1.90
2.30 0.70 2.20
2.30 1.90 1.90
2.90 0.70 2.20
1.90 1.00 2.20
1.90 0.70 1.90
2.30 0.70 1.90
1.90 1.30 1.90
2.30 0.70 1.20
1.90 1.00 1.90
1.90 1.30 1.90
1.60 0.10 1.90
1.90 1.00 1.20
1.90 0.10 1.90
1.60 1.00 0.90
1.60 1.00 1.20
1.90 0.10 1.20
0.70 1.00 1.20
1.60 1.00 1.20
1.60 0.70 1.90
1.60 0.10 1.20
0.70 0.70 1.20
0.70 0.10 1.90
0.70 0.10 1.20
1.60 0.70 1.20
1.60 -0.30 1.20
1.60 1.00 1.20
0.70 -0.30 0.90
1.90 0.10 1.20
0.40 0.70 0.90
0.70 -0.60 0.90
0.70 1.00 0.90
0.70 -0.60 0.90
0.40 0.70 0.90
0.40 0.70 0.90
0.70 0.10 1.20
1.60 0.10 0.90
0.40 -0.60 0.90
0.40 0.70 1.20
0.10 -0.30 0.60
0.70 0.70 0.60
0.10 -0.30 1.20
0.40 -0.30 0.60
1.60 1.00 0.90
0.40 -0.30 0.60
0.40 0.70 0.90
0.40 0.10 0.90
0.70 0.10 0.60
0.70 0.10 0.60
0.10 -0.60 0.60
0.40 0.70 0.90
0.40 -0.60 1.90
0.70 0.10 0.90
0.40 -0.30 0.90
0.40 0.10 0.90
0.10 0.10 0.90
0.70 -0.90 0.90
0.10 1.00 0.60
0.40 -0.60 0.60
0.40 0.10 0.60
0.10 0.70 0.90
0.40 -0.90 0.60
0.40 1.30 0.60
0.40 -0.60 0.90
0.40 -0.30 0.90
0.10 0.70 1.20
0.10 -0.60 0.90
0.10 0.70 0.90
0.40 -0.30 0.90
0.10 -0.60 1.20
0.10 0.10 0.60
0.40 -0.30 0.90
0.40 0.10 0.60
0.10 -0.60 0.90
0.40 0.10 0.90
0.10 -0.60 0.60
0.40 0.70 0.60
0.40 -0.60 0.90
0.70 -0.30 0.60
0.40 0.10 0.90
0.40 -0.90 0.60
2025 2 5 3 52 10 227
205.31 199.35 197.27 20.40 19.40 31.00 75.56 64.84 110.90 26.21 100.03 31.01 106.80 206.64 200.75 196.73
0.00 -0.10 -0.70
0.00 -0.10 -0.70
-0.60 -0.70 -0.70
0.00 0.90 0.30
0.00 -0.40 0.30
0.30 0.20 -0.70
0.00 -0.10 -0.70
0.30 -0.40 -0.70
0.00 0.20 -1.00
0.30 -0.10 0.30
0.00 -0.10 -0.70
0.30 -0.10 -0.70
0.00 -0.40 0.30
0.00 0.20 -0.70
-0.60 -0.40 -0.70
0.00 0.20 0.30
0.30 -0.10 0.30
0.00 -0.10 -0.70
0.00 0.90 0.30
0.00 -0.40 -0.70
0.00 0.90 -0.70
0.00 -0.40 -0.70
0.00 -0.40 0.30
0.30 0.90 0.30
0.00 -0.70 -0.70
0.60 0.90 -0.70
0.00 -0.40 0.30
0.00 -0.40 -0.70
-0.60 0.20 0.30
0.00 -0.70 -0.70
0.00 1.20 0.60
0.30 -0.40 -1.00
0.00 -0.10 0.30
0.30 0.20 -0.70
0.00 -0.40 0.30
0.00 1.20 -0.70
0.00 -0.70 -0.70
0.30 0.90 -0.70
0.00 -0.40 0.60
0.00 -0.10 -0.70
0.00 -0.10 -0.70
0.30 -0.40 -0.70
0.30 0.20 -0.70
0.00 -0.10 0.30
0.00 -0.10 -0.70
0.00 0.20 0.30
0.00 -0.10 0.30
0.30 0.90 0.30
0.00 -0.40 0.30
0.30 -0.10 3.40
0.00 0.90 12.20
0.00 2.40 17.80
2.20 5.60 23.50
4.70 8.70 26.00
8.20 11.50 27.20
12.30 15.00 28.20
14.80 17.20 30.40
16.30 17.50 30.70
17.60 18.40 31.00
19.20 18.70 31.00
20.10 19.40 30.70
20.10 19.40 30.10
20.40 18.70 29.10
20.40 19.40 28.20
19.50 18.40 27.60
19.50 18.40 27.20
18.20 17.20 26.30
18.80 17.20 25.10
17.90 17.20 24.70
17.90 15.60 23.80
17.30 16.90 23.20
17.30 14.30 22.20
16.00 15.00 21.90
16.00 14.30 21.00
14.80 13.70 20.70
15.10 14.30 21.00
14.50 12.50 20.30
13.80 13.10 19.40
13.80 12.80 18.80
13.50 11.20 18.20
13.20 12.50 17.80
13.20 10.90 17.50
12.30 11.20 16.60
11.90 11.20 16.30
11.90 10.00 16.30
11.90 10.90 15.60
11.00 9.60 15.60
10.40 10.00 14.70
10.10 8.70 14.40
10.10 9.30 13.80
9.10 9.30 13.40
9.10 7.40 12.80
9.10 8.40 12.20
9.10 7.40 12.20
8.20 7.40 11.90
8.20 8.10 11.60
8.20 6.50 11.60
8.20 7.40 10.90
7.90 6.80 10.00
7.90 5.60 10.00
7.20 5.90 9.40
7.50 5.90 9.40
7.20 5.60 9.40
7.20 5.30 8.70
6.60 5.30 8.70
6.30 5.60 8.10
6.30 4.30 8.10
6.30 5.30 7.50
5.70 4.00 7.50
6.30 4.90 7.50
5.70 5.30 7.20
6.00 3.70 6.50
5.00 5.30 7.20
5.00 3.10 6.20
5.00 4.00 6.50
5.00 4.00 5.90
5.00 2.70 6.20
5.00 4.90 5.60
4.40 3.10 5.90
5.00 3.70 5.90
4.40 3.70 5.60
4.40 2.70 5.60
4.40 4.00 5.60
4.70 2.70 5.60
4.40 2.70 5.60
3.80 3.10 4.70
4.40 3.10 5.00
3.80 3.10 4.70
3.50 2.70 4.70
3.80 3.10 4.30
3.50 2.70 3.70
3.50 2.40 4.30
2.80 2.40 4.70
3.20 2.40 4.30
3.50 2.40 4.30
2.80 2.40 3.70
3.50 2.10 3.70
2.80 2.70 4.30
3.50 1.20 4.70
3.80 2.10 3.70
3.20 2.40 3.70
3.50 1.50 3.70
3.20 2.10 4.30
3.20 1.50 3.70
3.20 1.50 3.70
3.20 2.10 4.30
3.20 1.20 3.70
2.80 2.10 3.70
3.20 0.90 3.40
2.80 1.50 3.40
2.80 1.20 3.40
2.20 0.90 3.40
2.80 2.10 3.40
2.80 1.20 3.40
2.80 1.50 3.40
2.80 1.20 3.10
2.20 0.90 3.10
3.20 2.40 3.40
1.90 -0.10 3.10
2.20 2.10 3.10
2.20 0.90 2.80
2.20 0.20 2.20
1.90 2.10 3.10
2.80 -0.10 3.10
1.90 1.20 3.10
2.20 0.90 2.20
1.90 0.20 2.20
1.90 1.20 2.20
1.90 -0.10 1.80
1.90 1.20 2.20
1.90 0.20 1.80
1.90 0.90 2.20
1.60 0.20 1.80
1.90 0.90 1.80
1.60 1.20 1.50
1.90 -0.10 2.20
1.90 1.20 1.80
1.60 1.20 1.50
1.60 -0.10 1.50
1.60 0.90 1.80
1.60 0.20 1.50
1.60 0.20 1.80
0.60 0.90 1.80
0.60 -0.10 1.50
1.60 0.20 1.80
0.30 0.20 1.80
0.60 -0.10 1.80
0.60 0.90 1.50
0.60 -0.40 1.50
0.60 0.90 1.50
0.30 0.90 1.50
0.60 -0.10 1.50
0.60 0.90 0.90
0.60 -0.10 1.50
0.30 0.20 1.50
0.60 0.20 0.90
0.30 -0.10 1.50
0.30 1.20 1.50
0.30 -0.70 1.50
0.30 1.20 1.50
2025 2 5 3 54 54 222
185.08 188.50 197.22 8.10 15.00 18.10 33.06 53.20 63.66 35.98 303.32 16.74 352.82 194.30 190.88 198.60
0.00 0.30 0.50
0.00 -0.70 0.50
0.00 0.90 0.50
0.30 0.30 0.50
0.30 0.00 0.80
0.00 1.20 0.50
0.00 -0.70 0.80
0.30 0.30 -0.50
-0.70 -0.40 0.80
0.00 0.00 0.50
0.00 0.00 0.50
0.30 -0.40 0.50
0.00 0.00 -0.80
0.00 -0.40 -0.50
0.30 0.00 0.50
0.30 0.90 0.50
0.30 -0.40 0.50
0.30 0.90 0.50
0.00 -0.70 0.50
0.30 0.30 0.50
0.00 0.00 0.50
0.00 -0.40 0.50
0.00 0.90 0.50
0.00 -0.70 0.50
0.30 0.30 -0.50
0.00 0.90 0.50
0.00 -0.40 0.50
0.30 0.00 -0.50
-0.70 -0.40 0.50
0.00 0.00 0.50
0.30 -0.40 0.80
0.00 -0.40 0.50
0.00 -0.40 0.50
0.00 0.00 -0.50
0.00 0.30 -0.50
0.00 -0.40 0.50
0.00 0.00 0.50
0.00 0.30 -0.50
0.00 -0.70 0.50
0.00 0.30 0.80
0.30 -0.40 0.50
0.00 0.00 -0.50
0.00 0.90 -0.50
0.00 -0.70 0.50
0.00 0.90 0.50
0.00 0.30 -0.50
0.00 -0.40 0.50
0.30 1.20 -0.50
2.20 0.00 0.80
3.40 4.00 2.40
5.00 6.90 6.40
6.60 9.70 9.60
6.60 12.20 13.30
7.50 12.50 15.90
7.50 13.10 17.40
7.80 14.10 17.40
8.10 14.10 17.40
8.10 15.00 17.40
7.80 15.00 18.10
8.10 14.40 16.80
7.80 14.10 17.40
7.50 14.40 17.40
7.50 14.10 16.50
7.80 13.80 16.50
7.50 13.10 15.20
7.50 13.10 15.20
7.80 12.80 14.60
7.80 13.10 14.00
7.50 12.20 14.00
7.50 12.50 13.70
7.20 11.60 13.30
6.20 10.90 13.00
6.60 11.60 13.00
7.20 10.30 12.10
6.20 10.90 12.10
6.20 10.30 12.10
6.20 9.70 11.80
5.90 10.30 11.80
5.90 8.70 10.20
5.60 9.70 10.50
5.60 8.70 10.20
5.60 9.70 9.60
4.70 9.40 9.30
5.00 7.50 9.30
4.70 8.70 9.00
4.40 6.90 8.30
4.70 7.50 8.00
4.40 7.50 8.00
4.40 5.90 8.00
4.40 8.40 7.40
3.70 5.60 7.70
4.40 5.90 7.40
3.40 5.90 7.40
3.40 5.60 6.40
3.10 5.90 6.80
3.40 5.30 6.40
3.40 5.00 6.40
3.40 5.90 6.10
2.80 4.40 5.80
2.80 5.30 5.80
3.10 4.40 6.10
3.40 4.40 5.20
3.10 4.40 5.20
2.80 4.00 4.90
2.20 4.40 5.20
2.20 3.10 4.90
2.80 4.00 5.20
2.20 3.10 4.90
2.20 3.10 4.90
2.20 4.00 3.90
2.80 3.10 4.90
2.80 4.00 4.60
1.90 2.50 3.90
2.20 2.80 3.60
2.20 3.10 3.60
2.20 2.80 3.60
1.90 2.80 3.60
2.20 2.80 3.60
1.90 3.10 3.60
1.90 3.10 3.30
2.20 2.50 3.60
1.90 3.10 3.30
1.90 2.80 3.60
2.20 2.80 3.00
1.50 3.10 3.00
1.90 2.50 3.00
1.90 2.80 3.00
1.50 2.50 2.40
0.60 2.20 3.00
1.90 2.80 3.00
1.90 1.20 3.00
1.90 2.20 2.40
1.50 2.20 3.00
1.50 1.50 2.10
0.60 3.10 2.40
0.60 1.20 2.40
1.50 1.50 2.40
0.60 2.50 2.10
1.50 1.20 2.10
1.50 2.50 2.10
1.50 1.20 2.10
0.60 1.20 1.70
0.60 1.50 1.70
0.60 0.30 1.70
0.60 1.50 1.70
1.50 1.50 1.70
0.60 1.20 1.70
1.50 1.50 1.70
0.60 1.20 2.10
0.60 2.20 1.70
1.50 0.30 1.70
1.50 2.20 1.70
0.60 0.30 1.10
1.90 0.90 1.70
0.60 1.20 1.70
0.60 0.00 1.10
0.60 1.20 1.10
0.60 1.20 0.80
0.30 0.90 1.10
0.60 2.20 1.10
0.60 0.30 1.10
0.60 1.50 0.80
0.60 0.90 1.10
0.60 0.30 1.10
0.30 0.90 1.10
0.60 0.30 1.10
0.60 1.20 0.50
0.60 0.90 0.80
0.30 0.90 1.70
0.30 0.30 0.80
0.30 0.30 0.80
0.30 1.20 0.80
0.30 0.30 0.80
0.60 1.20 0.80
0.60 0.30 0.50
0.30 0.00 1.10
0.30 1.20 1.10
0.30 0.00 0.80
0.30 1.20 -0.50
0.00 1.20 0.80
0.30 -0.40 0.80
0.60 1.50 0.50
0.00 0.00 0.80
0.60 0.30 -0.50
0.00 0.30 0.80
0.60 0.00 0.50
0.30 0.30 0.50
0.60 0.30 0.50
0.60 0.30 0.50
0.30 0.30 0.80
0.30 0.90 0.80
0.00 0.00 0.50
0.00 0.00 0.50
0.30 0.90 0.50
0.30 0.00 0.50
0.30 0.30 0.50
0.00 0.30 0.80
0.60 0.30 0.50
0.30 0.90 0.50
0.00 0.30 0.50
2025 2 5 3 59 24 921
200.63 200.70 199.51 72.10 11.60 34.80 343.65 38.62 115.09 3.18 142.40 18.71 226.37 197.50 204.36 198.38
-0.10 0.00 0.30
-0.10 -0.30 -0.70
0.20 0.00 -0.70
0.20 0.30 0.30
-0.10 -0.60 -1.00
0.50 0.30 -0.70
0.20 -0.30 0.30
-0.10 -0.30 0.30
0.20 0.00 0.30
0.20 -0.30 -1.00
-0.10 0.00 0.30
0.20 0.30 0.30
-0.10 -0.30 -0.70
0.50 0.00 0.30
0.20 0.30 -0.70
0.20 0.00 -0.70
0.20 0.00 -0.70
0.20 0.00 -0.70
-0.10 -0.30 -0.70
0.50 0.00 -0.70
-0.10 0.00 0.30
-0.10 -0.60 -0.70
-0.10 0.30 -0.70
-0.10 -0.30 -0.70
-0.10 0.00 0.30
-0.10 0.00 0.30
0.20 -0.60 -0.70
0.20 0.30 -0.70
0.20 -0.60 -0.70
0.20 0.30 -0.70
-0.10 0.00 -0.70
0.20 0.00 -0.70
-0.10 0.30 -1.00
0.20 0.00 0.30
-0.10 0.90 -0.70
0.20 0.00 -1.00
-0.70 -0.30 0.30
0.20 -0.30 -0.70
-0.10 -0.60 -0.70
0.20 1.20 -0.70
-0.10 -0.60 0.30
0.20 0.30 0.30
-0.10 0.00 0.30
-0.10 -0.30 -1.00
-0.10 0.00 0.30
-0.10 -0.60 -1.00
-0.10 0.30 0.30
-0.10 -0.30 0.30
-0.10 0.00 -0.70
-0.10 0.30 0.90
0.20 0.30 7.80
6.20 1.60 16.30
20.30 2.50 24.40
38.20 6.00 27.90
56.40 5.60 30.70
72.10 8.20 33.50
72.10 10.00 34.50
72.10 10.00 34.80
72.10 11.30 34.50
72.10 11.30 33.80
72.10 11.00 33.50
72.10 11.60 32.30
72.10 11.00 31.00
72.10 11.00 30.40
72.10 10.00 29.10
72.10 11.00 29.10
72.10 10.00 28.20
72.10 10.30 27.60
72.10 9.40 27.20
72.10 10.00 26.30
72.10 9.70 25.00
72.10 8.50 24.70
72.10 9.40 24.40
72.10 8.20 23.20
72.10 7.50 22.90
72.10 8.20 22.20
72.10 7.50 21.90
72.10 8.50 20.70
72.10 6.90 20.70
72.10 7.50 20.00
71.80 6.90 20.00
70.20 6.00 18.80
67.70 6.60 18.80
66.10 5.60 18.10
63.60 6.00 17.50
61.10 5.60 16.60
60.20 6.60 16.60
58.30 5.30 16.00
56.40 5.30 15.00
54.80 5.60 15.00
52.90 5.30 15.00
51.70 5.30 13.80
50.10 4.10 13.40
47.90 5.00 13.40
46.70 4.10 12.80
46.00 4.40 12.20
43.80 4.40 11.90
43.80 3.80 11.90
41.60 4.10 11.60
40.40 3.80 10.90
39.50 3.80 10.30
38.80 4.10 10.00
37.30 2.50 9.40
36.60 4.10 9.40
35.10 3.80 9.40
33.80 2.80 8.70
32.20 3.80 8.70
31.60 2.50 7.80
31.00 2.80 8.10
30.00 3.10 7.50
29.10 2.20 7.80
28.20 2.80 7.50
27.20 2.50 7.50
26.60 2.50 7.20
26.00 2.80 6.50
25.00 2.20 6.50
24.40 2.50 6.50
23.80 2.50 6.20
23.10 2.20 6.50
21.90 2.50 5.90
21.60 2.50 6.20
20.60 2.20 5.60
20.30 2.50 5.60
19.40 2.20 5.60
18.70 1.20 4.70
18.70 2.50 4.70
17.50 1.60 5.00
17.20 1.20 5.00
16.50 2.20 4.70
15.90 1.60 4.70
15.90 1.60 4.70
15.60 1.20 4.70
14.70 1.20 3.70
14.40 1.60 3.70
14.40 1.20 3.70
13.10 1.20 3.70
12.80 0.30 3.40
12.80 1.20 3.40
12.20 1.20 3.40
11.80 0.30 3.40
11.80 1.60 3.70
11.80 1.20 3.40
10.90 1.20 3.10
10.60 1.20 2.80
10.00 0.30 3.10
9.30 1.20 3.10
9.30 1.20 3.10
9.30 0.90 3.10
9.30 0.90 2.80
8.70 1.20 2.10
8.10 0.90 2.80
8.10 0.90 2.10
7.80 0.00 2.10
7.80 1.20 2.10
7.80 1.20 2.80
7.50 0.30 2.80
6.50 0.90 2.10
7.10 0.90 1.80
6.50 0.30 2.10
6.50 1.20 2.80
6.20 0.00 2.10
6.50 0.90 1.80
6.20 0.90 2.10
6.20 0.90 2.10
5.90 0.30 2.10
5.90 0.90 1.80
5.60 0.90 1.80
5.60 0.30 1.80
4.90 0.90 1.80
4.90 0.00 1.50
4.90 1.20 0.90
5.60 0.30 1.50
4.90 0.00 0.60
5.60 1.60 1.50
4.90 -0.30 1.50
4.90 1.20 1.50
4.90 0.00 0.90
4.90 0.00 1.50
4.60 0.90 1.50
4.60 0.00 1.80
4.30 0.90 1.50
4.30 1.20 1.50
4.30 0.90 1.80
3.70 0.30 1.50
3.40 0.30 1.50
3.70 1.20 1.50
3.70 0.00 1.50
3.70 0.90 1.50
3.40 0.30 1.50
3.40 -0.30 0.90
3.10 0.90 1.50
3.10 0.00 1.50
3.10 0.00 0.90
3.10 1.20 0.90
3.10 -0.30 0.90
2.70 0.30 0.90
2.70 0.30 0.90
3.10 0.30 0.90
2.10 0.00 0.60
2.70 0.30 0.60
2025 2 5 4 9 5 47
201.59 194.99 196.66 66.80 17.20 28.40 236.36 55.49 101.80 21.07 80.05 2.93 215.10 196.15 197.21 196.09
0.30 0.80 -0.50
0.00 -0.40 0.80
0.00 -0.10 0.80
0.00 0.20 0.50
0.30 -0.70 -0.50
0.00 0.20 0.50
0.00 -0.40 0.80
0.30 0.20 0.50
0.00 -0.40 0.50
0.00 -0.40 0.50
0.30 0.80 0.80
0.00 -0.70 0.80
0.30 0.20 0.50
0.00 -0.70 0.80
0.30 -0.40 -0.50
0.00 0.20 0.80
0.60 -0.40 -0.50
0.00 0.20 0.50
0.30 -0.10 -0.50
0.00 -0.10 -0.50
0.30 -0.40 -0.50
0.00 -0.10 0.50
0.30 -0.10 -0.50
0.30 -0.40 0.50
0.60 -0.10 -0.50
0.00 -0.70 0.50
0.30 0.20 0.80
0.00 -0.40 0.50
0.30 -0.40 0.50
0.30 0.20 -0.50
0.30 -0.70 0.50
0.00 0.20 -0.50
0.30 -0.10 -0.50
0.00 -0.10 -0.50
0.60 0.20 0.50
0.00 -0.10 0.50
0.00 0.20 0.50
0.00 -0.10 -0.50
0.00 0.80 -0.50
0.00 -0.10 -0.50
0.00 0.80 0.50
0.00 0.20 -0.50
0.00 -0.10 -0.50
0.00 0.80 -0.50
0.30 -0.40 0.50
0.00 0.80 0.50
0.00 0.20 -0.50
0.00 -0.10 0.80
0.00 1.20 0.50
-0.60 -0.40 4.90
3.10 2.40 9.60
7.20 5.20 14.60
14.70 8.40 20.20
26.00 11.50 24.60
41.10 12.10 24.90
50.20 14.00 26.50
58.00 14.00 27.80
61.20 15.60 28.10
64.00 16.80 28.40
66.80 14.30 27.80
66.80 17.20 27.40
66.50 15.60 26.50
66.20 15.90 26.20
65.20 15.60 25.30
64.00 14.30 24.90
63.00 15.30 24.00
61.80 12.80 23.40
60.50 13.70 23.10
59.00 13.10 22.10
57.40 12.40 22.10
56.50 13.10 20.90
54.00 12.10 20.50
53.00 12.80 19.60
51.10 11.20 19.30
49.60 11.20 18.30
48.30 11.50 19.00
47.70 10.90 18.00
46.40 11.50 18.00
45.80 10.90 17.40
44.90 10.90 16.80
43.90 10.90 16.20
41.70 9.60 15.80
40.50 10.30 15.80
39.20 8.70 14.90
38.00 9.60 14.90
37.30 9.30 14.00
35.80 8.70 13.60
34.50 9.30 13.60
33.90 8.40 13.00
32.00 8.10 13.00
31.70 7.40 12.10
30.40 7.40 12.10
30.10 7.40 11.80
28.20 5.90 11.10
28.20 7.40 10.50
27.30 5.50 10.20
26.70 6.50 10.20
25.70 5.50 9.60
25.10 5.20 9.30
24.50 5.50 9.60
23.20 5.20 10.20
22.90 5.50 10.20
22.00 5.20 9.60
20.70 4.90 9.30
20.70 4.90 8.30
19.10 4.30 8.90
19.40 4.30 8.30
18.80 4.30 8.30
18.80 4.30 8.00
17.60 3.70 8.00
17.60 4.30 7.70
16.60 4.00 7.40
16.30 3.00 7.70
16.30 4.30 7.40
15.70 3.00 7.40
14.70 3.70 6.70
14.40 3.00 6.40
13.80 2.70 6.40
14.40 3.70 6.40
13.50 2.40 6.10
12.90 3.00 5.80
12.90 2.40 5.80
12.90 3.00 5.20
11.90 2.40 5.80
11.00 2.40 5.20
10.30 2.70 5.20
10.30 1.50 5.20
10.30 3.00 4.90
9.40 1.50 5.20
9.10 2.10 4.50
9.40 3.00 4.50
9.10 0.80 4.50
9.10 3.00 3.90
8.10 0.80 3.60
8.80 2.10 3.90
8.10 2.70 3.30
8.10 0.80 3.60
7.80 2.70 3.60
7.50 1.20 3.30
7.20 1.50 3.30
7.20 2.10 3.30
6.30 0.80 3.00
6.30 2.10 3.00
6.60 0.80 3.30
6.60 2.10 3.00
5.60 0.80 3.00
6.30 1.20 3.00
5.60 1.20 2.30
6.00 -0.10 2.00
6.00 1.50 2.30
5.00 0.80 2.00
5.00 0.80 2.00
5.60 1.20 2.00
4.70 0.20 2.00
5.00 1.20 2.00
5.00 0.20 1.70
5.00 0.80 2.00
5.00 1.20 2.00
5.00 0.80 1.70
4.40 0.80 1.70
4.70 1.20 1.70
4.40 0.80 1.70
3.80 0.80 2.00
3.80 0.80 1.70
3.80 0.80 1.70
3.80 -0.10 1.10
4.40 0.80 1.70
3.80 0.20 1.70
3.80 0.80 1.70
3.80 1.20 1.70
3.40 0.20 1.10
3.40 0.80 1.70
3.40 0.80 1.10
2.80 -0.40 1.10
3.10 1.20 1.10
2.80 0.20 1.70
2.80 0.20 1.10
2.80 0.80 1.10
2.80 0.20 1.10
2.80 0.20 1.10
2.80 0.80 1.10
2.20 0.20 1.10
2.20 0.20 1.10
2.20 0.20 0.80
2.20 -0.10 1.10
2.20 0.80 1.10
2.20 0.20 0.80
1.90 -0.10 1.10
2.20 0.20 1.10
1.90 0.20 0.80
1.90 0.80 0.80
2.20 -0.10 0.80
1.90 0.80 0.50
2.20 -0.40 1.70
1.60 1.20 0.50
1.60 0.20 0.80
2.20 0.20 0.80
1.90 1.20 0.80
1.90 -0.10 0.50
1.60 0.80 0.80
2025 2 5 4 19 14 876
194.66 204.52 195.18 26.10 59.10 19.90 91.27 212.49 65.30 27.68 221.91 18.17 234.77 194.47 201.11 196.25
0.10 0.40 0.50
0.10 0.10 0.10
-0.60 -0.60 0.10
0.10 1.30 -0.80
0.10 -0.60 0.50
0.40 1.00 -0.80
-0.60 -0.20 -0.80
0.10 0.10 0.10
0.10 1.30 -0.80
0.10 -0.20 -0.80
0.10 0.40 0.50
0.10 0.40 0.10
0.10 0.10 0.10
0.10 1.30 -0.80
0.10 0.10 0.50
0.10 1.00 0.10
0.10 1.00 0.10
0.40 1.00 0.10
-0.60 0.40 -0.80
0.10 1.00 0.10
0.40 1.00 0.10
0.10 0.40 -0.80
0.10 0.40 0.50
0.10 1.00 -0.80
0.10 0.40 0.10
0.40 0.40 0.10
-0.90 1.00 0.10
0.40 0.10 0.10
0.40 0.40 -0.80
0.10 1.00 0.10
-0.60 -0.20 0.10
0.10 1.60 -1.10
-0.60 -0.20 0.50
0.40 0.40 -1.10
0.10 1.00 0.10
0.10 -0.20 0.10
0.10 1.00 0.10
0.10 -0.60 0.10
0.10 1.00 -0.80
0.10 1.00 -0.80
0.10 0.10 -1.10
0.10 1.30 0.10
0.10 -0.60 -0.80
0.10 1.30 -0.80
-0.60 0.40 0.10
0.10 0.10 -0.80
0.10 1.00 -0.80
0.10 0.10 -0.80
0.10 1.00 0.80
0.40 0.10 4.80
4.80 0.40 8.00
9.50 1.30 11.70
14.50 5.40 16.10
18.90 13.90 17.40
21.10 21.10 18.00
24.50 33.30 18.60
25.80 39.90 19.00
26.10 45.90 19.90
25.80 53.40 18.60
25.80 55.60 19.30
25.20 58.70 19.00
25.80 59.10 19.00
24.80 58.70 18.60
24.50 59.10 17.70
23.60 57.50 17.70
23.30 57.80 16.50
22.00 56.20 16.50
21.10 55.30 16.10
20.80 54.70 15.50
20.80 51.80 15.50
20.50 52.50 14.90
19.50 50.30 14.30
19.20 50.00 13.60
18.90 48.70 13.30
17.90 46.20 13.60
17.90 47.10 13.30
17.60 44.00 13.00
17.30 43.10 12.70
16.70 42.70 11.70
16.10 40.20 11.70
16.10 40.20 11.40
15.70 38.70 10.80
14.80 37.40 10.80
14.50 37.10 9.90
13.90 35.50 9.90
13.90 34.00 9.20
12.90 32.70 9.20
12.90 32.40 8.60
12.30 31.10 8.00
12.00 30.50 7.70
11.00 29.60 7.70
11.00 28.30 8.00
10.70 27.70 7.00
10.40 26.10 7.00
10.40 26.70 7.40
10.10 25.20 7.00
9.20 23.90 7.40
9.50 24.20 6.40
8.80 23.00 6.40
8.20 23.00 5.50
8.80 21.70 6.10
8.20 21.10 5.80
7.90 20.50 5.50
7.60 20.20 4.80
7.30 19.80 4.80
7.60 18.60 4.80
7.30 18.30 5.50
7.30 17.00 4.80
7.30 17.30 4.50
6.30 15.80 4.50
6.00 15.80 4.80
6.30 15.80 4.20
6.30 14.20 4.20
6.30 15.10 3.60
5.70 12.90 3.60
6.00 13.90 3.60
5.10 13.90 3.60
5.70 12.30 3.30
4.50 13.30 3.30
4.80 11.40 3.00
5.10 12.60 3.30
5.10 11.40 3.00
4.50 9.80 3.00
4.80 11.70 3.00
3.80 8.90 3.00
4.50 11.10 3.00
4.50 9.50 2.60
3.80 8.90 2.60
3.50 10.10 2.60
4.50 8.50 2.00
3.50 8.90 2.00
3.50 7.60 2.00
3.20 8.50 2.00
3.50 8.20 1.70
3.20 7.00 2.00
3.50 8.50 1.70
2.90 6.70 1.70
3.20 8.50 1.70
2.30 5.70 1.70
3.20 6.70 0.80
2.90 6.70 1.40
2.90 5.40 1.40
2.30 7.00 1.40
2.90 5.70 1.40
2.30 5.70 1.40
3.20 7.00 1.70
2.30 4.50 1.70
2.90 6.00 1.70
2.90 5.10 2.00
2.30 5.10 1.40
2.90 5.40 1.70
2.30 5.40 1.40
1.90 5.10 1.40
2.30 4.50 1.70
1.90 4.50 1.70
1.90 4.50 0.80
1.90 4.50 1.70
1.90 4.20 1.40
1.60 3.80 1.40
1.60 4.20 1.40
1.90 3.80 1.40
2.30 3.20 0.80
1.60 3.80 1.40
1.60 3.20 0.80
1.60 3.20 1.40
1.60 3.20 1.40
0.70 2.90 1.40
1.60 3.80 0.50
1.60 2.90 0.80
1.60 2.90 0.80
1.60 2.90 0.50
1.60 2.90 0.80
0.70 2.60 0.80
1.60 2.90 0.50
0.70 2.30 0.80
0.70 2.30 0.50
0.40 2.90 0.80
0.70 2.30 0.50
0.70 2.60 0.50
0.70 2.60 0.50
0.40 2.60 0.80
0.70 2.60 0.10
0.10 2.30 0.80
0.70 2.60 0.10
0.70 2.60 0.50
0.70 2.30 0.10
0.40 2.60 0.50
0.40 2.90 0.50
0.40 2.60 0.50
0.70 2.30 0.50
0.10 2.60 0.80
0.40 2.30 0.10
0.40 2.30 0.10
0.70 2.90 0.10
0.10 2.30 0.50
0.70 3.20 0.10
0.10 1.30 0.10
0.70 2.90 -0.80
0.40 2.30 0.50
0.40 1.60 0.10
2025 2 5 4 34 8 74
182.37 185.32 182.77 8.10 10.30 6.00 27.70 34.21 25.58 7.94 226.87 41.32 307.06 192.30 195.25 206.00
-0.60 -0.70 0.60
0.00 1.20 -0.30
-0.60 -0.40 -0.30
0.30 -0.10 0.60
-0.60 0.90 -0.30
0.00 -0.40 -0.30
0.00 0.90 0.60
0.00 -0.10 -0.30
-0.60 0.20 -0.30
0.00 0.20 0.60
-0.60 -0.40 0.60
0.00 0.20 -0.30
-0.60 -0.40 0.60
0.00 0.20 -0.30
0.00 -0.40 0.60
0.00 -0.40 0.60
0.00 0.90 -0.30
0.00 -0.40 -0.30
0.00 0.90 1.00
0.00 -0.70 0.60
0.00 -0.10 -0.30
0.30 0.20 -0.30
0.00 -0.70 1.30
0.30 0.90 1.00
0.00 -0.70 1.00
0.30 0.20 -0.30
0.00 -0.10 1.00
0.30 -0.70 0.60
0.00 0.90 0.60
0.30 -0.40 0.60
0.00 -0.10 0.60
0.30 -0.10 0.60
0.00 -0.10 0.60
0.00 0.20 0.60
0.00 -0.10 0.60
0.00 0.20 0.60
-0.60 -0.40 0.60
0.00 -0.10 0.60
0.00 -0.10 0.60
0.00 -0.40 0.60
0.00 -0.40 0.60
0.30 -0.10 0.60
0.00 0.90 1.00
0.00 -0.70 -0.30
0.00 -0.10 0.60
0.00 -0.10 0.60
0.30 -0.40 1.90
1.60 1.20 3.20
2.80 2.10 4.10
4.40 4.00 4.70
5.60 4.30 5.00
5.90 5.90 4.70
6.60 7.40 5.30
7.80 8.40 5.00
8.10 10.30 6.00
8.10 9.30 6.00
8.10 9.60 6.00
8.10 10.00 5.30
7.80 9.30 6.00
7.80 10.00 6.00
7.80 9.30 5.00
7.80 9.60 5.30
7.50 9.30 5.30
7.50 9.60 5.30
6.60 8.70 5.00
7.20 9.30 4.70
6.60 9.30 5.00
6.60 7.40 4.70
5.90 8.70 4.70
5.90 7.40 4.10
6.30 7.40 5.00
6.30 8.40 4.10
5.90 5.60 3.80
5.60 8.10 4.10
5.60 6.80 4.10
5.60 6.50 3.80
4.70 7.40 4.10
5.00 5.20 3.50
4.70 6.50 3.80
4.70 5.20 3.50
4.40 5.20 3.50
4.40 5.60 3.50
4.40 4.90 3.80
3.80 5.60 3.50
4.40 4.00 3.50
4.40 4.90 3.20
3.40 4.30 3.20
3.80 3.70 3.20
3.80 5.20 3.50
3.40 4.00 3.20
3.40 5.20 2.50
3.80 4.00 2.50
2.80 3.70 2.20
3.40 4.90 2.20
2.80 3.10 2.20
3.10 3.70 2.20
2.80 3.70 2.20
3.10 3.10 2.20
2.20 3.10 2.50
2.20 3.10 2.20
2.80 3.10 1.90
2.80 3.10 1.90
2.20 3.10 1.90
2.20 3.10 2.20
2.20 2.40 1.90
2.20 3.10 1.90
1.90 2.10 1.90
2.20 3.10 1.90
1.90 2.40 1.90
2.20 2.40 1.90
1.90 2.70 1.90
1.90 2.40 1.90
1.90 2.10 1.90
1.90 2.40 1.00
1.90 2.10 1.90
1.90 2.40 1.30
0.60 1.50 1.30
1.90 2.10 1.00
1.60 2.10 1.30
1.90 2.10 1.30
1.90 1.50 1.00
1.60 2.10 1.00
0.60 1.50 1.30
1.90 1.50 1.00
1.60 2.10 1.30
0.60 1.20 1.00
0.60 1.50 1.30
1.60 1.20 0.60
0.60 0.90 1.00
1.90 1.50 1.00
1.60 1.20 1.00
0.60 1.20 1.00
0.30 0.20 0.60
1.60 1.50 1.00
0.60 1.20 0.60
0.60 1.20 1.00
0.30 1.20 1.00
0.60 -0.10 0.60
0.60 1.20 1.30
1.60 0.20 0.60
0.60 1.20 0.60
0.60 1.50 1.00
0.30 -0.10 1.30
0.30 2.40 1.00
0.30 -0.10 1.00
0.30 1.20 1.00
0.60 1.20 1.30
0.30 -0.10 1.00
0.30 2.10 1.00
0.60 -0.10 1.00
0.30 1.20 0.60
0.30 0.90 1.00
0.30 -0.40 0.60
0.00 1.20 -0.30
0.30 -0.40 0.60
0.30 1.20 1.00
0.30 -0.40 1.00
0.60 0.90 -0.30
0.00 0.20 0.60
0.00 -0.40 0.60
0.00 1.20 1.00
0.30 -0.10 0.60
0.30 1.20 1.00
0.30 1.20 0.60
0.00 -0.10 0.60
0.00 1.20 0.60
0.00 -0.40 0.60
0.00 0.90 -0.30
0.00 -0.10 0.60
0.00 0.20 0.60
0.30 0.90 1.00
0.30 0.20 0.60
0.00 0.90 -0.30
0.00 -0.10 -0.30
0.00 0.20 0.60
0.30 0.20 0.60
0.00 -0.40 -0.30
0.30 1.20 -0.30
0.30 -0.10 1.00
0.30 -0.10 0.60
-0.60 0.20 -0.30
0.00 0.20 1.00
0.00 0.20 0.60
0.30 0.20 0.60
-0.60 -0.70 -0.30
0.00 0.20 0.60
0.00 -0.10 0.60
0.00 -0.10 0.60
0.00 0.20 1.00
0.00 -0.40 -0.30
0.00 0.20 0.60
0.00 0.20 0.60
0.30 -0.40 0.60
0.00 0.90 0.60
0.00 -0.10 1.00
0.30 0.20 -0.30
0.00 -0.10 0.60
0.30 -0.10 0.60
0.00 -0.10 0.60
0.30 -0.10 0.60
2025 2 5 4 37 12 282
197.37 191.77 195.38 37.20 28.20 16.30 136.92 98.46 55.86 15.44 59.89 12.76 19.17 195.42 191.32 196.96
-0.20 0.20 -0.60
-0.20 -1.30 -0.90
0.20 0.90 -0.90
0.20 -0.40 -0.60
0.20 -0.40 0.30
0.20 0.90 0.30
-0.20 -0.70 -0.60
0.20 -0.10 0.30
-0.20 -0.10 -0.60
-0.20 -0.10 0.30
0.20 -0.10 -0.60
0.20 -0.10 0.30
-0.20 -0.10 0.30
0.20 -0.10 -0.60
-0.20 -0.40 -0.60
0.20 -0.10 0.30
0.20 0.20 0.70
0.20 -0.40 -0.60
-0.20 0.20 -0.60
0.20 -0.10 -0.60
-0.20 -0.70 0.30
-0.20 0.90 0.30
-0.20 -0.40 -0.60
-0.20 0.20 0.30
0.20 -0.10 0.30
-0.20 -0.10 -0.60
0.20 0.20 -0.60
-0.20 -0.70 -0.60
0.20 0.20 -0.60
-0.20 -0.40 -0.90
0.20 -0.10 0.70
0.20 -0.40 -0.60
-0.20 -0.70 -0.60
0.20 0.20 0.30
-0.20 -0.70 0.70
-0.20 1.20 -0.60
0.20 -0.40 -0.60
0.50 -0.10 0.30
0.20 -0.10 0.70
0.20 -0.70 -0.60
0.20 0.90 -0.60
0.50 -0.40 0.30
0.50 0.20 -0.90
0.20 0.20 -0.90
0.20 -0.40 0.30
0.20 1.20 -0.60
0.20 -0.70 0.30
0.50 1.20 -0.60
0.20 0.90 0.30
1.40 2.40 3.80
3.60 8.10 8.80
8.60 11.50 10.40
14.60 17.50 12.90
20.20 20.90 14.50
24.90 22.50 15.10
29.00 25.00 15.70
33.40 25.30 16.30
35.00 28.20 16.00
36.20 26.90 16.00
37.20 28.20 15.10
36.60 27.50 15.10
37.20 26.60 14.80
37.20 27.20 14.50
37.20 26.00 13.80
37.20 26.60 13.50
36.60 25.30 13.50
35.60 24.40 13.50
35.00 24.40 12.30
33.40 22.50 12.30
33.10 23.80 11.60
32.20 22.80 11.60
31.80 22.50 10.40
30.60 22.20 11.60
29.30 21.60 11.00
28.70 20.90 11.00
28.10 20.00 10.40
27.50 20.00 10.40
27.10 19.70 10.10
25.90 18.70 10.10
26.20 18.70 9.40
24.90 17.20 9.10
23.70 18.10 9.10
24.30 15.90 8.20
22.70 15.60 8.20
21.80 15.60 8.20
21.50 15.00 7.90
20.60 15.00 7.90
20.20 14.00 7.20
19.30 13.10 7.60
19.00 13.70 7.20
18.00 12.50 7.60
17.70 12.50 6.60
17.10 12.50 6.30
16.50 12.20 6.30
16.20 11.50 6.00
15.80 11.50 6.00
15.50 10.30 5.70
14.90 10.30 5.00
14.60 10.30 5.70
14.30 9.30 4.70
13.00 10.00 5.70
13.00 9.30 4.40
12.70 8.70 4.70
13.00 9.70 4.70
11.80 7.50 3.80
12.10 9.30 3.80
10.80 7.50 3.50
10.50 8.10 3.50
10.50 7.50 3.80
10.20 5.90 3.80
10.20 6.80 3.80
8.90 6.50 3.50
8.90 5.90 3.50
8.90 5.90 3.20
8.00 5.90 3.50
8.60 6.50 3.20
7.70 4.90 3.20
7.70 6.50 2.90
7.70 4.30 3.50
7.40 5.30 2.90
7.10 5.30 2.90
6.40 4.00 3.20
6.40 5.30 2.90
7.10 3.70 2.90
6.10 4.30 2.90
6.40 4.90 1.90
5.80 3.10 2.20
5.80 4.30 1.90
5.80 3.10 2.20
5.80 4.90 1.90
4.90 2.40 2.90
4.90 3.70 2.20
4.60 3.70 2.90
4.90 3.10 1.90
4.20 4.30 2.90
4.60 2.40 2.90
3.60 3.10 2.20
4.20 3.10 2.20
3.60 1.50 2.20
4.20 3.70 1.90
3.30 1.20 1.90
3.60 3.10 1.60
3.60 2.10 2.20
3.30 2.40 1.90
3.30 2.70 1.90
3.60 1.50 1.90
3.30 2.70 1.90
3.30 2.10 1.00
3.00 2.10 1.00
3.00 2.10 1.60
3.00 1.50 1.60
3.00 2.40 1.60
2.70 0.20 1.90
2.70 2.70 1.00
2.00 1.20 1.60
2.70 1.20 1.60
2.70 2.10 1.60
2.70 0.90 1.00
2.70 2.10 1.00
3.00 1.20 0.70
1.70 1.20 1.60
2.70 1.50 1.60
2.70 0.90 1.00
2.70 1.50 0.70
2.70 0.90 1.00
2.70 2.10 0.30
2.00 0.90 1.00
2.70 1.20 0.30
1.70 0.90 1.00
2.00 0.90 1.00
2.00 1.50 1.60
2.00 0.90 0.70
1.70 1.20 0.70
2.00 1.20 0.70
2.00 0.20 0.70
2.00 1.20 0.70
1.70 0.20 1.00
1.70 1.20 0.70
1.70 0.20 0.70
1.70 0.90 0.70
2.00 0.90 1.00
2.00 0.90 0.70
1.70 1.20 0.70
1.70 0.20 0.30
1.70 0.90 0.70
1.40 1.20 0.30
1.70 0.20 0.70
1.70 1.20 0.70
1.70 -0.10 0.70
1.70 1.20 0.30
1.40 0.20 0.70
1.40 0.90 0.30
1.40 1.20 0.30
0.50 0.20 0.70
1.40 1.20 0.30
1.70 0.20 0.70
0.50 0.90 0.70
1.40 0.90 0.30
0.20 -0.10 -0.60
0.50 1.20 0.30
2025 2 5 4 43 43 166
190.35 196.70 194.15 20.70 10.00 8.60 73.09 34.70 26.70 18.96 253.10 47.17 264.42 191.36 204.17 202.24
0.00 0.90 -0.80
-0.30 -0.60 0.10
-0.30 1.20 0.40
-0.30 0.30 0.40
-0.30 0.30 0.10
-0.30 0.00 0.10
0.00 0.00 0.10
-0.30 0.30 0.10
-0.30 0.00 -0.80
-0.30 0.90 -0.80
-0.30 -0.30 0.10
-0.30 0.00 0.10
0.00 0.30 -0.80
-0.30 -0.60 0.10
0.00 0.90 0.10
-0.30 -0.30 0.10
-0.30 0.30 -1.10
-0.30 0.30 0.40
-0.30 -0.30 0.10
0.00 0.30 -0.80
-0.30 -0.30 -0.80
-0.30 0.00 0.10
-0.30 0.30 0.10
-1.00 -0.30 0.40
-0.30 0.00 0.40
-0.30 0.00 0.40
-0.30 0.90 0.10
0.00 0.00 0.40
-0.30 0.90 0.10
-0.30 0.00 0.40
-0.30 0.30 0.40
-0.30 1.20 0.10
-0.30 -0.60 0.40
-0.30 0.30 0.40
-0.30 0.30 0.10
-1.00 0.00 0.40
0.00 0.90 0.10
-0.30 -0.60 0.40
-0.30 1.20 0.40
-0.30 0.30 0.40
-0.30 0.00 0.10
-0.30 0.00 0.10
-0.30 0.90 0.10
0.00 0.00 0.70
0.00 0.00 0.10
-0.30 0.30 0.40
-0.30 -0.30 0.40
-0.30 0.90 0.10
2.50 0.30 0.70
4.10 0.00 2.60
7.50 1.20 3.60
11.90 2.20 6.10
14.40 4.40 6.40
17.20 5.30 8.00
18.80 5.90 8.00
20.10 8.10 8.00
20.10 8.40 8.00
20.70 8.80 8.60
20.70 9.70 8.00
20.70 9.40 7.60
20.40 9.40 8.00
20.40 9.40 7.60
20.40 9.70 7.30
19.70 9.70 7.30
19.10 10.00 7.00
18.50 8.40 6.40
18.50 8.80 6.40
17.50 8.80 6.40
17.50 8.10 6.40
16.30 8.40 6.10
16.30 8.10 6.10
15.70 7.50 5.80
15.70 8.10 5.80
14.40 6.60 5.80
14.40 7.50 5.40
14.40 7.50 5.40
14.10 6.90 5.40
14.10 5.90 5.40
13.10 7.50 4.50
13.10 5.90 4.50
12.50 5.30 4.50
11.90 5.90 4.50
11.60 5.30 4.20
11.60 5.30 4.50
10.60 5.30 4.20
10.00 5.00 3.60
10.00 5.30 3.60
10.00 4.40 3.60
9.10 4.40 3.20
9.10 4.10 3.60
8.80 5.00 3.20
8.80 4.40 3.60
8.40 4.40 3.20
7.80 4.10 3.20
7.50 3.70 2.90
7.80 4.10 2.90
7.20 3.10 2.60
6.90 3.10 2.90
6.90 4.40 2.60
6.20 3.10 2.60
7.20 2.80 2.60
5.90 3.70 2.60
5.90 2.80 2.00
5.90 3.10 1.70
5.60 2.80 2.00
5.30 2.50 2.00
5.90 3.10 2.00
5.30 2.20 2.00
5.60 2.80 1.70
5.30 2.20 1.70
4.70 2.50 1.70
4.40 2.50 1.70
4.70 2.50 1.40
4.40 2.20 1.40
4.40 2.20 1.40
4.10 2.20 1.40
4.10 1.50 1.40
4.10 1.50 1.40
3.40 1.50 1.40
3.40 1.50 1.40
4.10 1.50 1.40
3.40 1.20 1.40
3.10 2.20 1.40
3.10 2.20 1.40
2.80 1.20 1.40
2.50 1.20 0.70
2.50 1.50 0.70
2.80 1.50 1.40
3.10 1.20 1.40
2.50 1.50 1.40
2.80 1.20 0.70
2.50 1.20 1.40
2.50 1.20 0.70
2.50 0.90 0.70
2.50 1.20 0.70
2.50 1.20 0.70
1.90 0.90 0.70
1.90 1.20 0.70
1.90 1.20 0.40
1.90 0.90 0.70
1.90 1.20 0.40
1.90 0.30 0.70
1.90 0.90 0.70
1.90 1.20 0.40
1.50 0.00 0.10
1.90 1.20 0.70
1.90 0.90 0.70
1.20 0.00 0.10
1.50 1.50 0.10
1.50 0.90 0.70
1.50 0.90 0.40
1.50 0.90 0.70
1.50 0.90 0.40
1.20 1.20 0.40
1.50 0.90 0.10
1.20 0.90 0.40
0.30 0.90 0.40
1.20 0.90 0.10
1.50 0.90 0.40
1.20 0.30 0.10
1.90 0.30 0.10
1.90 -0.30 0.10
1.50 1.20 0.10
1.50 0.00 0.40
1.20 0.90 0.40
1.20 1.20 0.40
1.20 0.30 0.40
0.30 0.90 0.10
1.50 0.30 -0.80
0.30 0.00 0.10
1.50 0.90 0.40
1.50 0.00 0.40
1.90 0.90 0.10
1.50 0.30 0.40
1.90 0.90 0.10
1.50 0.90 -0.80
1.90 0.30 0.10
1.50 0.00 0.10
1.50 0.30 0.10
1.90 0.90 0.40
1.90 0.30 0.40
1.50 0.30 0.40
1.50 0.30 0.10
1.50 0.00 0.10
1.50 0.30 0.10
1.20 0.30 -0.80
1.20 0.00 0.10
0.30 0.30 -0.80
1.20 0.30 0.10
1.20 -0.30 0.40
1.20 0.90 0.10
0.30 0.00 -0.80
1.20 0.90 0.10
0.30 0.90 0.40
1.20 -0.30 -0.80
1.20 1.20 -0.80
1.20 0.00 0.10
0.30 0.90 -1.10
0.30 0.90 -0.80
0.30 0.00 -0.80
2025 2 5 4 45 45 648
191.36 188.68 199.38 17.20 10.20 5.70 55.85 32.18 17.05 25.74 335.88 62.78 297.16 193.59 200.70 211.67
-0.10 -0.50 0.40
-0.10 -0.20 0.40
-0.10 0.80 -0.50
-0.10 -0.80 0.40
-0.10 0.80 0.40
0.20 -0.80 0.40
-0.10 -0.20 0.40
0.50 0.80 0.40
0.20 -0.50 0.70
0.20 0.10 -0.50
-0.10 -0.50 -0.50
0.20 -0.20 -0.50
-0.10 -0.20 -0.50
0.20 -0.20 -0.50
-0.10 -0.20 0.40
0.20 0.10 0.40
-0.10 0.10 0.40
-0.10 -0.20 0.70
0.20 0.10 0.70
0.20 0.10 0.40
0.20 -0.20 0.40
0.20 0.10 -0.50
-0.70 -0.20 -0.50
0.20 0.10 -0.50
0.20 -0.20 -0.50
-0.10 1.10 -0.50
-0.10 -0.80 -0.50
0.20 0.10 -0.50
-0.10 -0.50 -0.50
0.20 -0.20 -0.50
0.20 1.10 0.40
-0.10 -0.80 0.40
-0.10 1.10 -0.50
0.20 -0.50 -0.50
-0.10 -0.50 0.40
0.20 0.80 0.40
0.20 -0.80 -0.50
0.20 1.10 -0.50
-0.10 -0.20 0.40
-0.10 -0.20 -0.50
-0.10 -0.20 0.40
-0.10 -0.50 -0.50
-0.10 1.10 -0.50
0.20 -0.80 0.40
-0.10 0.80 0.40
0.20 -0.20 -0.50
-0.10 -0.50 -0.50
-0.10 1.10 -0.50
0.50 -0.50 0.70
2.70 2.70 0.40
5.50 2.70 1.70
8.70 4.20 3.20
10.20 5.20 3.90
13.10 5.50 5.10
14.30 8.00 5.10
15.00 8.00 4.80
16.20 8.60 4.80
16.50 9.90 5.10
17.20 8.60 5.10
16.50 10.20 5.70
16.50 9.20 5.10
16.20 8.30 4.80
15.90 9.60 4.50
15.60 8.60 4.80
15.00 9.20 4.80
14.60 8.30 4.50
14.30 8.00 3.90
14.30 8.30 3.90
13.10 6.70 3.50
13.40 8.60 3.50
12.80 7.40 3.90
12.80 6.70 3.50
11.80 7.40 3.50
11.80 6.40 3.50
10.90 6.70 3.90
11.80 6.40 3.50
10.20 5.80 3.20
10.60 6.40 3.20
10.20 5.20 2.90
9.90 5.80 3.20
9.30 5.20 2.90
9.00 5.50 2.90
8.70 5.20 2.90
9.00 5.20 2.30
8.10 5.20 2.30
8.10 4.90 2.90
8.10 5.50 2.30
7.70 4.20 2.30
7.10 4.90 2.30
7.10 5.20 2.00
7.10 3.60 2.00
7.40 4.90 2.00
6.50 4.20 2.00
6.50 3.90 1.70
6.50 4.90 2.00
6.20 3.00 1.70
5.90 3.00 1.70
5.90 4.90 2.00
5.50 2.30 1.70
5.90 3.00 1.70
4.90 3.00 1.70
5.50 2.70 1.00
4.30 3.90 1.70
4.90 2.30 1.70
4.30 3.00 1.70
4.60 3.60 1.70
4.30 2.00 1.00
4.30 3.00 1.00
4.30 2.00 1.00
4.30 2.70 1.70
3.70 2.30 1.70
3.70 2.30 1.00
3.30 2.30 1.00
3.70 2.00 1.00
3.30 2.70 1.00
3.30 1.40 1.00
3.00 2.00 1.00
3.30 2.00 1.00
3.30 0.80 0.70
3.30 3.00 0.70
2.70 0.80 1.00
2.70 2.00 1.00
2.70 2.00 0.70
2.70 1.10 0.70
2.10 2.30 0.70
3.00 1.10 1.00
2.10 2.00 1.00
2.70 1.10 0.40
2.70 1.10 0.70
2.10 2.00 0.40
1.80 0.80 0.40
2.10 2.00 0.70
1.80 0.80 0.70
2.10 1.10 0.40
1.80 1.10 1.00
1.80 0.80 0.70
1.80 1.10 1.00
1.80 1.10 0.70
1.50 1.10 0.70
2.10 1.10 0.70
1.50 0.10 0.70
1.80 1.40 -0.50
1.50 0.80 0.40
1.50 0.80 0.40
1.50 2.00 0.40
1.80 0.10 0.70
0.50 0.80 0.70
1.50 0.80 0.40
1.50 -0.20 0.70
0.50 1.10 -0.50
1.50 0.10 0.40
1.50 0.80 0.70
0.50 0.80 0.40
0.50 0.10 0.40
0.20 0.80 0.40
0.50 -0.20 0.40
0.50 0.80 0.70
0.50 0.80 0.40
0.20 0.10 0.40
1.50 1.10 -0.50
0.50 -0.50 0.40
0.50 0.80 0.40
0.50 -0.20 0.70
0.20 0.10 0.40
0.50 0.10 -0.50
0.20 -0.20 0.40
-0.10 0.80 0.70
1.50 -0.20 0.40
0.20 0.10 1.00
0.50 0.80 -0.50
0.20 0.10 -0.50
0.50 0.80 0.70
0.20 -0.50 0.40
0.50 0.10 0.40
-0.10 0.80 0.40
0.50 0.10 0.40
-0.10 0.80 0.40
0.50 0.10 -0.50
0.20 -0.20 -0.50
0.20 0.80 -0.50
0.20 -0.80 0.40
0.20 0.80 -0.50
0.20 -0.50 0.40
0.20 -0.50 0.40
-0.10 0.80 -0.50
0.20 -0.50 0.40
0.50 0.80 -0.50
0.20 -0.20 -0.50
0.20 -0.50 -0.50
0.20 0.80 -0.50
-0.10 -0.50 0.40
-0.10 -0.20 -0.50
-0.10 -0.20 0.40
0.20 -0.20 0.40
-0.10 0.10 -0.50
-0.10 -0.20 -0.50
-0.70 -0.20 0.40
0.20 0.10 0.40
-0.10 -0.20 0.40
-0.10 -0.20 -0.50
2025 2 5 4 46 53 879
197.22 199.77 206.15 58.00 66.10 27.00 211.82 232.10 97.58 25.61 303.14 36.31 310.45 193.62 195.53 205.91
0.20 -0.70 0.60
-0.70 0.90 0.60
-0.10 -0.70 -0.30
-0.70 -0.10 -0.30
0.20 -0.10 -0.30
-0.10 -0.40 -0.30
-0.10 0.90 -0.30
-0.10 -0.40 -0.70
-0.10 0.20 -0.30
-0.10 -0.10 0.60
-0.10 0.20 -0.30
-0.10 0.90 -0.30
-0.10 -0.10 -0.30
-0.10 -0.10 -0.30
0.20 -0.10 -0.30
-0.10 -0.10 -0.30
-0.10 0.90 -0.30
-0.10 -0.40 -0.70
0.20 -0.10 -0.30
-0.10 -0.10 -0.30
0.20 -0.40 0.60
-0.10 -0.10 0.60
-0.10 -0.40 -0.30
-0.10 -0.40 -0.30
-0.10 -0.10 0.60
-0.10 -0.40 -0.30
-0.10 -0.10 0.60
-0.10 -0.10 0.60
-0.10 -0.10 -0.30
-0.10 -0.10 0.60
-0.10 0.20 0.60
-0.10 0.20 -0.30
-0.10 -0.10 -0.30
-0.10 -0.10 -0.30
0.20 -0.10 -0.30
-0.10 -0.10 0.60
0.20 -0.10 -0.30
-0.10 -0.70 0.60
-0.10 0.20 -0.30
-0.10 -0.40 0.60
-0.10 -0.10 -0.30
-0.10 -0.10 0.60
-0.10 -0.40 -0.30
-0.10 -0.40 -0.30
0.20 -0.10 -0.30
-0.10 -0.40 -0.30
-0.10 0.20 -0.30
-0.10 -0.10 -0.30
0.20 -0.40 -0.30
0.60 0.90 -0.30
5.90 1.50 -0.30
13.70 8.40 1.90
24.40 16.90 8.40
31.90 28.50 13.10
40.70 41.00 17.50
46.10 48.60 20.70
50.40 57.00 22.60
53.60 60.20 25.10
56.40 63.90 26.60
57.70 64.60 27.00
58.00 65.80 27.00
58.00 66.10 26.60
57.30 65.20 26.00
56.70 65.20 25.40
56.10 63.30 25.10
54.80 61.70 24.80
53.90 61.70 24.10
52.00 58.60 23.80
51.10 59.50 23.50
50.10 57.30 23.50
49.20 56.10 22.60
48.20 55.10 22.20
47.60 52.60 22.20
46.10 52.30 20.70
44.80 49.80 20.40
43.90 49.50 20.40
42.90 47.30 19.10
42.00 46.70 19.10
40.70 46.00 18.20
40.10 42.90 18.20
38.20 42.90 17.50
37.30 41.00 16.60
36.60 40.10 16.30
35.70 40.10 16.30
34.80 36.90 15.00
33.50 38.20 15.30
32.20 35.70 14.70
31.00 34.40 14.10
30.70 34.10 13.80
29.40 32.20 13.50
28.20 31.60 12.50
27.90 31.30 12.20
27.20 30.00 12.20
26.00 29.40 12.20
26.00 28.50 11.90
24.40 27.50 10.60
24.40 26.90 10.30
23.10 26.00 10.30
21.90 25.00 9.70
21.60 24.10 9.70
20.60 23.10 9.70
20.30 22.50 9.70
19.40 21.60 9.70
18.80 21.30 9.40
18.10 20.90 9.10
17.80 20.00 9.10
17.50 19.70 9.10
16.60 18.70 9.10
16.60 18.70 8.10
15.60 17.50 8.10
16.20 17.20 8.10
14.70 15.90 7.80
14.70 15.60 7.50
14.40 15.90 6.90
13.70 14.40 6.20
13.10 14.40 6.60
13.40 15.00 6.60
12.80 12.80 6.20
12.80 14.00 5.90
11.90 12.80 5.90
10.90 12.50 5.90
10.60 12.20 5.90
10.60 11.50 5.00
10.30 12.20 5.90
10.00 10.90 5.30
9.30 10.90 5.00
9.30 10.30 5.00
9.30 10.30 5.00
9.00 10.00 4.10
8.10 9.30 4.70
8.10 9.70 4.10
7.80 8.70 4.70
7.80 8.70 4.10
7.50 8.70 4.10
7.80 8.10 3.70
7.10 8.40 3.70
6.50 7.50 3.10
6.50 7.50 3.70
7.10 7.50 3.40
6.20 6.80 3.10
6.50 6.50 3.10
6.20 6.50 3.10
6.50 6.80 3.10
5.90 5.90 3.40
6.20 5.90 2.50
5.90 5.90 3.10
5.60 5.30 2.50
5.00 5.60 2.50
5.60 5.30 2.50
4.60 4.90 3.10
5.00 5.30 2.20
4.60 4.30 2.50
4.60 5.30 1.90
4.30 4.90 2.20
4.60 3.70 1.90
4.30 4.90 2.20
4.30 4.00 1.90
3.70 4.00 2.20
4.30 4.30 1.90
3.70 3.10 2.20
4.30 4.00 1.90
3.10 3.70 1.20
4.30 3.70 1.90
3.70 3.10 1.90
3.70 3.10 1.90
3.10 2.70 1.20
3.40 3.10 1.20
3.10 3.10 1.20
3.10 2.40 1.90
2.80 2.70 1.20
3.10 2.70 1.20
2.80 2.10 1.20
3.10 2.70 1.20
2.10 2.40 1.20
2.80 2.40 1.20
2.10 2.10 1.20
2.80 2.40 1.20
2.10 2.10 0.90
2.10 2.40 0.90
2.10 2.10 1.90
2.10 2.40 0.90
2.10 2.10 1.20
2.10 2.10 0.60
2.10 2.10 1.20
2.10 2.10 0.60
1.80 1.50 1.20
2.80 2.10 1.20
1.80 1.20 1.20
1.80 1.50 0.60
1.80 1.50 0.60
1.80 1.50 1.20
1.50 1.20 0.90
2.10 2.10 0.90
1.50 1.20 0.90
1.80 1.50 0.60
1.50 1.50 0.90
2.10 1.20 0.60
1.50 2.40 0.60
1.50 1.50 0.60
0.60 1.20 0.90
2025 2 5 4 50 18 746
192.57 194.70 199.07 10.20 47.40 22.20 32.38 175.54 72.19 18.45 300.75 20.09 26.70 198.02 191.23 199.52
0.10 0.00 0.60
-0.50 -0.60 -1.00
-0.50 0.30 -0.70
0.50 -0.30 -0.70
-0.50 0.30 0.30
0.50 0.00 -0.70
-0.50 0.30 -0.70
0.10 1.60 -0.70
0.10 0.90 -0.70
0.10 1.60 -0.70
0.10 1.30 -0.70
0.10 2.20 0.30
-0.50 1.60 0.30
0.10 0.90 -1.00
-0.50 2.50 -1.00
0.10 0.30 -0.70
0.10 1.60 -0.70
0.10 1.30 0.30
-0.50 0.30 0.30
0.10 2.80 -0.70
-0.50 -0.60 0.30
-0.50 2.80 -0.70
0.10 0.90 0.30
0.10 0.30 -0.70
-0.50 2.50 0.30
0.10 -0.30 -0.70
-0.50 2.20 0.30
-0.50 0.30 -0.70
0.10 0.90 0.30
0.10 2.20 0.30
-0.80 0.00 0.30
0.10 2.20 -0.70
-0.50 -0.30 -0.70
0.10 1.60 0.30
-0.50 0.90 -0.70
-0.50 0.30 0.30
-0.50 1.60 -0.70
0.10 0.00 -0.70
-0.50 1.30 0.30
0.10 0.30 0.30
-0.50 0.30 -0.70
0.10 1.30 0.30
-0.50 -0.30 0.30
0.10 1.60 -1.00
0.10 0.30 0.30
0.10 1.30 0.30
0.10 0.90 -0.70
0.10 0.30 -0.70
0.10 2.50 0.30
1.70 3.10 0.60
2.30 7.50 5.60
5.20 14.10 11.60
5.80 22.30 16.00
7.40 30.40 19.40
8.00 36.10 19.10
9.20 40.50 20.40
8.90 43.00 21.00
9.20 45.50 22.20
9.60 46.70 21.00
10.20 47.40 20.70
9.60 47.40 20.70
9.60 47.40 20.10
8.90 47.10 20.10
8.90 46.10 19.10
8.30 45.80 18.20
8.30 45.20 17.90
8.30 43.90 17.20
8.00 43.00 17.20
7.70 41.10 16.60
7.70 40.50 16.00
7.40 38.90 15.70
7.40 38.90 15.00
6.70 37.60 14.70
6.70 36.70 14.40
6.40 36.10 13.80
6.70 33.90 13.80
6.10 34.20 13.50
6.40 32.60 13.20
6.10 31.70 12.80
6.10 31.70 12.20
6.10 29.80 11.90
5.80 30.10 11.90
5.20 28.20 11.00
5.20 28.20 10.30
5.20 27.60 10.30
4.90 25.10 9.40
4.50 26.70 9.40
4.90 24.20 9.10
4.50 23.80 9.10
4.50 23.80 8.80
3.90 21.00 8.10
3.90 22.60 7.80
3.60 20.10 7.80
4.50 21.00 7.50
3.60 20.40 7.50
3.90 18.80 7.20
3.60 19.50 7.50
3.30 18.20 7.20
3.00 19.50 6.60
3.30 17.30 6.60
3.30 16.90 6.20
3.30 17.60 5.90
3.00 15.10 6.20
3.00 17.30 5.90
2.30 14.10 5.90
3.00 15.10 5.60
2.30 15.40 5.60
2.30 12.90 5.60
2.30 14.40 5.00
3.00 12.20 5.00
2.30 12.90 5.00
2.30 12.90 4.70
2.30 11.60 4.40
2.30 12.90 4.40
2.30 10.00 4.40
2.00 11.60 3.70
1.70 10.40 3.70
2.30 10.40 3.70
2.00 10.00 3.40
2.00 9.40 3.40
2.30 10.40 3.40
2.00 8.80 3.40
2.00 9.40 3.40
1.70 8.80 3.10
1.70 7.50 3.40
2.00 8.80 3.10
0.80 7.50 2.80
1.70 8.20 2.80
0.80 7.50 2.20
0.50 6.90 2.20
1.70 6.90 2.80
2.00 6.00 2.20
0.80 6.60 2.20
1.70 6.60 2.20
0.80 5.60 2.80
0.80 5.60 2.20
0.80 5.60 1.90
1.70 5.30 1.90
0.50 5.30 1.90
0.50 5.60 1.50
0.50 4.10 1.90
0.50 5.30 1.50
0.50 5.00 1.50
0.80 4.40 1.50
0.50 4.40 1.90
0.50 4.10 1.50
0.50 4.40 1.50
0.80 3.80 1.50
0.10 4.10 1.90
0.80 3.80 1.50
0.50 3.10 0.90
0.80 4.10 1.50
0.50 2.80 1.50
0.10 4.10 1.50
0.80 2.80 1.50
0.50 3.10 0.90
0.50 3.80 1.50
0.80 2.50 0.90
0.50 3.10 1.50
0.80 3.10 0.90
0.10 2.80 1.90
0.50 2.80 1.90
0.50 2.20 1.90
0.50 2.80 1.50
0.50 2.20 1.50
0.10 2.50 1.50
0.10 2.80 2.20
0.50 1.60 1.90
0.10 2.80 1.90
0.50 2.20 1.90
0.50 2.20 1.90
0.50 1.60 1.90
0.10 1.30 1.90
0.80 2.80 1.50
-0.50 0.90 1.90
0.50 2.50 1.50
0.10 1.30 1.50
0.10 1.30 1.50
0.10 2.50 1.90
0.10 0.00 1.50
0.50 2.20 1.50
0.50 1.30 0.90
0.10 0.90 1.50
0.50 1.60 0.90
-0.50 0.30 0.90
0.10 2.50 1.50
0.10 0.30 1.50
0.10 1.30 1.50
0.10 1.30 1.50
0.10 0.30 1.50
-0.50 2.20 1.50
0.10 0.00 1.50
0.50 1.60 1.90
0.10 1.30 1.90
0.10 0.30 1.50
0.50 1.60 1.50
-0.50 0.00 1.50
0.10 1.60 1.50
0.10 0.90 1.50
0.10 1.30 0.90
2025 2 5 5 6 15 431
203.57 195.51 204.00 72.20 71.50 7.50 405.50 501.40 27.84 22.76 35.71 52.74 344.39 200.16 192.89 213.60
0.40 -0.30 0.30
0.10 1.20 -1.00
0.10 0.00 -0.70
0.40 0.00 -0.70
0.10 0.30 0.30
0.40 0.30 -0.70
0.10 0.30 0.30
0.10 0.30 -0.70
0.10 -0.30 0.30
0.10 0.90 0.30
0.40 0.00 -0.70
0.40 1.20 0.30
-0.60 0.00 -0.70
0.10 0.30 -0.70
0.10 0.90 0.30
0.10 0.00 -0.70
0.10 0.30 -0.70
0.10 0.00 -0.70
-0.60 0.00 -0.70
0.10 0.30 -1.00
0.10 0.00 0.60
0.10 0.90 -1.00
0.40 0.00 -1.00
-0.60 1.20 -0.70
0.10 -0.30 0.30
0.10 0.90 -0.70
0.10 0.90 0.30
0.40 -0.70 0.30
0.10 1.20 0.30
0.10 -0.70 -0.70
0.10 0.90 0.30
-0.60 0.90 -0.70
-0.60 -0.70 -0.70
0.10 1.20 -0.70
0.10 -0.70 0.30
0.10 0.30 0.30
0.10 0.30 -0.70
0.10 -0.70 -0.70
-0.60 0.90 -0.70
0.10 -0.30 0.30
-0.60 0.30 0.30
0.10 0.90 -0.70
0.10 0.00 -0.70
0.10 0.30 -0.70
0.10 0.00 0.60
0.10 0.90 -0.70
0.10 0.00 0.30
0.10 0.00 -0.70
-0.60 0.90 -0.70
0.40 0.00 0.30
0.10 5.90 0.30
1.60 22.60 1.50
8.90 57.70 3.10
26.40 71.50 4.40
45.20 71.50 5.90
64.70 71.50 6.20
72.20 71.50 7.20
72.20 71.50 7.20
72.20 71.50 7.50
72.20 71.50 7.50
72.20 71.50 7.50
72.20 71.50 7.50
72.20 71.50 7.50
72.20 71.50 7.20
72.20 71.50 7.50
72.20 71.50 7.20
72.20 71.50 7.20
72.20 71.50 7.20
72.20 71.50 7.20
72.20 71.50 6.20
72.20 71.50 6.60
72.20 71.50 6.20
72.20 71.50 6.60
72.20 71.50 6.20
72.20 71.50 5.60
72.20 71.50 5.60
72.20 71.50 5.60
72.20 71.50 5.60
72.20 71.50 5.60
72.20 71.50 5.60
72.20 71.50 5.60
72.20 71.50 5.00
72.20 71.50 4.70
72.20 71.50 4.70
72.20 71.50 5.00
72.20 71.50 4.70
72.20 71.50 4.70
72.20 71.50 4.40
72.20 71.50 4.40
72.20 71.50 3.40
72.20 71.50 3.70
72.20 71.50 3.40
71.30 71.50 3.40
69.70 71.50 3.40
66.90 71.50 3.40
66.00 71.50 3.10
63.40 71.50 3.40
61.20 71.50 3.10
60.30 71.50 3.40
57.50 71.50 3.10
55.90 71.50 3.40
55.00 71.50 3.10
52.50 71.50 3.40
51.20 71.50 3.10
49.60 71.50 2.80
48.10 71.50 2.80
46.50 71.50 2.80
45.20 71.50 2.80
43.40 69.90 2.20
42.40 67.10 2.80
40.50 65.90 2.80
39.60 63.30 2.20
39.00 61.50 2.20
37.70 59.60 1.90
36.20 57.70 1.90
35.80 56.80 1.90
34.60 54.60 1.90
33.30 53.30 1.90
32.10 51.10 1.90
31.10 50.20 1.50
30.20 48.60 1.90
29.20 47.00 1.50
28.30 46.10 1.90
28.00 44.20 1.50
26.70 42.60 1.50
26.40 42.30 1.50
25.80 39.80 1.90
24.90 39.80 1.50
24.50 38.20 1.50
23.30 36.70 1.50
23.30 35.70 1.50
22.00 34.50 0.90
21.10 33.90 1.50
20.50 32.60 0.90
19.50 31.30 0.90
19.50 31.30 0.60
18.90 29.80 0.90
18.30 29.50 0.90
17.30 28.20 0.60
17.30 27.30 0.60
16.40 27.00 0.90
15.80 25.40 0.30
16.10 25.10 1.50
15.10 24.10 0.60
14.50 23.80 0.90
13.90 22.90 0.60
13.90 22.60 0.90
14.50 22.20 0.60
13.20 21.00 0.90
12.90 21.00 0.30
12.90 20.00 0.90
12.30 19.40 0.30
12.00 18.20 0.60
11.10 18.50 0.60
10.40 18.20 0.60
10.70 18.20 0.60
10.40 17.50 0.90
10.10 16.00 0.60
9.20 15.70 0.60
9.50 15.70 0.30
8.90 15.30 0.60
8.90 14.40 0.60
8.20 14.40 0.60
8.20 14.10 0.30
7.90 12.50 0.60
7.90 13.80 0.60
7.60 12.20 0.30
7.60 12.20 0.30
7.30 12.50 0.60
7.30 11.30 0.60
6.30 11.60 0.60
6.30 11.30 0.30
6.30 11.00 0.60
6.30 11.00 0.30
6.30 9.70 0.60
6.30 10.00 0.30
6.00 9.40 0.60
6.00 9.40 0.30
6.00 9.40 0.30
6.00 9.70 0.60
5.10 8.40 0.60
5.70 8.10 0.30
5.10 8.80 0.60
5.10 6.90 0.30
5.10 8.10 0.60
4.80 7.50 0.30
4.80 6.60 0.30
4.50 8.10 0.60
4.50 5.30 0.30
4.80 7.50 -0.70
4.50 6.60 0.30
4.80 6.60 0.30
4.80 6.60 0.30
4.50 6.60 -0.70
4.50 5.90 0.60
4.50 5.60 0.30
4.50 5.90 0.30
4.50 5.60 0.60
3.80 5.60 -0.70
3.80 5.60 -0.70
2025 2 5 5 8 3 363
196.19 192.70 197.47 72.20 71.40 6.10 372.79 310.48 16.40 10.81 19.53 83.10 328.67 193.28 189.75 212.67
0.00 0.80 -1.10
0.00 -0.80 -0.80
0.30 0.80 0.10
0.00 -0.80 -0.80
0.00 0.80 0.10
0.00 0.80 0.10
0.00 -0.80 -0.80
0.00 1.10 -0.80
0.30 -0.80 -0.80
-0.60 0.10 0.10
0.00 -0.20 0.50
0.00 -0.80 -0.80
0.00 1.10 -0.80
0.00 -1.40 0.10
0.00 0.10 0.10
0.00 -0.50 0.50
0.00 0.10 0.10
-0.60 0.80 -1.10
0.00 -0.20 -0.80
0.00 0.80 0.50
-0.60 -0.20 -0.80
0.00 -0.20 -0.80
0.00 0.80 -0.80
0.00 -0.50 -0.80
0.00 0.80 -0.80
0.00 -0.20 0.10
0.00 -0.20 -0.80
0.00 0.10 0.10
0.30 -0.20 0.10
0.00 0.80 0.10
0.00 0.10 -0.80
0.00 0.80 -0.80
0.00 0.10 -0.80
0.00 -0.20 0.10
0.00 0.80 -1.10
0.00 -0.20 0.10
0.00 0.10 0.10
-0.60 -0.50 0.50
0.00 0.10 -0.80
0.00 0.80 -0.80
0.30 -0.20 0.10
-0.90 0.80 0.10
0.00 0.10 0.10
0.00 -0.50 0.10
0.00 0.80 -0.80
-0.60 -0.50 -0.80
0.00 0.10 0.10
-0.60 -0.20 0.10
0.00 -0.20 -0.80
0.30 4.20 0.80
6.60 16.80 2.70
23.20 28.40 3.60
48.30 40.90 4.50
72.20 54.10 4.90
72.20 67.00 5.50
72.20 71.40 6.10
72.20 71.40 5.80
72.20 71.40 5.50
72.20 71.40 5.50
72.20 71.40 5.50
72.20 71.40 5.50
72.20 71.40 4.90
72.20 71.40 5.50
72.20 71.40 4.90
72.20 71.40 4.50
72.20 71.40 5.50
72.20 71.40 4.50
72.20 71.40 3.60
72.20 71.40 3.60
72.20 71.40 3.60
72.20 71.40 3.60
72.20 71.40 3.60
72.20 71.40 3.30
72.20 68.20 3.30
72.20 67.30 3.30
72.20 66.00 3.30
72.20 64.50 3.30
72.20 62.60 3.00
72.20 60.10 3.00
72.20 59.40 3.30
72.20 57.60 3.30
72.20 56.00 3.30
72.20 54.10 3.00
72.20 52.20 2.70
72.20 51.60 3.00
70.60 48.80 3.00
68.40 48.50 2.70
66.50 47.20 2.70
64.00 44.10 2.00
62.10 45.30 3.00
60.60 41.60 1.70
59.00 42.80 2.00
57.40 41.20 2.00
55.80 39.70 2.00
53.70 40.30 1.70
52.10 37.20 2.00
50.80 37.50 1.70
49.30 35.60 1.70
47.70 34.30 1.70
46.10 34.30 1.70
44.90 32.10 1.70
43.30 32.10 1.70
42.40 30.90 1.70
40.50 30.00 1.40
39.20 29.30 1.70
38.30 28.40 1.40
37.30 28.10 1.40
35.80 26.50 1.40
34.80 26.50 1.40
33.60 24.90 1.40
32.30 24.00 1.40
31.70 23.70 1.40
30.70 22.40 1.40
29.50 22.40 0.80
29.20 22.10 1.40
27.90 21.50 0.80
27.30 20.20 0.80
26.40 19.60 1.40
25.70 19.60 0.80
25.10 18.30 0.80
24.50 18.70 1.40
23.80 17.10 0.80
23.20 17.10 0.80
22.00 16.80 0.50
21.70 15.50 1.40
20.70 15.50 0.50
20.40 14.90 0.50
19.50 14.30 0.80
18.80 14.30 0.50
18.20 13.00 0.80
17.60 13.00 0.50
16.60 12.70 0.50
16.30 12.70 0.80
16.30 11.40 0.50
15.70 11.40 0.50
14.70 11.40 0.80
14.70 11.40 0.50
14.40 10.20 0.80
13.80 10.20 0.10
13.80 10.20 0.50
13.20 9.20 0.10
13.20 9.60 0.50
12.90 9.60 0.10
12.20 8.60 0.50
12.20 9.20 0.50
11.00 7.40 0.50
10.70 8.30 0.10
10.40 8.30 0.50
10.00 7.40 0.10
10.00 8.00 0.80
9.40 6.70 0.50
8.80 6.40 0.10
8.80 7.40 0.10
8.80 5.20 0.10
8.20 6.70 0.10
7.80 5.50 0.10
7.80 5.80 0.10
7.20 5.20 0.10
7.50 5.20 -0.80
6.60 5.80 0.10
6.60 4.90 0.10
6.60 5.20 0.50
6.60 4.20 0.50
6.30 4.90 0.10
6.30 4.90 0.10
5.70 3.60 0.10
6.00 5.50 0.10
5.70 3.60 0.10
5.70 4.90 0.50
5.70 3.00 0.10
5.70 3.90 -0.80
5.00 3.90 0.10
5.00 2.70 0.50
4.70 4.20 -0.80
5.00 2.70 -0.80
5.00 3.00 0.10
4.40 3.90 -0.80
4.40 2.00 0.10
4.40 3.90 -0.80
3.80 2.30 0.10
4.40 3.60 0.10
3.80 3.00 0.10
3.50 2.70 -0.80
3.50 3.00 -0.80
3.50 2.30 -0.80
2.80 2.70 0.10
3.50 2.30 0.10
2.20 2.70 0.50
3.50 2.70 -1.10
2.80 2.00 0.50
3.10 3.00 -0.80
2.80 1.40 0.10
3.10 2.70 0.10
2.80 2.00 0.80
3.10 1.40 0.50
2.20 2.30 0.50
2.80 1.40 0.50
3.10 1.40 0.50
3.10 2.00 0.80
2.80 1.40 0.50
2025 2 5 5 11 10 379
208.37 208.77 195.94 29.10 26.60 23.20 112.72 92.18 82.50 37.75 140.89 34.50 142.92 207.57 208.38 196.17
0.00 -0.10 0.30
-0.70 0.20 -0.70
-0.70 -0.10 -0.70
0.30 -0.10 0.30
0.00 0.20 -0.70
0.00 -0.40 -0.70
0.00 0.20 0.30
0.30 0.20 -0.70
0.00 -0.70 0.30
0.00 1.20 -0.70
0.00 -0.70 0.60
-0.70 0.80 -0.70
0.00 -0.40 0.30
0.00 -0.10 -0.70
0.00 1.20 0.30
0.00 -1.40 -0.70
-0.70 0.20 0.30
0.00 0.20 0.30
0.00 -0.10 0.30
0.00 1.20 -0.70
0.00 -0.40 0.30
0.00 1.20 0.30
0.00 0.20 0.60
0.30 0.80 0.30
0.00 0.80 0.30
0.30 -0.10 0.30
0.00 0.80 0.30
0.30 0.20 0.30
0.00 0.80 0.30
0.00 0.20 -0.70
0.00 1.20 -0.70
0.30 0.20 0.30
0.00 -0.40 0.30
0.00 0.80 0.30
0.00 -0.40 0.60
0.00 0.80 -0.70
0.00 -0.10 0.30
-0.70 -0.40 -0.70
0.00 0.20 -1.00
0.00 0.20 0.30
0.00 -0.10 0.30
0.00 0.20 -0.70
0.00 0.20 -1.00
0.00 -0.10 -0.70
-0.70 -0.10 -0.70
0.30 0.80 0.30
0.00 -0.10 0.30
0.00 1.20 0.30
0.00 -0.10 0.60
0.00 0.20 4.70
-0.70 -0.10 11.90
0.00 0.20 16.60
0.60 0.20 20.10
3.70 2.70 21.00
7.80 5.90 22.20
13.10 9.60 22.90
17.50 13.70 22.90
21.90 17.20 22.90
24.80 18.70 23.20
26.30 23.10 22.20
27.60 23.10 22.20
27.90 25.00 21.90
28.20 25.00 20.70
29.10 24.40 20.10
29.10 26.60 19.40
28.80 24.10 19.10
28.80 25.00 18.80
28.20 24.40 18.80
27.60 23.10 17.90
27.60 24.10 17.90
27.30 22.20 17.20
27.30 22.20 16.30
26.00 21.50 16.00
25.70 21.20 15.70
24.40 20.90 16.00
24.40 20.00 15.70
23.50 20.30 14.40
23.20 19.70 14.40
22.90 18.40 14.40
23.20 19.30 13.50
21.90 17.20 13.50
21.90 18.10 12.20
20.70 15.90 12.80
20.70 15.90 11.90
20.40 15.90 11.60
19.10 15.00 11.00
18.80 15.60 11.60
18.80 13.70 11.00
17.90 14.00 10.00
17.50 13.70 9.40
16.60 13.10 9.10
16.30 13.70 9.10
16.30 11.50 8.80
16.00 13.10 8.80
15.00 12.10 9.10
15.00 11.50 8.80
14.40 12.10 8.10
13.80 10.20 7.80
13.50 11.50 7.80
13.10 10.20 7.80
13.10 9.60 7.80
12.80 10.90 7.20
11.90 9.30 6.60
11.90 10.20 6.60
11.00 8.70 6.20
10.60 8.70 6.20
10.30 8.70 6.20
10.30 8.10 5.90
10.30 8.10 5.90
9.40 8.10 5.60
8.80 7.40 5.60
9.40 7.40 5.60
8.80 6.80 5.00
8.80 6.50 5.00
8.10 7.40 5.00
8.10 6.80 4.40
7.80 5.90 4.70
7.80 6.80 4.40
7.20 5.50 4.40
7.20 5.90 4.40
6.20 5.50 3.70
6.60 5.20 3.70
6.20 5.20 3.70
6.20 5.20 3.40
5.90 5.20 3.40
5.90 4.90 3.40
5.60 4.30 3.40
5.60 4.30 3.40
5.60 4.00 3.40
4.70 4.30 3.10
5.00 4.00 3.10
5.00 4.90 3.10
4.70 4.00 3.10
4.70 4.00 1.90
4.40 3.70 2.80
3.70 3.00 3.10
4.40 4.00 2.20
4.40 2.70 2.80
4.40 3.70 2.20
3.70 3.00 1.90
3.40 2.40 2.20
4.40 3.70 1.50
3.40 1.50 1.90
3.40 4.00 1.90
3.10 2.10 2.80
3.40 2.10 1.90
3.10 3.70 2.20
3.10 1.50 1.90
3.10 3.00 1.50
3.10 2.10 1.50
3.10 2.10 2.20
3.10 3.00 1.90
2.80 1.20 1.50
2.80 2.70 1.50
2.20 2.10 1.90
2.20 1.50 1.90
2.20 2.40 1.90
2.80 1.50 2.20
2.20 2.10 2.20
2.20 1.20 2.20
1.90 1.20 2.20
2.80 1.50 2.20
2.20 1.50 2.20
1.90 2.10 1.90
1.50 1.20 2.20
2.20 1.50 1.90
1.90 0.80 2.20
2.20 1.20 1.90
1.90 2.40 1.50
1.90 0.80 1.90
1.50 1.50 1.50
1.50 1.20 1.50
1.90 0.80 1.90
1.90 2.10 1.90
1.90 0.20 1.50
1.50 1.50 1.50
0.60 1.20 1.50
1.50 1.20 1.90
1.50 1.20 1.90
1.90 0.20 1.90
1.50 0.80 1.50
1.90 0.80 1.90
1.90 1.20 1.50
1.90 1.20 1.50
1.50 0.20 1.50
1.90 0.80 1.50
1.90 0.20 1.50
1.50 0.80 0.60
1.90 1.20 1.50
1.50 0.20 1.50
1.50 1.20 1.50
0.60 0.80 0.90
0.30 0.20 1.50
1.90 1.20 0.90
0.60 0.20 0.60
1.50 0.80 0.60
0.60 0.80 1.50
0.60 -0.40 0.90
0.30 0.80 0.90
0.60 0.20 0.90
2025 2 5 5 18 18 50
200.55 193.76 204.27 72.20 71.40 72.10 277.04 404.14 495.91 23.45 12.00 24.24 351.93 195.57 190.81 201.79
0.10 -0.10 0.20
0.10 0.80 0.20
0.10 -0.40 -0.70
-0.50 1.20 -0.70
0.10 -0.70 0.20
0.10 0.80 -0.70
0.10 -0.10 0.20
0.10 0.20 -0.70
0.10 1.20 0.20
0.40 -0.40 0.20
-0.50 0.20 -0.70
0.10 -0.40 -0.70
-0.50 0.20 0.20
0.40 0.80 0.20
-0.50 -0.70 -0.70
0.10 1.20 -0.70
-0.50 -0.40 0.20
0.10 1.20 0.20
0.10 0.20 0.20
0.10 -0.10 0.50
0.10 1.20 0.20
0.10 -0.40 0.20
0.10 0.80 0.50
0.10 0.80 -0.70
0.10 -0.40 0.20
0.10 0.80 -0.70
0.10 -0.10 -0.70
0.10 0.20 0.20
0.10 -0.10 -0.70
0.10 0.20 -0.70
0.10 -0.10 -0.70
0.10 -0.10 -0.70
0.10 -0.40 0.20
0.10 0.20 0.20
0.10 -0.10 0.20
0.10 -0.10 0.20
-0.50 0.20 0.20
0.10 -0.10 0.20
-0.50 0.20 -0.70
0.10 -0.10 0.20
-0.50 -0.10 0.20
0.10 1.20 0.20
0.10 -0.40 0.50
0.10 1.20 -0.70
0.10 -0.40 -0.70
0.10 -0.10 -0.70
0.10 0.20 0.20
0.10 -0.70 -0.70
0.10 0.80 -0.70
0.40 1.20 -0.70
2.90 12.80 0.20
9.50 36.00 10.90
18.30 60.50 63.00
29.00 71.40 72.10
39.30 71.40 72.10
47.50 71.40 72.10
59.10 71.40 72.10
66.90 71.40 72.10
72.20 71.40 72.10
72.20 71.40 72.10
72.20 71.40 72.10
72.20 71.40 72.10
72.20 71.40 72.10
72.20 71.40 72.10
72.20 71.40 72.10
72.20 71.40 72.10
72.20 71.40 72.10
72.20 71.40 72.10
69.70 71.40 72.10
68.20 71.40 72.10
66.90 71.40 72.10
64.70 71.40 72.10
62.20 71.40 72.10
60.60 71.40 72.10
59.40 71.40 72.10
57.80 71.40 72.10
56.60 71.40 72.10
55.30 71.40 72.10
53.70 71.40 72.10
52.50 71.40 72.10
50.90 71.40 72.10
50.30 71.40 72.10
49.30 71.40 72.10
47.80 71.40 72.10
46.20 71.40 72.10
44.60 71.40 72.10
43.10 71.40 72.10
41.80 71.40 72.10
40.90 71.40 72.10
39.60 69.90 72.10
39.00 68.30 72.10
37.40 65.50 72.10
36.50 65.50 72.10
35.20 62.30 72.10
34.90 61.10 72.10
33.70 58.90 72.10
32.10 57.00 72.10
31.10 56.10 72.10
30.50 53.20 72.10
30.20 52.30 72.10
28.30 50.40 72.10
28.00 49.50 72.10
27.40 48.50 72.10
26.40 46.60 72.10
26.10 45.70 72.10
25.20 43.80 72.10
23.60 42.60 72.10
23.60 41.60 70.20
22.10 40.40 68.30
21.70 40.10 66.40
20.80 38.80 64.80
20.80 37.60 62.30
20.20 36.00 60.80
19.20 35.70 58.90
18.30 34.10 57.60
18.90 34.40 55.70
17.70 32.80 53.90
17.30 31.60 52.00
16.70 31.60 50.40
15.80 29.70 49.10
15.10 30.00 47.60
15.10 28.10 46.00
13.90 28.10 44.80
14.80 27.50 43.20
13.60 25.30 41.00
13.60 26.60 40.70
13.30 24.10 39.10
13.00 24.10 37.90
12.00 23.10 37.50
12.30 22.20 36.30
10.80 22.50 35.00
10.80 20.90 34.40
10.40 21.20 33.10
9.50 20.00 31.60
10.10 19.40 31.00
10.10 19.70 30.00
9.20 17.20 29.10
9.20 18.40 28.10
8.90 16.80 27.20
8.20 17.20 26.60
8.20 15.90 25.90
7.90 14.30 24.70
7.90 16.80 24.40
7.90 14.30 23.40
7.30 14.00 22.80
7.30 14.00 22.20
6.70 12.80 20.90
6.40 14.00 20.30
6.40 12.10 20.00
6.70 12.80 19.00
6.40 12.50 19.00
6.10 10.90 18.10
5.70 12.10 17.80
5.70 9.90 17.50
6.40 10.30 17.10
6.40 10.90 16.50
6.10 9.30 16.20
6.10 10.30 15.90
6.10 8.70 15.90
5.70 9.60 15.00
5.70 9.30 14.60
5.10 8.40 13.70
5.10 8.40 13.70
5.10 7.40 13.10
5.10 7.40 13.10
5.10 8.10 12.10
4.50 6.80 12.10
4.80 7.40 11.80
4.50 6.50 12.80
4.50 6.80 11.80
3.90 5.60 11.50
4.50 6.50 10.90
4.50 5.60 10.90
3.90 5.60 10.20
3.90 5.90 10.20
3.50 5.60 9.90
3.50 5.60 9.30
3.50 5.60 9.00
3.20 4.90 8.70
3.50 5.20 8.70
3.20 4.90 8.70
3.20 3.70 8.10
3.20 4.90 7.70
3.50 4.00 7.40
3.20 4.30 7.10
2.90 4.00 7.10
2.90 4.00 7.10
2.90 4.00 6.50
2.30 3.00 6.50
2.90 3.70 6.20
2.30 3.70 6.20
2.30 3.00 5.90
2.30 3.00 6.20
2.30 3.00 5.90
2.30 3.00 5.90
2.30 3.00 5.90
1.70 2.40 5.50
2.30 2.70 4.90
2.00 2.40 5.50
2.00 3.00 4.90
2025 2 5 5 23 48 428
187.95 189.39 191.00 14.80 14.20 6.20 52.13 50.68 20.16 8.79 292.95 25.80 309.72 192.30 193.82 201.33
0.40 -0.80 0.60
0.40 -0.20 0.60
0.40 0.10 0.60
0.10 -0.80 0.60
0.10 0.70 0.60
0.10 -0.50 -0.70
0.10 0.10 0.60
0.40 -0.20 0.60
0.10 0.10 0.30
0.70 0.10 0.30
-0.50 -0.50 0.30
0.70 1.10 -0.70
0.10 -0.80 0.30
0.40 0.10 0.30
0.10 -0.50 0.30
0.10 -0.50 0.30
0.10 0.70 0.30
0.10 -1.50 0.30
0.10 0.70 0.30
0.10 -0.20 0.60
-0.50 -0.20 0.30
0.10 0.70 -0.70
-0.50 -0.80 -0.70
0.10 1.10 0.30
0.10 -0.20 0.30
0.10 0.70 0.30
0.40 0.10 -0.70
0.40 -0.50 -0.70
0.10 0.70 0.30
0.40 -0.50 0.30
0.10 0.10 0.30
0.10 -0.20 0.30
0.10 -0.20 0.30
0.10 0.70 0.30
0.10 -0.80 0.30
0.10 0.70 0.30
0.10 -0.50 -0.70
0.10 -0.20 -0.70
0.10 0.10 -0.70
0.10 -0.20 -0.70
0.10 0.70 0.30
0.10 -0.20 0.30
0.10 0.10 0.30
0.10 -0.20 -0.70
0.10 -0.20 0.30
0.10 -0.20 -1.00
0.10 -0.50 0.30
0.70 0.70 0.30
2.30 0.70 1.90
3.90 2.90 3.10
6.10 4.80 4.70
8.90 7.30 5.60
10.10 9.50 5.90
10.80 10.20 6.20
12.30 11.40 6.20
13.60 12.70 5.90
13.90 12.40 5.90
14.50 13.60 5.90
14.50 13.00 5.90
14.80 13.90 5.00
14.50 14.20 5.60
14.80 13.90 5.00
13.90 13.60 5.00
13.90 13.90 5.00
13.60 13.00 4.70
13.30 13.00 4.70
12.00 12.70 4.40
13.00 12.00 4.40
12.00 12.00 4.40
12.00 11.40 3.70
10.40 10.80 4.70
10.40 11.10 3.70
10.40 10.20 3.70
10.40 10.20 3.40
10.10 10.20 3.70
9.50 9.50 3.40
9.20 9.50 3.70
9.20 8.60 3.10
8.90 9.20 3.40
8.90 9.20 3.10
8.20 8.00 3.40
8.20 8.60 3.10
8.20 7.30 3.10
8.20 8.60 3.10
7.90 6.70 3.10
7.30 7.30 2.80
7.60 7.30 3.40
6.70 5.80 2.80
6.70 7.30 2.80
6.70 5.80 2.20
6.40 6.40 2.20
6.70 6.40 2.20
6.10 5.50 2.20
6.40 5.80 2.20
6.10 5.10 2.80
5.70 5.50 1.90
6.10 3.90 1.90
5.10 5.10 1.90
4.80 4.20 1.90
4.80 4.20 1.90
4.80 5.10 1.90
4.80 3.60 1.50
4.80 5.10 1.90
4.50 3.60 1.50
4.80 3.60 1.50
4.80 4.80 1.50
3.90 2.30 1.90
4.50 4.80 1.50
3.90 3.60 1.50
3.90 3.60 1.50
3.50 4.20 1.50
3.50 2.60 0.90
3.50 3.60 1.90
3.50 2.90 0.90
3.20 2.90 1.50
3.20 2.90 0.90
3.20 2.60 1.90
3.20 2.90 0.90
2.90 2.30 0.90
3.20 2.30 0.90
2.30 2.30 0.60
2.30 2.60 0.60
2.30 2.00 0.90
2.90 2.30 0.90
2.90 2.60 0.60
2.30 2.30 0.90
2.30 2.30 0.90
2.30 2.00 0.90
2.00 2.30 0.60
2.30 2.30 0.90
2.00 2.00 0.60
2.00 2.00 0.60
2.00 1.10 0.60
2.30 2.00 0.30
1.70 2.00 0.90
2.00 1.10 0.30
1.70 1.40 0.90
1.70 2.00 0.90
0.70 1.40 0.60
2.00 2.00 0.60
1.70 1.40 0.30
0.70 1.40 0.30
0.70 1.40 0.60
2.00 1.10 0.60
0.70 2.00 0.60
1.70 1.40 0.60
1.70 1.40 0.30
1.70 2.30 0.30
0.70 1.10 0.60
0.70 1.10 0.60
0.70 1.40 0.30
0.70 1.10 0.30
0.70 2.00 0.30
1.70 1.10 0.60
0.70 1.10 0.90
0.70 2.00 0.30
0.70 0.70 0.60
0.40 1.10 0.60
0.70 0.70 0.30
0.70 1.10 0.30
0.40 1.40 0.30
0.40 0.70 -0.70
0.40 0.70 0.60
0.40 1.10 -0.70
0.40 0.70 0.60
0.40 1.40 0.30
0.40 1.10 0.60
0.40 1.10 0.30
0.40 1.10 0.30
0.70 1.10 -0.70
0.40 1.10 0.30
1.70 1.10 -0.70
0.40 1.40 0.30
0.40 0.70 -0.70
0.40 1.10 0.30
0.70 1.10 -0.70
0.70 0.70 0.30
0.70 1.10 -0.70
0.40 0.10 0.60
0.40 1.10 0.30
0.10 0.70 0.60
0.40 1.10 -0.70
0.10 0.70 0.60
0.70 0.70 0.30
0.10 1.10 0.60
0.10 0.10 0.30
0.10 0.70 0.30
0.40 1.10 -0.70
0.40 0.10 -0.70
0.70 1.40 0.30
0.10 0.10 0.30
0.40 0.70 -0.70
0.10 1.10 0.30
0.40 0.10 0.30
0.10 1.10 0.30
0.10 0.10 -0.70
0.10 0.70 0.60
0.10 1.10 -0.70
0.10 -0.20 0.30
0.10 0.70 -0.70
2025 2 5 5 36 44 113
196.75 195.94 206.36 16.40 71.40 9.00 60.34 269.91 27.33 28.63 323.66 51.60 349.97 200.06 191.46 212.31
-0.50 0.20 -0.70
0.40 0.20 0.20
0.10 -0.40 0.20
0.10 0.80 0.20
-0.50 -0.10 -1.10
0.40 0.20 0.20
0.10 -0.40 0.20
-0.50 -0.10 0.20
0.10 -0.40 0.50
0.10 -0.10 0.20
-0.50 0.20 -0.70
0.10 -0.10 -0.70
-0.50 0.20 0.20
0.40 -0.40 0.20
-0.50 -0.40 -0.70
0.10 0.20 -0.70
-0.50 -0.40 -0.70
-0.50 0.20 0.20
0.10 -0.10 0.20
0.10 0.20 -0.70
0.10 -0.40 0.50
0.10 -0.40 -0.70
-0.50 0.20 0.20
-0.50 -0.10 -1.10
0.10 0.20 0.20
0.10 0.20 -0.70
-0.50 -0.10 0.20
0.40 0.20 -0.70
-0.50 -0.40 -0.70
0.10 0.80 -1.10
0.10 -0.40 0.20
0.10 -0.40 0.20
-0.50 0.80 0.20
0.10 -0.10 -0.70
0.10 0.80 0.50
0.10 0.20 -0.70
0.10 -0.40 0.20
0.10 -0.10 -0.70
0.10 -0.40 0.20
0.10 -0.40 -0.70
0.10 -0.40 -0.70
0.10 0.20 -0.70
0.10 -0.40 0.50
0.10 0.20 -0.70
0.10 -0.10 -0.70
-0.50 -0.40 0.20
0.10 0.80 0.20
0.40 -0.70 -1.10
-0.50 0.20 0.20
1.70 2.70 -0.70
2.30 7.40 0.50
3.90 18.70 0.50
6.40 31.30 2.70
9.50 47.30 4.90
11.10 57.60 6.20
13.60 64.50 6.50
13.90 71.40 9.00
16.10 71.40 8.00
15.80 71.40 9.00
16.40 71.40 8.00
16.40 71.40 8.70
16.10 71.40 8.70
15.80 71.40 8.70
16.10 71.40 8.00
15.80 71.10 7.70
15.80 69.90 7.40
15.20 68.60 7.70
15.20 66.10 7.40
14.50 66.10 7.10
13.90 62.30 6.50
13.60 61.70 7.10
13.60 61.10 5.80
13.00 58.60 6.50
13.00 57.60 5.80
12.00 55.40 6.20
12.30 55.10 5.50
11.10 52.60 5.50
11.10 51.70 5.80
10.80 50.10 6.20
10.50 48.50 5.50
10.50 48.20 4.90
10.50 45.40 4.90
9.50 45.70 4.90
10.10 42.90 4.60
9.20 41.60 4.90
9.50 41.60 4.60
8.90 38.80 4.60
8.90 39.40 4.30
8.30 37.50 4.30
8.30 36.90 4.30
7.60 36.60 4.60
7.90 34.10 3.60
7.60 34.10 3.30
7.30 32.50 3.30
7.30 32.50 3.30
6.70 30.30 3.00
6.40 30.00 3.30
6.40 30.00 3.00
5.70 28.10 3.30
6.40 28.40 3.00
5.70 26.60 3.00
5.70 26.60 2.70
6.10 25.30 3.00
5.10 24.10 2.10
5.10 24.10 3.00
5.10 22.80 2.70
5.10 22.50 2.70
4.80 21.50 2.10
4.80 20.30 2.10
4.80 21.20 2.10
4.80 18.70 2.70
4.50 20.00 1.40
4.50 18.40 2.10
4.80 18.40 1.80
4.50 18.10 1.80
4.50 17.20 1.80
3.90 17.20 1.80
4.50 15.90 1.40
3.90 15.90 1.80
3.90 15.60 1.40
3.20 14.00 1.80
3.90 14.30 1.40
3.20 13.70 1.80
3.20 13.70 0.80
3.60 12.80 1.40
3.60 12.80 0.80
2.30 12.10 1.40
3.60 12.10 0.80
2.90 11.50 1.40
2.30 10.90 0.80
2.90 11.20 0.50
2.30 9.90 0.80
2.30 9.90 1.40
3.20 10.90 0.80
2.00 8.70 0.80
2.30 10.30 0.80
2.30 8.40 0.80
2.30 9.30 0.80
2.00 9.30 0.50
2.30 7.40 0.50
2.30 8.70 0.50
2.00 8.10 0.50
2.00 8.10 0.50
2.00 8.70 0.50
0.70 7.40 0.80
1.70 8.40 0.50
1.70 6.80 0.50
2.00 7.40 0.20
0.70 6.50 1.40
2.00 6.80 0.50
1.70 6.80 0.50
0.70 5.90 0.20
1.70 7.40 0.50
1.70 5.50 0.50
0.70 5.50 0.50
0.70 5.90 -0.70
0.70 4.90 0.50
1.70 5.90 0.50
0.70 4.00 0.50
1.70 5.20 0.50
0.70 5.90 0.80
2.00 4.30 0.20
0.70 4.00 0.20
0.70 4.90 0.20
1.70 5.20 0.50
1.70 3.00 -0.70
0.70 3.70 0.50
1.70 5.20 -0.70
0.40 3.00 0.20
1.70 4.00 0.20
0.40 2.70 0.20
0.70 4.30 0.20
0.70 4.00 0.20
0.70 2.40 0.50
1.70 3.00 0.50
0.40 3.00 0.20
0.70 3.00 0.50
0.70 2.40 0.20
0.40 2.70 0.80
0.40 3.00 0.50
0.40 2.10 0.50
0.70 3.70 0.20
0.10 2.40 0.20
0.70 2.70 0.20
0.10 2.40 0.50
0.10 2.10 0.20
0.40 2.40 0.80
0.40 2.10 0.20
0.10 2.70 -0.70
0.40 1.20 0.20
0.10 2.40 0.20
0.40 2.40 0.20
0.10 1.20 0.20
0.40 2.10 -0.70
0.70 1.50 0.20
0.40 2.40 -0.70
0.70 1.20 0.20
0.40 2.10 0.20
0.10 2.10 -0.70
0.40 1.20 0.20
2025 2 5 5 46 14 953
202.69 198.98 194.85 72.20 52.50 13.90 267.43 187.31 50.34 23.14 112.88 9.62 61.65 198.81 195.32 197.46
0.00 -0.20 -0.50
0.40 -0.50 0.40
0.00 0.80 -0.50
0.00 -0.80 0.40
0.40 0.20 0.40
0.00 0.20 0.40
0.40 -0.50 0.40
0.00 0.80 -0.50
0.00 -0.50 0.40
0.00 0.20 -0.50
-0.60 -0.20 0.40
0.00 -0.20 0.70
0.00 -0.20 0.40
0.00 0.20 -0.50
0.00 -0.20 0.40
0.00 0.80 0.40
0.00 0.20 0.40
0.00 -0.80 -0.50
-0.60 0.20 0.70
0.00 -0.80 0.40
-0.60 0.20 0.40
0.00 0.20 0.40
-0.60 -0.80 0.40
0.00 0.20 0.40
0.00 -0.50 0.40
0.00 0.80 -0.50
0.00 -0.50 0.40
0.00 -0.20 0.70
-0.60 0.20 0.40
0.00 -0.20 0.40
0.00 0.20 -0.50
0.00 -0.20 -0.50
-0.60 0.20 0.40
0.40 0.20 0.40
0.00 -0.50 -0.50
0.00 0.80 0.40
0.00 -0.80 0.70
0.00 0.80 0.40
0.00 -0.20 0.40
0.00 -0.50 -0.50
0.00 0.80 0.70
0.00 -0.80 -0.50
0.00 -0.20 -0.50
0.00 -0.20 0.40
0.00 -0.50 0.40
0.00 0.80 -0.50
-0.60 -0.80 -0.50
0.00 0.80 0.40
0.00 -0.50 1.00
0.00 1.10 3.50
0.00 3.00 7.60
3.80 7.40 11.10
13.20 15.80 11.70
25.80 21.20 12.90
41.10 28.70 13.30
53.70 34.00 13.90
63.40 37.50 13.90
70.30 44.10 13.60
72.20 44.10 13.30
72.20 46.60 13.30
72.20 49.40 13.60
72.20 49.40 13.30
72.20 52.50 12.90
72.20 51.30 12.90
72.20 51.30 12.30
72.20 51.30 12.00
71.90 49.40 12.00
70.60 48.80 11.10
69.10 47.20 11.70
67.50 47.20 10.40
65.30 45.30 10.10
64.00 44.10 10.10
61.80 43.10 10.10
59.70 41.30 9.20
58.40 41.60 9.50
56.50 38.70 9.50
54.90 38.40 9.20
53.40 38.70 8.90
52.40 36.50 8.90
51.20 36.90 7.60
50.20 35.30 8.20
49.00 34.40 7.60
47.70 32.80 7.60
45.80 32.50 7.30
44.00 32.20 6.70
42.40 30.30 6.70
41.10 30.00 6.40
40.50 28.70 6.40
39.30 28.10 6.40
37.70 27.10 6.00
36.40 26.50 6.00
35.80 25.90 5.70
34.90 24.00 5.70
33.90 24.30 5.70
32.40 22.70 5.10
31.10 22.70 4.80
30.80 22.10 5.10
29.50 21.20 4.50
28.90 19.90 4.80
27.70 19.90 4.50
27.30 19.60 4.80
26.40 18.70 3.80
25.80 18.40 4.50
24.50 17.10 4.50
24.50 16.80 3.80
23.30 17.40 3.80
22.90 14.90 3.50
21.70 16.80 3.20
20.70 14.30 3.50
20.10 14.90 3.20
20.10 14.30 3.20
19.20 12.40 3.20
18.20 14.00 3.20
18.20 12.70 2.90
17.30 12.40 3.20
16.70 12.40 2.90
16.40 11.10 2.90
16.40 12.40 2.90
15.70 9.90 2.90
14.80 11.50 2.30
13.80 10.20 2.30
14.50 10.20 2.30
13.50 10.80 2.30
12.90 8.60 2.00
12.90 10.20 2.30
12.90 8.30 2.30
12.00 9.30 2.30
12.00 9.60 1.70
10.70 7.40 2.00
10.70 9.60 1.70
10.40 7.40 1.70
9.50 8.00 0.70
10.40 8.00 1.70
10.10 6.40 1.70
9.50 8.00 1.70
10.10 5.80 1.70
9.10 7.40 2.00
9.10 6.70 1.70
8.80 5.50 1.70
8.20 6.70 1.00
7.90 5.20 1.00
7.60 5.50 1.70
7.60 5.20 1.70
7.60 4.20 1.00
7.30 5.20 1.00
6.60 4.90 1.00
6.30 4.90 1.00
6.30 5.20 1.00
6.60 3.90 1.70
6.60 5.20 0.70
6.30 3.90 1.00
6.30 4.20 0.70
5.70 3.60 0.70
6.30 3.60 0.70
6.30 3.90 0.70
6.00 3.00 0.70
6.00 3.00 0.70
5.70 3.00 1.00
5.10 3.00 0.70
4.70 3.60 0.70
5.70 2.70 0.70
4.70 3.00 0.70
4.40 2.40 0.70
4.70 3.00 1.00
4.40 2.70 1.00
4.70 2.70 1.00
4.40 2.40 1.00
3.50 2.40 1.00
3.80 2.70 1.70
4.40 2.70 0.70
3.50 2.70 1.00
3.80 2.40 0.40
3.50 2.70 1.00
3.50 2.00 0.70
3.20 1.40 0.70
3.20 2.70 0.70
3.20 1.40 1.00
3.20 3.00 0.40
2.90 1.10 1.00
3.20 2.00 0.40
2.20 2.00 1.70
3.20 1.40 0.70
2.90 2.00 0.70
2.20 1.40 1.00
2.20 2.00 0.70
2.20 1.40 1.00
2.20 1.40 1.00
2.90 2.00 0.70
2.20 1.10 0.70
2.20 2.40 0.40
1.90 0.20 0.70
2.20 1.40 0.40
1.90 2.00 0.70
1.60 0.20 0.40
1.90 2.40 0.70
1.90 1.10 1.00
1.60 1.10 0.40
1.90 1.10 0.70
1.90 0.20 0.70
1.60 2.00 0.40
2025 2 5 5 48 40 312
185.68 187.30 191.20 15.10 13.20 10.00 55.68 48.97 31.82 15.51 302.67 16.98 318.27 190.50 190.59 196.48
0.10 -0.30 -0.90
-0.60 0.30 -0.90
0.40 -0.30 -0.90
0.10 0.90 -0.90
0.40 0.00 -1.20
-1.20 -0.30 -0.90
0.40 0.30 0.00
0.10 -0.30 -0.90
-0.60 0.30 -0.90
0.10 -0.60 0.00
0.10 0.30 0.00
-0.60 0.00 0.00
0.10 -0.30 0.00
-0.60 0.00 0.00
0.10 0.00 -0.90
0.10 0.30 -0.90
0.10 -0.30 -0.90
-0.60 -0.30 0.00
0.10 0.90 -1.20
0.10 -0.30 -0.90
0.10 0.30 -1.20
-0.60 -0.60 -0.90
0.10 0.90 0.00
0.10 0.90 0.00
0.10 -0.60 0.00
0.10 1.20 0.00
0.10 -0.60 -0.90
-0.90 0.00 -0.90
0.10 0.00 -0.90
-0.60 -0.60 -0.90
0.10 0.90 -1.20
0.10 -0.60 0.00
-0.60 0.30 -0.90
0.10 0.00 -0.90
0.10 0.00 -0.90
-0.60 0.90 -0.90
-0.60 -0.60 -1.20
-0.60 0.00 0.00
0.10 0.00 -0.90
0.10 0.00 -1.20
0.40 0.00 -0.90
0.10 -0.60 0.00
0.10 0.90 -0.90
0.10 -0.30 -0.90
0.10 0.30 0.00
0.10 -0.30 -0.90
0.10 -0.30 -0.90
0.40 0.90 0.00
3.50 1.20 2.50
4.80 4.40 4.70
8.80 6.60 7.20
9.50 8.40 9.10
11.00 11.60 9.10
12.00 11.00 9.10
12.30 12.80 10.00
12.90 12.50 10.00
14.50 13.20 10.00
14.80 13.20 10.00
15.10 12.80 9.70
14.80 13.20 9.70
15.10 13.20 9.70
14.50 12.20 9.10
14.50 12.80 10.00
14.50 12.20 9.70
14.50 12.20 8.80
13.50 11.30 8.80
13.20 11.60 8.80
13.20 11.30 7.90
13.20 11.00 8.50
12.90 10.00 7.50
12.30 10.00 7.50
12.00 9.70 6.90
11.00 10.00 7.20
10.70 10.00 7.20
10.70 10.00 6.30
10.40 9.70 6.90
10.40 9.70 7.20
9.50 8.80 6.30
9.50 9.40 6.00
8.80 9.40 6.00
9.20 8.80 5.70
8.80 8.10 5.70
8.20 8.80 5.30
8.20 7.50 5.30
8.20 7.50 5.30
7.60 7.50 4.70
7.60 6.60 4.10
7.60 7.50 4.70
7.90 6.90 4.40
6.60 5.60 4.10
6.30 6.90 4.40
6.30 5.30 4.40
6.60 5.90 3.50
6.30 5.30 4.10
6.30 5.60 3.50
5.70 5.30 3.50
5.70 5.00 3.50
5.10 5.30 3.10
5.70 4.40 3.10
5.70 5.30 3.10
5.10 4.40 3.10
4.80 4.10 3.10
5.10 5.00 3.10
4.40 3.10 2.80
4.80 5.00 2.80
3.80 3.10 2.80
4.40 3.10 2.50
3.80 4.40 2.50
3.50 3.10 2.50
3.80 3.70 1.90
4.40 3.10 2.50
3.20 3.10 1.60
3.50 4.10 2.50
3.50 2.50 2.50
3.50 3.10 1.90
3.20 2.80 1.90
3.50 3.10 1.90
3.20 2.50 1.90
3.50 2.80 1.30
3.20 2.80 1.60
3.50 2.50 1.60
3.20 2.50 1.30
3.20 2.80 1.30
3.20 2.50 1.60
3.20 2.80 1.30
2.20 1.50 1.60
2.90 2.80 1.60
2.20 1.50 1.60
2.90 1.20 1.30
2.20 1.50 0.60
2.20 1.20 1.30
2.20 1.50 1.30
2.20 2.20 1.60
1.90 0.90 1.30
1.90 2.50 0.60
1.90 1.50 0.60
2.90 1.20 0.60
1.90 1.50 0.60
1.90 1.20 1.30
1.60 1.50 1.30
2.20 1.50 0.60
1.60 1.20 0.30
2.20 2.20 0.60
1.60 0.30 0.60
1.90 2.20 0.60
1.90 0.90 0.60
1.60 1.20 0.30
1.60 1.20 0.30
2.20 0.90 0.60
0.70 1.50 0.60
1.60 0.90 0.60
0.70 1.20 0.60
1.60 1.20 0.60
1.60 0.90 0.60
1.60 1.20 0.60
0.70 0.90 0.60
0.70 0.90 0.30
1.60 0.90 0.30
1.60 0.90 0.30
0.40 1.20 0.30
1.60 0.30 0.30
0.70 0.30 0.30
0.70 0.90 0.30
0.70 0.30 0.60
0.70 1.20 0.00
1.60 -0.30 0.30
1.60 0.90 0.30
0.70 0.30 0.60
0.70 0.90 0.00
0.40 0.30 0.30
1.60 0.00 0.30
0.40 0.90 0.60
1.60 0.90 0.60
0.40 -0.30 0.00
1.60 1.20 0.00
0.40 0.00 0.30
0.70 0.90 0.30
0.10 0.30 0.30
0.70 0.30 0.00
0.70 1.50 0.30
0.40 -0.30 0.30
0.10 0.30 0.00
0.70 0.90 0.30
0.40 0.00 0.30
0.40 1.20 -0.90
0.40 -0.30 0.30
0.10 1.20 0.00
0.40 -0.30 -0.90
0.10 0.00 -0.90
0.40 0.90 0.00
0.40 0.00 0.30
0.10 0.30 0.60
0.40 0.00 0.30
0.40 0.00 0.00
0.40 0.30 0.00
0.40 -0.30 0.00
0.40 0.30 -0.90
0.40 0.30 -0.90
0.40 0.30 0.00
0.40 0.00 0.00
2025 2 5 5 56 39 891
201.28 209.53 199.30 14.70 8.60 27.50 67.47 32.97 97.70 24.84 205.69 43.79 196.93 204.30 216.83 198.95
0.00 0.10 0.20
0.00 0.10 -0.70
-0.60 0.10 0.50
0.00 1.10 0.20
-0.60 0.10 0.20
0.00 0.40 0.20
0.00 0.10 0.20
0.00 0.10 0.20
0.00 -0.20 0.20
0.00 0.10 -0.70
-0.60 -0.50 -0.70
0.30 1.40 0.20
-1.00 -0.50 0.20
0.00 0.10 0.20
-0.60 -0.20 -0.70
0.00 -0.50 -0.70
0.00 0.40 0.20
0.00 -1.10 0.20
-0.60 0.10 0.20
0.00 0.10 0.20
0.00 -0.20 -0.70
0.60 1.10 -0.70
0.00 -1.40 0.50
0.00 1.40 -0.70
0.00 -0.20 0.20
0.30 -0.20 -0.70
0.00 1.10 0.20
0.00 -1.10 0.20
0.00 1.40 0.20
0.00 -0.50 -0.70
0.00 -0.20 -0.70
0.00 1.10 0.20
0.00 -1.10 0.20
0.30 1.40 0.20
0.00 -1.40 -0.70
0.00 0.40 -0.70
0.00 0.10 0.20
0.00 -0.50 -0.70
-0.60 0.40 0.20
0.00 -0.50 0.20
0.00 0.40 -0.70
0.00 -0.20 0.20
-0.60 -0.20 0.20
0.00 1.40 -0.70
0.00 -1.40 -0.70
0.00 1.10 0.20
0.00 -1.10 0.20
0.30 1.40 -0.70
0.30 0.10 -0.70
0.00 -1.10 0.80
0.30 1.40 6.50
1.60 -0.50 13.10
3.40 0.10 15.90
6.60 1.40 19.30
8.80 1.70 23.70
10.30 4.50 25.60
11.00 5.10 27.20
12.90 6.70 27.50
12.90 7.70 27.50
13.80 7.70 27.50
13.50 7.70 27.20
13.80 8.30 26.60
13.20 8.30 26.60
13.50 7.70 26.20
13.20 7.70 25.90
12.20 7.70 25.00
11.90 7.00 24.40
12.20 8.60 23.40
11.90 7.70 23.10
12.20 8.30 22.20
12.90 8.30 21.80
12.90 8.30 20.60
13.80 7.00 20.00
14.70 7.70 20.00
14.40 6.10 19.00
14.70 7.70 19.30
13.80 6.70 19.00
13.80 6.10 18.10
14.70 7.00 17.80
14.70 6.70 17.50
13.50 6.10 17.10
13.80 6.10 16.50
13.20 5.10 15.90
13.80 5.80 15.60
12.90 5.80 15.60
12.20 5.10 14.60
11.00 5.50 13.70
11.00 5.10 13.40
11.00 4.50 13.70
10.70 4.50 12.80
10.30 4.50 12.80
10.30 4.50 12.10
9.40 4.50 11.80
10.00 5.10 11.50
9.10 3.30 11.50
9.10 5.50 10.20
8.10 3.30 10.20
8.80 3.90 10.20
8.10 4.50 9.30
7.80 2.60 9.30
7.80 5.10 8.70
7.80 2.90 8.70
7.50 2.90 8.70
7.50 4.50 8.00
6.60 2.30 8.00
6.60 5.50 7.40
6.60 2.60 7.70
6.60 3.30 7.40
6.30 4.20 7.10
6.30 1.70 7.10
5.90 4.20 7.10
5.90 2.30 6.50
5.90 2.60 6.20
5.00 3.30 6.20
4.70 1.70 5.80
5.60 3.30 5.50
4.70 1.40 5.80
5.00 2.90 5.50
4.70 1.70 5.50
5.00 1.40 5.50
4.70 2.60 5.50
4.40 1.70 5.50
4.40 2.30 4.60
4.40 1.70 4.60
3.80 1.70 4.30
4.40 2.30 4.30
3.80 1.40 4.60
3.80 2.60 4.30
3.80 1.40 3.30
3.80 2.30 3.30
3.80 1.40 3.70
3.80 1.40 3.70
3.10 2.60 3.30
3.80 0.40 3.30
3.80 1.40 3.00
3.40 1.70 2.70
3.10 1.10 3.00
3.10 1.40 2.70
2.80 1.10 2.70
3.40 1.40 2.70
3.10 1.40 2.70
3.40 0.40 2.10
2.20 1.10 2.70
2.80 1.40 2.70
2.80 0.40 2.70
3.10 1.40 2.70
2.80 1.10 2.70
2.80 1.10 2.70
2.20 1.40 2.70
2.20 0.40 1.80
2.20 1.40 2.10
2.20 1.10 2.10
2.20 0.40 2.70
2.20 1.70 2.70
1.90 0.40 2.10
2.20 1.70 2.10
1.90 0.10 1.80
1.90 1.40 2.10
1.90 0.40 2.10
1.90 0.10 1.80
1.60 1.40 1.80
2.20 0.10 1.80
1.90 1.10 1.80
1.60 1.40 1.80
1.60 -0.20 1.50
1.90 1.10 1.50
0.60 -0.50 2.10
2.20 1.10 1.50
1.60 0.40 1.80
1.90 0.10 1.50
1.60 0.40 1.80
1.60 0.10 2.10
0.60 0.40 1.50
1.60 0.10 1.50
0.60 0.10 1.50
1.60 1.10 1.50
0.60 -0.50 1.50
1.60 1.40 1.50
0.60 0.10 1.80
0.60 0.40 1.50
0.60 0.10 1.50
1.60 0.10 0.80
0.60 1.40 0.80
0.60 -0.20 0.80
0.60 0.10 1.50
0.60 1.40 1.50
0.30 -1.10 1.50
0.60 1.40 0.50
0.30 -0.50 0.80
0.30 0.40 0.80
0.30 0.40 1.50
0.60 -0.50 1.50
0.30 1.10 0.80
0.30 0.10 0.80
0.30 -0.20 0.80
0.30 0.40 0.20
0.00 -0.50 0.50
0.60 1.10 0.50
0.30 -0.50 0.50
0.30 1.10 0.50
2025 2 5 6 7 39 403
192.37 184.28 189.82 8.70 8.10 7.10 30.09 26.31 27.81 22.48 57.58 5.24 165.42 199.30 200.17 197.78
0.00 0.30 0.20
0.00 -0.30 0.20
0.00 0.90 -0.70
0.30 -0.30 0.20
0.30 -0.30 0.20
0.00 0.30 -0.70
0.30 -0.60 0.20
0.00 0.90 0.20
0.30 -0.30 0.20
0.30 -0.60 0.50
0.00 0.30 -0.70
0.00 -0.60 0.20
0.30 0.30 0.20
0.00 -0.60 0.20
0.30 0.00 -0.70
0.00 0.30 0.20
0.30 -0.60 0.20
0.30 0.00 0.20
0.30 0.00 0.20
0.00 -0.30 -0.70
0.30 0.30 -0.70
0.30 0.00 0.20
0.30 0.30 0.20
0.00 -0.30 0.20
0.30 0.00 -0.70
0.00 -0.30 0.20
0.30 -0.60 0.50
0.30 0.30 -0.70
0.30 -1.60 0.20
-0.70 0.00 0.50
0.00 -0.60 -0.70
0.00 -0.60 0.20
0.30 -0.30 0.20
0.00 -1.60 0.20
0.30 0.00 0.20
-0.70 -0.30 -1.00
0.00 -0.30 0.20
0.00 0.30 0.20
0.00 -0.30 0.20
0.00 0.30 0.20
0.00 0.90 0.20
0.00 -0.30 0.50
0.00 1.20 0.20
-0.70 0.00 0.50
0.30 0.00 -0.70
0.00 0.00 0.20
0.00 0.00 0.20
0.00 0.30 0.50
0.60 2.20 2.70
0.60 2.80 4.60
2.80 3.70 5.50
4.70 4.40 6.20
5.90 5.30 6.50
6.50 5.90 6.20
7.80 5.60 7.10
8.10 6.90 7.10
8.70 5.90 7.10
8.70 7.50 7.10
8.70 6.90 6.50
8.70 7.50 6.20
8.10 7.50 6.20
7.80 5.90 6.20
8.70 8.10 6.20
7.80 6.60 6.50
7.80 6.60 6.50
7.50 8.10 6.20
7.80 6.90 6.20
7.20 6.90 5.90
7.20 5.90 6.20
6.50 6.90 5.50
6.50 5.90 5.90
6.20 5.90 5.90
6.20 5.90 5.90
6.20 4.10 5.50
5.90 6.90 5.50
6.20 5.00 5.50
5.90 5.00 5.50
5.90 5.30 4.90
5.60 3.70 4.90
5.60 5.60 4.60
5.60 4.10 4.90
4.70 4.10 4.30
5.00 5.30 4.60
4.30 2.80 4.30
4.70 5.00 3.70
4.30 3.70 4.30
4.30 3.10 3.70
3.70 4.40 4.30
4.30 2.80 3.70
3.10 3.70 3.30
4.30 3.10 3.70
3.40 3.10 3.70
3.70 3.70 3.30
3.40 3.10 3.30
3.40 4.10 3.00
3.10 2.50 3.30
3.70 3.10 2.70
3.10 2.50 3.00
3.10 2.80 3.00
2.80 3.10 3.00
3.10 2.50 2.70
2.80 3.10 2.70
2.80 2.50 2.10
2.80 1.60 2.10
3.10 3.10 2.70
2.10 1.20 2.10
2.80 3.10 2.10
2.80 2.20 2.10
2.80 2.20 2.10
2.10 2.50 1.80
2.80 1.60 2.10
1.80 2.50 2.10
2.10 1.60 1.80
1.80 1.60 1.80
2.10 2.20 2.10
2.10 0.30 2.10
2.10 1.60 1.80
1.50 1.20 1.80
2.10 1.60 1.50
1.50 1.20 1.50
1.80 1.20 1.50
1.50 1.60 1.50
1.80 0.90 1.50
0.60 1.20 1.50
1.80 1.60 0.80
0.60 1.60 1.50
1.80 1.60 1.50
1.50 1.60 0.80
1.50 1.20 0.80
1.80 1.60 1.50
0.60 1.20 0.80
0.60 0.30 0.80
1.80 1.20 1.50
0.60 0.90 0.80
1.50 1.20 1.50
0.60 0.90 1.50
1.50 0.30 0.80
0.30 0.90 1.50
0.60 0.30 0.80
1.50 0.90 0.50
1.50 0.00 0.50
0.60 0.30 1.50
0.60 1.20 0.50
0.60 -0.30 0.50
1.50 1.60 0.20
0.60 -0.60 0.80
0.60 1.20 0.80
0.30 0.90 0.50
0.60 -0.60 0.50
0.30 1.20 0.50
0.30 0.00 0.50
0.60 1.20 0.50
0.60 0.90 0.80
0.30 -0.30 0.50
0.60 2.20 0.20
0.00 -0.30 0.80
0.60 1.60 0.80
0.00 0.00 0.20
0.30 0.30 0.50
0.30 0.90 0.50
0.60 -0.60 0.50
0.30 1.20 0.50
0.00 -0.60 0.20
0.30 0.00 0.50
0.60 0.30 0.20
0.00 -1.30 0.50
0.60 1.20 0.80
0.00 -0.30 0.50
0.60 0.00 -0.70
0.00 -0.30 0.50
0.00 0.00 0.50
-0.70 0.30 0.50
0.30 -0.30 0.20
0.00 0.00 0.20
0.00 0.30 0.20
0.00 0.00 0.50
0.30 0.30 0.20
-0.70 -0.30 0.50
0.30 0.90 0.50
0.30 -0.30 0.20
0.00 0.30 0.20
-0.70 0.30 0.20
0.00 0.00 0.50
0.00 0.90 -0.70
0.00 0.00 0.20
0.00 0.30 -0.70
0.30 0.90 0.20
0.30 -0.30 0.50
0.30 0.30 0.20
0.00 -0.30 0.20
0.30 0.00 0.20
0.00 0.30 0.20
0.00 -0.60 -0.70
0.00 -0.30 -0.70
0.00 0.90 0.20
0.00 0.00 0.20
0.00 0.00 0.20
0.30 0.00 0.50
0.00 -0.30 0.20
0.00 0.30 0.80
2025 2 5 6 12 28 66
194.71 197.10 198.53 40.20 10.40 13.00 144.51 40.01 41.74 11.56 285.27 45.46 258.49 192.21 205.50 201.66
0.10 1.00 -0.80
0.40 1.00 0.20
0.10 0.30 0.20
0.10 0.00 -0.80
0.10 0.30 -0.80
0.40 0.30 0.20
-0.60 0.30 0.20
0.40 1.00 -0.80
0.10 -0.30 0.20
0.10 1.30 -0.80
0.10 0.00 0.20
0.10 0.00 0.20
0.10 0.30 -0.80
0.40 0.00 0.20
0.10 0.30 0.20
0.40 0.00 0.20
0.10 0.00 0.50
0.10 1.00 -0.80
0.10 0.00 0.20
0.40 0.30 0.20
0.10 0.00 0.20
0.10 0.00 -1.10
-0.60 0.30 -0.80
0.40 0.00 0.20
0.10 -0.30 -0.80
0.40 0.30 -0.80
0.10 0.30 0.20
0.40 0.00 -0.80
0.10 0.00 0.50
0.40 0.30 0.20
0.10 0.30 -0.80
0.40 0.00 -0.80
0.10 0.30 0.50
0.10 0.30 -0.80
0.10 0.30 0.20
0.40 0.30 0.20
0.10 -0.60 -0.80
0.10 1.30 -0.80
0.10 0.00 0.20
0.10 0.30 -0.80
0.40 1.30 -0.80
0.40 0.00 -0.80
0.10 1.00 0.50
0.40 -0.30 0.20
0.10 -0.30 0.50
0.40 1.30 0.80
0.10 -0.30 0.50
0.10 1.00 0.50
0.70 -0.30 0.80
2.90 0.30 1.40
7.30 1.00 3.30
14.50 2.20 7.40
21.70 3.80 9.30
29.60 5.00 10.80
33.60 5.40 11.50
36.50 5.70 11.80
37.70 6.90 11.80
39.60 8.50 13.00
40.20 7.60 12.70
40.20 9.80 12.70
39.30 8.50 12.10
39.60 9.80 12.10
39.30 10.10 11.80
38.00 8.50 11.80
37.40 9.80 11.50
36.80 9.40 10.80
35.20 9.40 10.20
34.90 10.40 9.90
33.60 8.50 9.90
32.40 10.10 9.00
31.10 8.50 9.30
30.50 8.20 9.00
29.60 9.40 8.60
29.60 8.50 8.60
28.00 8.50 8.00
28.00 8.50 8.00
27.40 8.20 8.00
26.70 8.80 7.70
26.10 6.90 7.70
25.20 8.80 7.40
23.90 7.60 7.40
23.90 8.80 6.10
23.00 7.60 6.40
23.30 6.90 6.40
22.00 8.20 5.80
21.10 5.70 6.10
20.50 6.90 6.10
20.10 5.00 5.50
19.50 5.00 5.50
18.90 6.00 5.50
18.30 4.10 5.50
17.90 5.40 5.50
17.60 3.20 4.60
17.60 4.40 4.60
16.10 4.10 4.60
16.40 3.80 4.60
15.70 4.10 4.20
15.10 3.20 4.20
14.50 3.20 4.60
14.80 4.10 3.30
13.90 3.80 3.60
14.50 4.10 3.60
13.20 4.10 3.60
13.60 4.10 3.30
12.30 3.80 3.30
12.00 4.10 3.30
11.00 3.20 3.30
12.00 5.00 3.30
10.40 3.20 3.30
10.40 4.40 3.30
10.10 4.40 3.00
10.10 3.20 3.00
9.20 3.80 3.00
9.50 2.90 2.70
8.80 2.90 3.00
8.80 2.90 2.70
8.20 1.60 3.00
8.20 2.20 2.70
7.90 1.30 2.70
8.20 2.50 2.00
7.30 1.00 2.00
7.60 1.30 1.70
7.30 1.30 1.70
7.30 0.30 1.70
6.60 2.20 1.70
6.60 1.30 1.70
6.60 1.30 1.40
6.30 2.50 1.70
6.30 0.30 1.70
6.30 2.90 1.40
6.00 1.30 1.40
6.00 2.90 1.40
5.70 2.50 1.70
5.70 1.60 1.40
5.70 2.90 1.70
5.10 1.60 1.70
4.50 2.90 1.40
5.10 2.90 0.80
4.50 2.20 1.40
4.80 2.50 0.80
4.50 1.00 1.40
4.50 2.50 1.40
3.80 1.30 0.80
4.50 1.30 1.40
3.80 1.30 0.80
4.50 0.00 0.80
3.80 1.60 0.80
3.50 0.30 0.50
3.20 0.30 0.80
3.50 1.60 0.50
3.20 -0.60 0.50
3.50 1.30 0.80
2.90 0.00 0.80
3.20 0.00 0.80
2.90 1.30 1.40
3.20 -0.30 0.80
2.90 0.30 0.80
2.90 1.00 0.50
2.90 1.00 0.50
2.90 1.00 1.40
2.30 1.00 0.50
2.90 1.60 0.80
2.30 1.00 0.20
3.20 1.60 0.80
1.90 1.30 0.80
2.30 1.60 0.50
2.30 1.30 0.80
2.30 0.30 0.80
1.90 1.60 0.80
1.90 1.30 0.20
1.90 0.30 0.50
1.90 1.00 0.50
1.60 -0.30 0.80
1.60 1.00 0.20
0.70 0.30 0.50
1.90 -0.60 0.20
1.60 0.00 0.80
1.60 0.00 0.50
0.70 0.00 0.20
1.90 -0.30 0.20
1.60 -0.60 0.20
1.60 0.00 0.50
1.60 0.30 0.50
2.30 0.00 0.20
0.70 1.00 0.50
1.90 0.00 0.50
0.70 0.30 0.20
1.60 1.00 0.20
0.70 0.00 0.50
1.60 1.00 0.20
0.70 0.00 0.20
1.60 1.00 -0.80
0.40 0.30 0.50
0.70 1.00 0.20
0.70 1.60 0.50
0.70 -0.30 0.20
0.40 1.30 0.20
1.60 0.30 0.20
0.70 0.00 0.50
0.70 1.30 -0.80
2025 2 5 6 16 35 148
192.76 198.07 204.01 72.30 21.50 64.70 422.13 73.07 231.73 34.28 292.97 37.36 276.92 190.35 199.07 201.05
0.10 0.80 -0.60
0.10 0.80 -0.60
0.10 -0.20 -0.60
-0.50 0.10 -0.60
0.70 0.10 0.30
0.10 0.80 -0.60
0.10 -0.50 -0.60
0.10 0.10 -0.60
0.10 0.80 0.30
0.10 -0.50 0.30
0.40 1.10 -0.60
0.10 -0.80 0.30
0.10 0.80 0.30
0.10 0.80 0.30
0.40 0.10 0.30
0.10 -0.20 0.30
0.10 0.10 0.70
-0.50 0.10 0.70
0.10 -0.20 0.30
0.10 0.10 0.30
0.10 0.10 0.30
0.10 -0.20 0.70
0.40 0.80 0.70
0.10 -0.50 -0.60
0.40 1.10 0.70
0.40 -0.50 0.70
0.10 -0.20 -0.60
0.10 0.80 0.70
0.10 -0.50 0.70
-0.50 0.10 0.30
0.10 -0.20 0.30
-0.50 -0.20 0.30
0.10 0.10 0.30
-0.50 -0.50 0.30
0.10 0.80 0.30
0.10 -0.50 0.70
0.10 0.10 0.30
0.10 -0.20 0.30
0.40 -0.20 0.30
0.10 0.10 0.70
0.10 -0.50 0.30
0.10 -0.20 0.30
0.40 -0.20 0.30
0.10 -0.20 0.30
0.10 0.10 0.30
0.10 -0.50 -0.60
0.70 0.10 0.70
0.10 -0.50 0.30
0.40 0.10 0.30
4.80 -0.80 0.30
20.50 0.80 2.20
46.80 3.90 12.90
72.30 6.70 29.50
72.30 11.40 40.80
72.30 13.90 50.20
72.30 15.80 57.40
72.30 18.00 60.60
72.30 18.30 62.10
72.30 20.80 63.40
72.30 19.90 64.70
72.30 21.50 63.40
72.30 20.80 63.40
72.30 20.80 62.10
72.30 20.20 61.80
72.30 19.30 60.60
72.30 19.60 59.60
72.30 18.30 58.40
72.30 18.30 56.80
72.30 17.40 55.90
72.30 17.10 53.70
72.30 17.10 51.80
72.30 15.50 51.20
72.30 16.80 49.30
72.30 14.90 47.40
72.30 15.20 46.80
72.30 14.20 45.20
72.30 13.60 44.90
72.30 14.20 44.60
72.30 12.70 43.60
72.30 13.60 42.10
72.30 13.00 41.10
72.30 11.40 39.60
72.30 12.40 38.30
72.30 11.10 37.40
72.30 12.00 36.70
72.30 10.80 35.20
72.30 10.80 34.50
72.30 9.90 33.30
72.30 9.90 33.00
72.30 10.20 31.10
72.30 8.60 30.50
70.70 9.20 30.10
69.10 9.20 29.20
67.90 8.00 28.00
66.60 8.60 26.70
63.20 7.30 26.40
62.20 8.30 26.10
60.60 8.00 24.50
59.10 6.40 24.50
56.60 8.30 23.60
55.90 7.30 22.30
53.70 6.40 22.00
52.20 6.70 22.00
50.60 6.40 20.70
49.00 6.70 20.10
47.80 5.50 19.20
46.50 5.80 18.90
45.00 4.80 18.20
44.60 5.80 17.60
42.10 4.80 17.60
41.80 4.80 16.70
39.60 5.10 16.00
38.40 4.20 16.00
37.70 4.20 15.10
36.50 4.20 15.10
35.20 3.60 14.50
34.60 4.80 13.50
33.40 3.00 13.50
32.40 4.20 12.90
30.80 3.90 12.90
30.50 3.90 12.00
29.30 4.20 12.00
29.00 4.20 11.60
27.40 4.20 11.60
26.80 3.90 11.00
26.10 4.20 11.00
24.90 3.90 9.40
24.60 3.60 9.40
23.90 4.20 9.10
22.10 2.60 9.10
23.00 3.60 9.10
20.80 3.00 8.80
20.80 3.60 8.20
20.50 3.00 7.90
19.60 3.00 7.60
18.30 3.00 7.60
18.90 3.00 7.20
17.70 2.30 7.20
17.70 2.60 7.20
16.70 2.30 6.60
16.70 2.30 7.60
16.10 2.30 6.60
16.40 3.00 7.20
15.20 2.00 6.30
15.20 3.60 6.30
14.50 2.30 6.30
14.50 2.00 6.00
13.60 2.60 5.70
13.30 2.00 5.70
13.00 3.00 5.70
13.00 1.40 5.70
11.10 1.40 5.00
12.00 3.00 4.70
11.10 1.10 4.70
11.10 2.60 5.00
10.50 1.40 4.70
10.50 2.30 4.70
9.50 2.00 4.40
10.10 2.00 4.40
9.20 2.30 4.40
9.50 1.10 3.80
8.30 2.30 3.80
9.20 1.10 3.50
8.30 1.10 3.50
8.90 2.30 3.50
7.90 0.10 3.50
7.90 2.00 3.50
7.30 0.10 3.50
8.30 1.40 3.20
7.60 0.80 3.20
7.60 1.10 3.20
6.40 1.40 3.20
6.70 0.80 2.90
6.40 2.00 2.90
6.40 0.10 2.90
6.40 0.10 2.90
6.10 2.00 2.90
5.70 -0.20 2.20
6.40 2.00 3.20
5.10 0.10 2.90
6.10 1.10 2.90
5.10 1.40 2.90
5.70 -0.20 2.20
5.10 1.40 2.20
5.10 1.10 2.20
4.80 0.10 2.20
5.10 1.40 3.20
4.50 -0.50 2.20
5.10 1.10 2.90
4.80 0.10 2.90
4.80 0.80 2.20
4.50 0.80 2.20
4.50 0.10 2.20
4.50 1.10 1.90
4.80 0.10 2.20
3.90 0.10 2.20
3.90 0.80 1.60
3.90 0.10 2.20
3.90 0.80 2.20
3.90 -0.20 1.90
2025 2 5 6 21 36 956
198.97 192.68 203.97 9.50 32.50 24.30 37.92 115.72 80.30 24.74 3.67 80.98 61.44 211.97 191.32 204.08
0.10 1.40 -0.80
0.10 -0.50 0.20
0.10 -0.20 0.50
0.10 0.20 0.20
0.10 -0.50 0.20
0.10 1.10 -0.80
0.10 -0.80 -0.80
0.10 0.20 0.50
0.10 0.20 0.20
0.10 -0.50 0.20
0.10 0.80 -0.80
0.10 -0.80 -0.80
0.10 1.10 -0.80
0.10 -0.80 0.20
0.10 -0.20 0.20
-0.50 0.20 -0.80
0.10 -0.80 -0.80
0.10 1.10 0.20
0.10 -0.80 0.20
-0.50 -0.50 0.20
0.10 0.80 -0.80
-0.50 -0.80 0.20
0.10 1.10 -0.80
-0.80 -0.80 0.50
-0.50 0.20 -0.80
0.10 0.80 -0.80
-0.50 -0.50 0.20
0.10 0.20 0.20
0.40 -0.50 0.20
0.10 0.20 -0.80
0.10 0.20 -0.80
-0.50 -0.80 0.20
0.10 0.80 -0.80
-0.50 -0.20 -0.80
0.10 0.80 -0.80
-0.80 -0.80 0.20
0.40 -0.50 0.20
-0.50 0.20 -0.80
0.10 -0.50 0.50
-0.50 1.10 0.20
0.10 0.80 0.20
0.10 -0.50 0.20
0.10 0.80 -0.80
0.10 0.20 -0.80
0.10 0.80 -0.80
-0.50 0.20 0.50
0.40 0.20 0.50
0.40 0.20 -0.80
0.40 1.10 -0.80
0.10 3.00 0.20
0.40 7.40 0.20
1.70 14.00 4.90
2.90 19.90 10.20
3.20 23.70 15.80
4.50 26.80 19.30
5.70 28.70 22.10
6.70 31.20 23.10
7.60 31.50 24.30
9.20 32.20 24.30
8.90 32.50 24.30
9.20 32.50 24.30
8.90 31.50 23.70
9.20 31.50 23.10
9.20 30.00 22.70
9.20 30.30 22.10
9.50 29.60 20.90
9.20 28.10 20.20
8.90 28.40 20.20
8.90 27.10 19.30
8.30 25.90 19.00
8.30 26.50 19.00
7.90 23.10 18.00
7.90 24.30 17.70
7.90 22.70 17.40
7.30 22.10 16.20
6.70 22.70 16.50
7.30 20.20 16.20
6.70 21.50 15.80
7.60 19.90 15.80
6.70 19.90 15.50
6.70 20.20 14.60
6.70 18.40 14.30
6.40 19.60 13.60
6.40 17.10 13.30
6.40 18.00 13.00
5.70 16.80 13.00
6.10 15.50 12.70
5.70 16.80 12.10
5.70 13.60 11.80
5.70 15.50 11.40
5.70 13.60 10.80
4.80 13.00 10.80
5.10 14.30 9.90
4.50 12.40 9.30
4.80 13.60 9.30
4.80 12.10 9.30
4.50 12.40 8.90
3.90 12.10 8.90
4.80 10.80 8.60
3.90 12.10 7.70
4.50 10.80 7.40
3.50 11.10 7.70
3.90 10.20 7.10
3.50 9.90 7.10
3.90 10.20 6.40
3.20 8.60 7.10
3.50 10.20 6.10
3.20 9.30 5.80
2.90 9.30 5.80
3.20 9.60 5.80
3.20 7.40 5.50
3.20 9.30 5.50
2.90 8.60 5.50
2.30 7.40 5.50
3.20 8.00 4.90
2.30 7.40 4.90
2.30 7.40 4.50
2.30 6.40 4.90
3.50 6.70 4.20
2.90 5.80 4.50
3.20 6.40 4.20
2.90 5.50 4.20
2.90 6.40 4.20
2.30 5.50 4.20
2.30 5.50 3.60
2.00 5.50 3.60
2.30 5.20 3.30
2.00 4.90 3.30
2.30 5.20 3.00
2.30 4.20 3.30
2.30 4.90 3.00
2.30 4.20 2.70
2.30 4.90 3.00
2.00 3.90 3.00
2.00 4.20 3.00
2.00 3.90 2.70
1.70 3.90 2.00
1.70 4.20 2.70
1.70 3.60 2.00
2.00 4.90 2.00
2.00 3.90 2.00
0.70 3.60 2.00
2.00 3.90 2.70
0.70 3.00 2.00
1.70 4.20 1.70
1.70 3.00 1.70
0.70 3.00 1.40
0.70 3.60 1.70
1.70 2.40 1.70
1.70 3.00 1.70
1.70 2.40 1.70
1.70 2.40 1.40
1.70 3.90 0.80
0.70 1.40 1.40
2.00 3.90 1.40
0.40 2.00 1.40
1.70 2.40 1.70
0.70 2.70 1.40
1.70 1.40 1.40
0.40 2.70 1.40
0.40 1.40 0.80
0.70 2.00 1.40
1.70 2.00 0.80
0.40 1.10 0.50
0.70 2.70 0.80
0.70 1.40 1.40
0.40 2.00 0.80
0.40 1.10 0.80
0.70 2.40 0.50
0.70 1.40 0.80
0.70 1.40 0.80
0.40 2.40 1.40
0.40 0.20 0.80
0.70 2.00 0.80
0.70 1.40 0.80
0.10 0.20 1.40
0.40 2.40 0.50
0.40 0.20 0.50
0.70 1.40 0.50
0.40 1.40 0.80
0.40 0.80 0.80
0.40 1.40 0.80
0.10 0.80 0.50
0.40 1.10 0.50
0.40 1.10 0.20
0.40 1.10 0.50
0.10 1.10 0.50
0.10 0.80 0.50
0.40 2.00 0.50
0.10 0.20 0.20
0.70 1.10 0.50
0.10 -0.20 0.50
0.40 0.20 0.50
0.10 1.10 0.80
0.70 0.20 0.50
0.10 1.10 0.50
0.40 0.80 0.50
0.10 0.80 0.50
0.10 1.10 0.20
0.10 0.20 0.50
2025 2 5 6 28 16 463
193.47 193.06 198.42 72.20 71.50 21.80 356.03 336.10 76.29 14.27 323.62 24.27 323.22 190.73 190.10 199.00
-0.60 0.00 0.50
0.00 -0.30 0.50
0.00 0.30 0.20
0.00 -0.30 -0.80
0.00 0.30 0.20
0.40 -0.60 0.50
0.40 0.90 0.20
0.00 -0.30 0.20
0.70 0.00 0.20
0.00 0.00 0.20
0.00 -0.60 -0.80
0.00 0.30 -0.80
0.40 0.00 0.20
0.00 0.00 0.20
0.40 0.30 -1.10
0.00 -1.30 -0.80
0.40 0.90 -0.80
0.00 -0.60 0.20
0.40 -0.30 0.20
0.00 0.30 -0.80
0.00 -0.60 0.20
0.00 0.30 0.20
0.00 0.00 0.20
0.00 0.00 -0.80
0.00 0.30 0.20
0.00 -0.60 -0.80
0.00 0.00 0.20
0.00 -0.60 0.20
0.00 0.00 0.20
0.00 0.00 0.20
0.40 0.00 0.20
0.00 0.00 0.20
-0.60 0.00 -0.80
0.00 0.00 0.20
0.00 -0.30 0.20
0.00 0.00 0.20
0.70 0.00 -0.80
0.00 -0.60 -1.10
0.40 0.30 0.20
-0.60 0.00 0.20
0.40 0.00 0.20
0.40 0.00 -0.80
0.40 -0.60 0.20
-0.90 0.30 0.20
0.00 -0.30 -0.80
0.00 0.00 0.20
0.00 0.30 0.20
0.00 -0.60 -0.80
0.00 1.30 0.20
3.50 3.10 1.70
17.30 15.70 6.10
38.00 34.20 12.10
57.50 52.40 16.20
72.20 70.30 19.00
72.20 71.50 19.90
72.20 71.50 20.90
72.20 71.50 21.80
72.20 71.50 21.80
72.20 71.50 21.80
72.20 71.50 21.80
72.20 71.50 20.90
72.20 71.50 20.90
72.20 71.50 20.30
72.20 71.50 19.90
72.20 71.50 19.30
72.20 71.50 19.00
72.20 71.50 19.00
72.20 71.50 19.00
72.20 71.50 17.70
72.20 71.50 17.10
72.20 71.50 17.10
72.20 71.50 16.20
72.20 71.50 16.20
72.20 71.50 15.90
72.20 71.50 15.50
72.20 71.50 15.50
72.20 71.50 14.90
72.20 70.30 14.60
72.20 69.70 13.70
72.20 67.10 13.40
72.20 65.60 13.00
70.60 64.30 12.70
68.40 61.20 12.70
65.90 60.20 12.10
64.70 58.70 12.10
62.20 56.80 11.50
60.90 55.50 10.20
58.40 52.70 10.80
56.80 52.70 10.20
55.90 50.20 9.30
53.70 48.90 9.30
51.80 47.40 8.60
50.60 45.80 9.30
49.00 45.50 8.60
47.70 42.70 8.00
46.50 42.70 8.00
45.20 41.10 8.00
44.00 38.90 7.40
42.40 39.50 7.40
40.80 36.70 7.40
39.60 37.00 6.50
38.90 35.50 7.10
38.00 33.30 6.50
36.10 33.90 6.50
35.80 31.70 6.10
33.90 30.40 6.10
33.60 31.10 5.50
32.00 28.20 5.50
31.10 28.90 5.50
30.50 27.60 5.50
29.20 26.70 5.50
28.00 27.00 4.90
27.70 25.10 4.90
26.70 23.80 4.60
26.40 23.80 4.60
24.80 22.30 4.60
23.90 22.30 4.30
23.60 21.30 4.30
23.60 20.40 3.60
22.00 19.80 4.30
20.70 20.10 3.60
20.40 18.80 4.30
20.40 18.50 3.60
19.20 18.20 3.60
18.90 17.30 3.00
18.20 17.30 3.60
17.90 16.90 3.30
17.30 14.40 3.30
16.70 16.90 3.00
16.00 13.20 3.00
16.40 14.40 3.00
14.80 13.80 3.00
14.80 13.20 2.70
14.50 13.80 3.30
13.80 11.60 2.70
13.50 12.20 2.70
13.20 12.20 2.70
12.30 11.30 3.00
12.30 11.60 2.70
12.00 10.40 2.10
11.00 11.60 2.70
10.70 10.40 2.70
11.00 10.40 1.70
10.40 10.00 2.10
10.10 9.70 2.10
10.10 9.40 1.70
10.40 9.40 1.70
9.50 8.50 1.70
8.80 9.40 1.40
8.80 7.50 1.70
9.10 8.50 0.80
8.20 8.50 1.70
8.80 8.20 1.40
8.20 8.80 1.70
7.90 6.90 1.70
7.60 7.50 1.70
7.60 7.50 1.40
7.30 6.60 1.40
7.30 7.50 0.80
6.60 5.70 1.40
6.60 6.90 1.40
6.30 5.30 1.70
6.30 6.00 1.40
6.00 5.70 1.40
6.30 5.30 1.40
5.70 6.00 0.80
6.00 5.00 1.40
5.10 5.30 0.80
5.70 5.30 0.50
4.70 3.10 1.40
5.10 5.70 1.40
4.70 3.80 0.80
5.10 4.40 0.80
4.70 4.40 0.80
4.70 4.10 0.80
4.40 4.40 0.50
3.80 3.80 0.80
3.80 4.10 0.80
4.40 3.10 0.80
3.50 3.10 0.80
3.80 4.40 0.80
3.80 2.80 1.40
3.50 4.10 0.80
3.20 2.80 0.50
3.50 3.80 0.80
3.20 3.10 0.50
3.50 2.50 0.50
2.90 2.80 0.50
3.50 3.10 0.20
2.90 2.20 0.80
3.50 3.10 0.50
2.20 2.80 0.20
2.90 2.50 0.50
2.20 2.80 0.20
2.90 2.20 0.80
2.90 2.80 0.50
2.90 2.50 0.20
2.90 2.20 0.20
2.90 2.50 0.20
3.20 1.30 0.50
2025 2 5 6 33 37 729
194.24 203.09 197.57 72.10 71.40 72.10 397.06 299.64 605.12 25.02 241.11 24.79 257.45 190.99 198.89 196.43
0.20 -0.70 0.20
-0.10 -0.10 0.50
0.20 -0.10 -0.70
-0.10 -0.40 0.20
0.20 0.20 0.20
-0.70 -1.30 0.50
0.20 0.90 0.20
-0.10 -0.70 0.20
0.20 -0.70 0.20
-0.10 -0.10 0.20
0.20 -0.40 0.20
0.20 0.20 0.20
0.20 0.20 0.20
-0.10 -0.70 0.20
0.20 0.20 0.20
-0.10 -0.70 0.20
0.20 -0.40 0.50
-0.10 -0.10 0.20
-0.10 -0.40 -0.70
0.20 -0.40 -0.70
0.20 0.20 0.20
-0.10 -0.40 -0.70
-0.10 0.20 0.20
-0.10 -0.40 0.20
-0.70 -0.70 -0.70
-0.70 0.20 -0.70
0.20 -0.40 0.20
-0.10 -0.10 0.20
-0.10 -0.10 -0.70
-0.10 -0.40 0.50
0.20 -0.10 0.20
-0.10 -0.10 0.50
0.20 0.20 -0.70
-0.10 -0.10 0.20
-0.10 0.20 0.20
-0.10 -0.10 0.20
-0.10 -0.10 0.20
-0.10 0.90 0.20
-0.10 -0.70 -0.70
0.20 1.20 0.20
-0.10 -0.40 0.20
-0.70 -0.40 0.20
0.20 1.20 0.20
-0.10 -1.70 0.20
0.20 1.20 0.20
-0.10 -0.70 0.20
-0.10 0.20 -0.70
-0.10 0.90 0.20
-0.70 -0.70 -0.70
3.00 0.90 1.50
14.60 -0.40 34.40
33.20 2.40 72.10
57.30 9.90 72.10
72.10 20.90 72.10
72.10 38.80 72.10
72.10 52.60 72.10
72.10 65.80 72.10
72.10 71.40 72.10
72.10 71.40 72.10
72.10 71.40 72.10
72.10 71.40 72.10
72.10 71.40 72.10
72.10 71.40 72.10
72.10 71.40 72.10
72.10 71.40 72.10
72.10 71.40 72.10
72.10 71.40 72.10
72.10 71.40 72.10
72.10 71.40 72.10
72.10 71.40 72.10
72.10 71.40 72.10
72.10 71.40 72.10
72.10 71.40 72.10
72.10 71.10 72.10
72.10 68.60 72.10
72.10 66.70 72.10
72.10 65.50 72.10
72.10 62.70 72.10
72.10 62.30 72.10
72.10 59.50 72.10
72.10 59.50 72.10
72.10 57.00 72.10
72.10 55.10 72.10
72.10 54.20 72.10
72.10 51.70 72.10
72.10 51.40 72.10
72.10 49.50 72.10
72.10 47.60 72.10
70.50 47.00 72.10
68.30 45.10 72.10
66.70 44.10 72.10
64.50 42.60 72.10
63.60 41.60 72.10
61.70 40.10 72.10
60.10 39.40 72.10
58.20 37.60 72.10
56.70 36.90 72.10
54.80 35.70 72.10
53.20 34.40 72.10
51.00 33.80 72.10
50.40 32.50 72.10
48.80 31.60 72.10
47.60 31.00 72.10
46.00 30.00 72.10
45.10 29.70 72.10
42.90 28.10 72.10
41.60 28.50 72.10
40.40 27.20 72.10
39.10 25.30 72.10
37.90 25.30 72.10
36.60 23.80 72.10
36.00 24.10 72.10
34.70 23.10 72.10
32.20 22.20 72.10
33.20 22.50 72.10
31.00 20.30 72.10
30.00 20.30 72.10
29.40 19.70 72.10
27.80 19.40 72.10
27.50 18.40 72.10
27.20 18.10 72.10
25.90 18.40 72.10
25.60 15.90 72.10
24.40 16.90 72.10
23.70 15.90 72.10
23.10 15.00 69.30
23.10 15.60 67.40
21.90 13.70 65.20
20.90 15.00 64.50
20.30 14.00 62.00
20.30 12.50 60.20
19.30 13.70 58.00
19.30 11.50 56.70
18.70 12.80 55.80
17.80 12.10 53.90
17.20 11.20 52.00
17.50 12.10 50.40
16.50 10.30 48.90
15.90 11.20 47.60
15.60 9.90 45.70
15.00 9.90 45.10
14.30 9.60 43.50
14.30 9.30 41.60
13.40 9.60 40.40
13.40 7.40 39.40
12.80 8.70 38.20
11.80 8.70 37.30
11.80 7.40 36.30
12.10 8.70 35.70
10.90 5.90 34.70
10.60 8.10 33.50
10.60 6.80 32.90
10.20 6.80 31.60
9.90 7.40 30.30
9.30 5.90 29.40
9.00 6.80 29.10
9.00 5.60 28.80
8.70 5.90 27.50
8.10 5.90 26.30
8.10 5.60 26.30
8.70 5.60 25.60
7.40 4.30 25.00
7.70 5.90 24.70
7.10 4.90 23.80
7.10 4.90 23.40
7.10 4.90 22.80
6.50 4.30 21.90
6.20 4.90 20.60
6.20 4.30 20.00
5.90 4.00 20.00
6.20 4.00 19.10
5.90 4.00 19.10
5.50 3.70 19.10
5.50 3.00 18.70
5.50 4.30 17.50
4.90 2.70 17.50
5.50 4.00 16.50
4.60 2.40 16.20
4.90 2.70 15.90
4.60 3.70 15.60
4.30 1.50 15.00
4.60 3.70 14.30
4.60 2.70 13.70
4.30 2.10 13.70
5.50 3.00 13.40
4.90 2.10 13.10
4.90 3.00 12.20
4.90 2.10 13.10
4.90 2.70 12.80
4.60 2.70 12.20
4.90 2.40 11.80
4.30 2.40 12.20
4.30 2.10 11.80
4.30 2.70 11.80
3.70 1.20 10.90
3.30 2.10 11.50
3.70 2.40 10.90
3.70 1.20 10.00
3.30 3.00 9.30
3.30 0.90 9.30
2025 2 5 6 52 2 105
205.24 194.27 209.27 72.20 71.50 29.50 294.88 519.76 98.67 36.09 19.54 38.79 6.47 201.77 191.91 208.73
0.10 -0.70 0.60
0.10 0.30 -0.90
0.10 -0.40 0.30
0.10 -0.40 0.30
-0.60 -0.10 -0.60
0.40 -0.10 0.30
-0.60 -0.10 0.60
0.40 -0.10 -0.60
0.10 -0.10 0.60
0.10 0.30 -0.60
0.10 -0.40 0.30
0.40 0.30 -0.60
0.10 -0.40 0.30
0.10 -0.10 0.30
0.10 0.90 0.30
0.10 -0.40 0.30
0.40 -0.10 0.30
0.10 0.90 -0.60
0.10 -0.40 0.30
0.40 1.20 -0.60
-0.60 -0.40 -0.60
-0.60 0.30 -0.60
0.10 0.30 0.30
0.40 -0.70 -0.60
0.10 1.20 0.30
0.10 -0.70 -0.60
-0.60 -0.40 -0.60
0.40 0.30 0.30
0.10 -0.40 0.30
0.10 -0.10 0.30
0.10 -0.70 0.30
0.10 0.30 -0.60
-0.90 -0.10 0.60
0.70 -0.40 0.30
0.10 -0.40 0.30
0.40 -0.70 -0.60
-0.60 0.90 0.30
0.10 -0.10 -0.60
0.10 -0.10 0.30
0.10 0.30 -0.90
0.10 -0.40 0.30
0.10 1.20 -0.60
0.10 -0.40 -0.60
0.10 0.30 0.30
0.10 -0.10 0.30
0.10 -0.70 0.30
0.10 0.90 0.30
0.40 -0.10 -0.60
0.10 -0.40 0.60
0.10 0.30 -0.60
0.10 8.10 0.30
0.40 40.10 0.30
5.70 71.50 3.80
17.60 71.50 10.40
35.20 71.50 15.70
50.90 71.50 20.40
63.10 71.50 24.80
71.00 71.50 27.60
72.20 71.50 29.20
72.20 71.50 28.90
72.20 71.50 29.50
72.20 71.50 29.20
72.20 71.50 28.90
72.20 71.50 27.90
72.20 71.50 27.60
72.20 71.50 26.40
72.20 71.50 26.40
72.20 71.50 25.70
72.20 71.50 24.80
72.20 71.50 23.90
72.20 71.50 22.90
72.20 71.50 22.30
71.00 71.50 21.00
69.40 71.50 20.70
67.80 71.50 20.40
66.30 71.50 20.10
63.40 71.50 19.20
62.20 71.50 19.20
60.60 71.50 18.80
59.70 71.50 18.20
58.40 71.50 18.20
56.50 71.50 17.30
55.00 71.50 17.60
53.10 71.50 16.30
51.80 71.50 16.30
50.60 71.50 16.00
49.00 71.50 15.10
47.70 71.50 14.80
45.20 71.50 13.80
44.60 71.50 13.80
43.40 71.50 13.50
41.80 71.50 13.20
40.20 71.50 13.20
39.30 71.50 12.90
38.00 71.50 12.30
36.80 71.50 11.90
35.80 71.50 11.00
34.90 71.50 10.40
33.30 71.50 10.40
32.10 71.50 10.10
31.10 71.50 10.10
30.80 71.50 9.40
29.50 71.50 9.40
29.20 71.50 8.80
27.70 71.50 8.80
27.70 71.50 8.20
26.40 71.50 8.20
25.80 71.50 8.20
24.80 71.50 7.90
23.90 71.50 7.60
23.30 71.50 7.20
23.30 70.20 7.20
21.10 67.10 6.60
21.10 65.80 6.30
20.50 63.30 6.30
20.10 61.40 6.30
18.90 59.60 6.00
18.90 57.70 5.70
18.30 56.70 6.00
17.60 54.50 5.70
17.30 53.00 5.00
16.70 51.40 5.00
15.70 50.10 5.00
15.10 49.50 4.40
15.10 47.30 5.00
15.10 46.70 4.70
14.50 45.10 4.40
13.90 42.90 4.40
13.20 42.30 3.80
13.20 40.10 3.80
12.90 39.50 4.40
12.90 38.90 4.40
12.30 36.00 3.80
12.00 36.70 3.50
10.70 35.40 3.50
10.70 33.20 3.50
10.40 33.20 3.50
10.10 31.00 3.20
9.50 31.00 2.80
10.10 31.00 2.80
9.50 28.80 3.50
9.20 29.40 3.20
9.20 27.20 3.20
8.80 27.60 2.80
8.20 26.60 2.80
8.80 25.40 2.20
7.90 25.00 2.20
7.60 23.80 1.90
7.60 24.40 2.20
7.60 22.20 1.90
7.30 22.20 2.20
7.60 22.20 1.90
6.30 19.70 2.20
6.60 21.30 1.60
6.30 18.50 1.90
6.30 19.70 1.90
6.00 19.40 1.60
6.00 17.20 1.90
5.70 18.50 1.60
6.00 15.90 1.60
5.10 15.90 1.60
5.70 15.90 1.00
5.10 14.40 1.60
5.10 15.60 1.60
5.10 13.80 1.60
4.80 14.10 1.60
4.50 13.80 1.60
4.80 13.10 1.60
3.50 13.80 1.60
4.50 11.60 1.00
4.50 13.10 1.60
3.80 11.60 1.60
3.50 11.60 1.60
3.80 11.20 0.60
3.20 10.00 1.60
3.50 11.20 0.60
3.50 10.00 1.00
3.50 9.70 1.00
2.90 10.00 1.60
3.20 9.40 1.60
2.90 9.40 1.00
2.90 8.40 0.60
2.30 8.70 1.00
2.90 8.40 1.00
2.30 8.10 1.60
2.90 8.10 0.60
2.30 6.90 1.00
3.20 8.10 0.60
2.30 7.50 0.60
2.30 7.50 1.00
2.30 6.90 1.00
1.90 6.90 1.00
2.30 8.10 1.60
1.90 7.50 1.00
1.90 8.10 1.60
1.90 7.50 1.00
1.60 7.50 1.60
2.90 7.50 1.00
1.90 7.50 1.00
1.90 6.50 1.00
2025 2 5 6 53 41 545
198.66 193.02 197.35 17.50 13.00 28.30 58.92 45.08 97.86 15.32 52.68 9.01 108.09 200.03 198.30 196.99
0.00 0.10 -0.50
-0.70 0.10 0.40
0.00 -0.50 0.40
-0.70 1.00 -0.80
0.30 -0.20 0.40
-0.70 1.00 -0.80
0.00 1.00 0.40
-0.70 -0.20 -0.50
0.30 2.60 0.40
0.00 -0.50 0.40
0.00 1.00 -0.50
-0.70 1.00 -0.50
0.00 -0.20 -0.50
0.00 1.70 -0.80
0.00 -0.50 -0.50
0.00 0.40 -0.50
0.30 0.10 -0.50
0.00 -0.20 -0.80
0.30 1.70 -0.50
-0.70 -0.50 -0.50
0.00 1.40 -0.50
-0.70 -0.20 0.40
0.30 1.00 -0.50
-0.70 0.40 -0.50
0.00 -0.50 -0.50
-0.70 1.00 -0.50
0.00 -0.20 -0.50
0.00 1.40 -0.50
0.00 0.10 -0.50
0.00 0.10 -0.50
0.00 0.40 -0.50
0.00 -0.50 -0.50
0.00 1.00 -0.80
-0.70 0.10 -0.50
0.00 0.40 -0.50
-0.70 1.00 -0.50
0.00 0.10 -0.80
-0.70 1.00 -0.80
0.00 0.40 -0.50
0.00 0.40 -0.50
0.00 0.40 -0.50
0.00 0.10 -0.50
0.00 0.40 0.40
-0.70 0.40 0.40
0.00 0.40 0.40
0.00 0.10 -0.50
0.00 0.10 -0.50
-0.70 0.40 -0.50
0.00 1.00 -0.50
-0.70 0.40 3.20
1.50 2.90 10.50
3.10 4.50 16.70
7.50 7.00 22.10
10.60 8.60 25.80
13.20 9.50 26.80
14.70 11.40 28.00
16.30 11.40 28.30
17.20 11.40 28.30
17.50 12.70 28.30
17.50 11.40 27.70
17.50 13.00 27.40
17.20 12.30 26.50
16.60 11.10 26.10
16.30 11.70 25.20
16.30 11.10 24.60
16.00 10.50 24.00
16.00 11.10 23.30
15.00 10.10 23.00
14.70 10.50 22.10
13.80 9.80 20.80
13.80 10.50 20.50
13.50 9.50 20.20
13.20 9.50 18.90
12.80 9.50 19.20
12.80 8.60 18.00
12.80 9.50 18.30
12.80 8.30 18.30
12.20 8.30 16.70
12.20 8.60 17.40
11.00 6.10 16.70
10.60 8.60 16.10
10.60 6.70 15.80
10.30 7.60 14.90
10.00 7.60 14.50
10.00 5.40 13.90
8.80 7.00 13.60
9.40 5.40 13.90
8.80 6.10 13.60
9.10 5.80 12.30
7.80 4.50 12.30
8.10 6.10 12.30
7.50 4.20 11.70
7.50 5.40 11.70
7.20 4.50 11.10
7.50 4.50 10.10
6.60 5.40 10.10
7.20 3.90 9.50
6.60 5.10 9.50
6.30 3.90 9.50
6.60 3.90 8.90
5.90 4.50 8.30
5.60 3.20 8.90
5.90 4.20 8.00
5.90 2.90 8.30
5.00 3.90 8.00
5.00 3.20 8.00
5.00 3.20 7.60
4.70 3.20 7.30
4.70 2.90 6.70
4.40 3.20 6.70
4.40 2.90 6.10
3.70 3.20 6.40
3.70 2.90 6.40
3.70 2.60 6.10
4.40 3.20 6.10
3.40 2.30 5.80
3.70 2.60 5.10
3.70 2.30 4.80
3.40 2.30 5.10
3.10 2.60 5.10
3.70 2.30 4.80
3.10 1.70 4.80
3.40 2.60 4.50
2.20 1.70 4.50
3.10 1.70 3.90
2.80 2.60 3.90
2.80 1.00 3.60
2.80 1.70 3.90
2.80 2.30 3.60
2.20 1.40 4.50
2.80 2.60 3.60
2.20 1.40 3.60
2.20 1.70 3.60
1.90 1.40 3.60
2.20 1.40 3.20
1.50 2.30 3.60
2.80 1.40 2.90
1.90 1.70 3.60
2.20 1.00 3.20
1.50 1.40 2.90
1.90 1.70 2.30
1.90 0.40 3.60
2.20 1.40 2.30
1.50 1.00 2.90
1.90 1.40 2.90
1.50 1.70 2.90
1.90 0.40 2.30
0.60 1.70 2.30
1.50 1.40 2.00
0.60 0.40 2.30
0.60 1.70 2.30
0.30 0.40 2.30
1.50 1.70 2.90
0.60 0.40 2.90
0.60 1.00 2.90
0.30 1.00 2.00
0.60 1.00 2.90
0.60 1.00 2.90
1.50 0.40 2.30
0.60 1.40 2.30
0.60 0.40 1.70
0.60 0.40 2.30
0.60 1.00 2.30
0.30 1.00 2.00
0.60 1.40 2.30
0.00 1.00 2.30
1.50 0.40 2.00
0.30 1.40 2.00
0.60 0.40 1.70
0.00 1.00 2.00
0.60 0.40 1.70
0.00 -0.20 1.70
0.60 1.40 1.70
0.30 0.10 1.70
0.60 1.00 1.70
0.30 0.40 2.00
0.30 0.40 1.10
0.30 1.00 1.70
0.60 -0.20 1.10
0.00 1.00 1.70
0.30 0.40 1.70
0.00 0.10 1.70
0.00 0.40 0.70
0.00 0.10 1.10
0.30 1.00 1.70
0.00 0.10 0.70
0.30 1.00 0.70
0.00 1.00 1.70
0.30 0.10 0.70
0.00 1.40 1.10
0.30 -0.20 1.10
0.00 0.40 1.10
0.60 0.40 0.70
-0.70 0.10 1.70
0.60 0.40 1.10
0.30 0.40 1.70
0.00 0.40 0.70
0.00 0.40 1.70
0.30 0.40 0.70
0.00 0.10 1.10
2025 2 5 7 27 11 42
198.92 202.57 200.22 38.40 48.90 39.30 136.22 177.00 130.55 10.00 239.83 9.16 261.69 196.36 199.23 198.61
0.40 0.90 0.10
-0.50 -0.60 0.40
0.40 0.00 -0.90
0.10 0.30 0.10
0.10 -0.60 0.10
0.10 0.30 0.10
0.40 -0.60 -0.90
0.10 -0.30 0.10
0.10 0.00 0.10
-0.50 0.00 -0.90
0.40 0.30 -0.90
-0.50 -0.30 0.10
0.10 0.30 0.10
0.10 -0.60 -0.90
0.40 0.00 0.10
0.10 0.00 0.10
0.10 -0.60 0.10
0.10 0.30 0.40
0.10 -0.30 0.10
0.10 0.30 -0.90
0.10 0.00 -0.90
0.10 -0.30 -0.90
0.10 1.20 0.40
0.10 0.00 -0.90
0.40 0.30 0.10
-0.50 0.90 0.10
0.40 -0.30 0.10
-0.80 0.90 0.40
0.40 -0.30 -0.90
-0.50 0.30 0.10
-0.50 0.00 -0.90
0.10 0.30 -1.20
0.10 0.30 0.10
0.10 -0.30 -0.90
0.70 0.90 -0.90
0.10 -0.30 0.10
0.10 0.90 0.10
-0.50 0.30 0.10
0.10 0.00 -0.90
-0.50 0.30 0.10
0.10 0.00 -0.90
0.10 0.30 0.40
0.40 0.00 0.10
0.10 -0.30 0.10
0.10 0.30 -0.90
-0.50 0.00 -1.20
0.10 0.30 -0.90
0.10 -0.30 -1.20
0.40 0.90 -0.90
0.10 0.00 0.70
3.20 0.30 7.30
6.70 3.10 17.70
13.00 7.50 24.90
18.90 16.00 30.80
23.90 23.20 34.60
29.30 30.10 37.40
33.40 37.60 39.30
34.90 41.10 39.30
36.80 46.10 39.00
37.70 47.70 38.70
38.40 48.90 38.00
37.40 48.90 37.70
36.80 48.90 37.70
36.20 48.90 36.50
36.20 48.30 35.80
34.90 48.90 35.50
34.90 46.70 34.30
34.00 46.10 33.30
33.70 45.50 32.10
31.80 43.00 30.50
31.20 43.90 30.20
30.20 41.40 29.90
29.30 41.10 28.00
28.30 38.90 27.40
28.00 37.60 27.10
26.80 38.30 26.40
26.50 35.80 26.10
25.80 36.70 26.10
26.10 34.20 24.90
24.90 34.20 24.20
24.90 33.20 23.30
23.90 31.70 22.70
23.60 32.30 21.70
21.70 29.80 20.80
21.70 30.40 19.80
20.80 28.20 19.80
20.50 27.60 19.20
19.50 27.00 18.90
19.20 25.10 17.30
18.90 26.00 17.70
18.30 23.80 17.00
17.40 23.80 16.10
17.40 23.20 15.50
16.40 22.30 15.50
16.40 22.60 14.80
15.80 20.40 14.50
15.80 20.40 13.60
14.80 19.40 13.60
14.80 18.80 13.60
13.60 18.50 12.90
13.60 17.60 12.60
13.30 18.20 12.00
13.00 16.00 11.70
12.30 16.90 11.40
12.30 16.00 10.70
10.80 15.40 11.40
11.10 15.40 10.10
10.50 14.10 9.80
10.80 14.10 9.20
10.10 13.80 9.20
10.10 13.20 8.60
9.50 12.80 8.60
9.20 12.20 7.90
8.90 12.50 7.90
8.90 11.60 7.30
8.30 11.60 7.30
8.30 11.30 7.30
7.30 10.00 7.00
7.90 11.00 6.40
6.70 9.40 6.00
7.60 9.70 6.40
7.30 9.70 6.40
7.30 8.50 5.70
6.70 9.70 6.00
6.70 8.50 5.70
6.10 7.50 5.70
6.70 8.80 5.40
6.40 7.50 5.40
6.40 7.50 5.40
5.70 6.90 4.50
6.10 6.90 4.80
5.70 6.60 4.50
6.10 6.60 4.50
5.70 6.60 4.20
6.10 6.60 4.20
5.70 5.90 3.50
4.80 5.60 3.50
4.80 6.90 3.50
4.80 5.90 3.50
4.80 5.30 3.50
5.10 6.60 3.20
3.90 5.00 3.20
4.80 5.60 3.20
3.90 5.30 3.20
3.50 5.00 2.90
3.90 5.30 3.20
3.90 4.40 2.00
3.50 5.00 2.60
3.90 4.40 2.60
3.50 5.00 2.60
3.90 4.10 2.60
3.20 4.10 2.60
3.90 5.00 2.60
2.90 3.80 2.60
2.90 4.10 1.70
2.90 2.80 2.60
3.20 4.40 1.70
2.90 4.10 2.00
2.30 2.50 1.70
2.30 4.10 1.70
2.30 2.80 2.00
2.30 3.80 1.70
2.90 3.10 1.70
2.30 2.80 1.70
2.30 3.80 1.70
2.30 2.50 1.30
2.30 3.80 1.30
2.00 2.20 1.30
2.30 2.80 1.30
1.70 2.50 1.30
2.30 2.20 1.30
1.70 3.10 1.70
2.30 1.60 1.70
1.70 3.10 1.30
1.70 2.50 1.30
1.70 1.60 0.40
1.70 3.80 1.30
1.70 1.20 0.70
2.30 2.80 1.30
1.70 2.20 0.70
1.70 1.60 1.30
0.70 2.50 0.70
1.70 1.60 0.70
0.70 2.50 0.70
2.00 1.20 0.70
1.70 1.60 0.40
1.70 2.20 0.70
0.40 1.20 0.70
1.70 2.20 0.40
0.70 0.30 0.70
0.70 2.20 0.40
0.40 1.20 0.40
1.70 1.20 0.40
0.40 2.20 0.40
0.70 0.90 0.40
0.70 1.60 0.40
0.70 1.20 0.40
0.70 0.30 0.70
0.70 1.20 0.70
0.40 0.90 0.40
2025 2 5 7 57 0 994
190.39 191.94 196.00 12.40 8.20 11.00 44.46 23.31 41.98 15.73 303.69 37.84 261.04 193.36 204.50 201.92
0.50 -0.30 0.00
-0.40 0.00 0.00
-0.40 -0.60 0.00
-0.70 -0.30 0.00
0.20 1.00 -0.30
-0.40 -1.50 0.90
0.20 1.00 0.00
0.20 -0.60 0.90
0.20 -0.60 0.90
-0.40 1.30 0.90
0.20 -0.60 0.90
0.20 1.30 0.00
0.20 0.00 0.00
-1.10 -0.30 0.00
0.20 1.30 -0.30
0.20 -0.60 0.90
0.20 0.30 0.90
-0.40 -0.30 0.00
-0.40 0.00 0.00
-0.40 0.00 0.90
0.20 -0.30 0.00
-0.70 0.00 0.00
-0.40 -0.60 0.90
0.20 0.30 0.90
0.20 -0.60 0.90
0.20 0.00 0.00
0.20 1.00 0.00
0.20 -0.60 0.90
0.20 1.00 0.90
-0.40 -0.30 0.90
0.20 0.00 0.00
-0.40 0.30 0.00
0.20 -0.60 -0.30
-0.40 0.00 0.00
0.20 0.00 -0.30
-0.40 -0.60 0.00
-0.40 0.00 0.00
0.20 0.00 0.00
0.20 -0.30 -0.30
0.20 0.00 0.90
0.20 0.00 0.00
-0.40 -0.30 0.00
0.50 0.30 0.00
-0.40 0.00 0.00
-0.70 -0.30 0.00
-0.40 -0.30 0.00
0.20 0.00 -0.30
-0.40 -0.60 0.00
0.50 0.00 0.90
2.40 0.30 2.20
5.80 2.50 3.80
6.80 4.10 6.30
9.30 3.80 8.20
9.30 5.40 10.00
10.90 6.00 10.00
10.90 6.00 10.70
12.40 8.20 10.70
11.20 6.90 11.00
12.10 8.20 11.00
11.20 7.60 10.70
12.10 6.90 10.00
10.90 7.60 10.00
12.10 6.90 9.70
10.60 7.60 10.00
11.20 6.60 10.00
10.60 5.70 9.40
10.60 6.60 8.50
10.20 5.70 8.80
10.20 6.00 8.50
9.30 5.40 8.50
9.60 5.40 8.20
8.40 5.40 8.50
9.30 5.10 7.80
8.40 5.40 7.80
9.00 4.40 7.20
8.00 4.40 7.80
8.40 5.10 7.20
7.70 4.40 7.20
8.00 4.10 6.90
7.70 4.10 6.90
7.70 4.10 6.60
6.80 4.10 6.60
6.80 3.20 6.30
6.80 4.10 6.30
6.80 3.20 6.30
6.20 3.80 6.30
6.50 3.20 5.70
5.80 2.90 5.70
5.80 3.20 5.30
5.20 2.20 5.00
5.80 3.20 5.00
4.90 3.20 5.00
5.20 2.20 4.40
4.60 3.20 4.40
5.20 2.20 4.40
4.90 2.50 4.40
5.20 3.20 4.10
4.60 1.30 4.10
4.60 3.20 4.10
4.60 2.20 4.10
4.00 2.20 4.10
4.00 2.20 4.10
4.00 1.60 3.80
3.30 2.20 3.80
3.70 2.20 3.50
3.30 1.60 3.50
3.30 2.20 3.50
3.30 1.60 3.50
3.30 1.30 3.50
3.30 1.00 3.80
3.30 2.20 2.80
2.40 1.30 3.50
3.70 1.60 3.50
3.00 1.60 2.80
3.00 1.00 2.80
3.30 1.30 2.80
3.00 1.60 2.20
2.10 0.30 2.50
3.00 1.60 1.60
2.40 0.30 2.20
2.40 1.30 2.20
2.10 1.30 2.50
2.40 0.30 2.20
2.40 1.30 2.20
2.40 1.00 2.20
2.10 1.00 2.20
3.00 1.30 1.60
2.40 0.30 2.20
2.40 1.00 2.20
2.40 1.00 2.20
2.40 1.30 1.30
2.40 1.00 1.60
2.10 1.00 2.20
1.80 1.00 1.60
2.10 0.00 1.30
2.10 1.30 1.60
2.40 0.30 1.60
1.80 0.30 1.60
2.10 1.30 1.30
0.80 -0.60 1.30
2.10 1.30 0.90
1.80 1.00 1.30
1.80 -0.30 1.30
0.80 1.30 1.30
2.10 0.00 1.60
1.80 1.00 1.30
1.80 1.00 0.00
0.80 -0.30 1.30
1.80 0.30 0.90
0.80 -0.30 1.30
1.80 1.30 1.30
0.80 0.30 1.30
0.80 0.30 1.30
0.80 0.30 1.30
0.80 0.30 0.90
0.80 0.30 1.30
1.80 0.00 1.30
0.50 1.00 1.30
0.80 1.00 0.90
0.80 0.00 1.30
0.50 1.00 1.30
0.20 0.00 0.90
0.80 1.00 0.00
0.50 0.30 0.90
0.50 -0.30 0.90
0.50 0.00 0.90
0.50 0.00 0.90
0.20 0.00 0.90
1.80 0.30 0.90
0.50 -0.30 0.90
0.50 0.00 0.90
0.50 0.00 1.30
0.80 0.00 0.90
0.50 1.00 1.30
0.50 0.30 0.00
0.20 0.00 0.90
0.80 0.30 0.90
0.20 0.00 1.30
0.20 0.00 0.00
0.50 -0.30 0.90
0.80 0.30 0.00
0.20 0.00 0.90
0.50 0.00 0.00
-0.40 0.00 0.00
0.50 -0.30 0.00
0.20 1.00 0.90
0.50 -0.30 0.90
0.20 -0.30 0.00
0.50 0.00 0.00
0.20 -0.30 0.00
0.50 0.00 0.90
0.20 0.00 0.00
0.50 0.00 0.00
0.20 0.00 0.00
0.20 -0.30 0.00
0.20 1.00 0.00
0.50 -0.30 0.00
0.20 0.00 0.00
0.50 0.00 -0.30
0.20 -0.30 0.00
2025 2 5 7 58 38 593
195.63 199.09 200.50 72.40 71.40 23.70 330.12 267.22 86.46 15.34 281.37 27.08 301.03 191.32 194.34 200.68
-0.40 -0.40 -0.40
0.30 -0.10 -0.40
-0.40 -0.10 -0.40
0.60 -0.40 -0.10
0.30 -0.70 -0.10
-0.40 0.20 0.80
-0.40 -0.70 0.80
0.60 -0.10 -0.10
0.30 -0.40 -0.40
0.30 -0.10 -0.10
-0.70 -0.10 0.80
0.30 -0.40 -0.10
0.30 -0.10 -0.10
-0.40 -0.40 -0.10
-0.40 -0.10 -0.40
0.30 0.20 -0.10
0.30 -0.70 -0.10
0.30 0.20 -0.10
-0.70 -0.40 -0.10
0.30 0.20 0.80
-0.40 -0.10 0.80
0.30 -0.40 -0.10
-0.40 -0.10 -0.10
-0.40 0.20 -0.10
-0.40 -0.10 -0.10
0.30 -0.10 -0.10
0.30 0.20 -0.10
0.30 -0.40 -0.10
0.30 -0.40 0.80
0.30 0.20 -0.40
-0.40 -0.40 0.80
0.30 0.80 -0.40
0.30 -0.70 -0.10
0.30 -0.40 0.80
-0.40 -0.10 0.80
0.30 -0.40 -0.10
0.30 -0.70 -0.10
0.30 -0.40 -0.40
-0.40 -0.10 -0.40
0.30 -0.10 -0.10
-0.40 -0.10 -0.40
0.30 -0.10 -0.10
-0.40 -0.40 0.80
0.30 -0.10 -0.40
0.30 -0.70 -0.10
0.30 0.80 -0.10
-0.40 -0.70 -0.10
0.30 -0.40 -0.40
0.30 0.80 0.80
3.40 -0.40 -0.10
9.70 3.70 4.00
24.10 9.90 9.90
42.30 20.90 13.70
59.50 34.40 18.10
72.40 45.40 21.20
72.40 55.10 22.80
72.40 61.70 22.80
72.40 68.60 22.80
72.40 71.10 22.80
72.40 71.40 23.40
72.40 71.40 23.70
72.40 71.40 23.70
72.40 71.40 22.50
72.40 71.40 21.50
72.40 71.40 21.20
72.40 71.40 20.90
72.40 68.60 20.60
72.40 68.60 20.60
72.40 65.50 19.70
72.40 64.50 18.70
72.40 63.30 18.70
72.40 61.10 17.80
72.40 59.80 17.80
72.40 58.20 17.20
72.40 56.00 16.80
70.80 54.50 16.50
69.60 53.20 16.50
68.00 51.30 16.20
66.80 50.40 15.30
64.90 49.50 15.30
62.70 47.30 14.30
60.80 46.90 14.00
59.20 45.70 14.00
58.30 43.20 13.70
56.40 43.20 12.80
53.90 41.60 12.80
52.60 41.00 12.50
51.40 40.40 12.10
49.20 38.20 10.90
48.60 38.20 10.60
47.00 36.60 10.60
46.10 34.40 9.90
44.80 34.10 9.90
43.50 32.80 9.60
42.00 32.80 8.70
40.70 31.30 9.30
39.50 30.30 8.70
38.50 29.40 8.40
37.60 28.80 8.40
36.30 28.10 7.70
35.10 26.90 8.10
34.80 26.90 7.10
32.60 25.30 7.10
32.30 24.40 6.80
30.70 24.00 6.80
29.70 22.80 6.80
29.10 23.10 6.80
28.20 21.50 6.50
27.50 21.50 6.80
26.90 20.90 6.20
26.30 20.30 6.50
25.30 19.70 6.50
24.10 18.70 6.50
23.80 18.70 6.20
23.20 17.50 6.20
22.20 18.40 6.20
21.00 16.80 5.20
20.60 17.10 5.20
19.70 15.90 4.90
19.70 15.60 4.90
19.10 15.90 4.90
18.10 14.00 4.30
17.50 14.90 4.90
17.80 14.00 4.30
16.60 13.10 4.00
16.30 13.70 4.00
16.30 12.40 4.00
16.30 13.10 4.00
15.30 11.50 4.00
15.00 11.50 3.70
14.70 11.50 4.00
14.70 10.20 4.00
13.40 11.20 3.70
13.40 10.20 3.40
13.10 10.90 3.40
12.50 9.90 3.40
12.50 9.60 3.70
12.20 10.20 2.70
10.90 8.40 3.40
12.20 9.60 2.70
10.60 7.40 3.40
10.60 9.30 2.70
10.30 8.00 2.70
10.60 7.40 2.40
9.70 8.40 2.70
9.70 5.80 2.10
9.00 8.00 2.40
9.30 6.80 2.10
8.40 6.80 2.40
9.00 7.40 2.40
8.10 5.50 2.40
7.80 6.50 2.40
7.50 5.80 2.10
7.50 5.80 1.50
6.80 6.80 2.10
6.80 5.50 2.10
6.80 5.80 2.10
6.50 5.50 1.20
6.20 5.20 2.40
6.20 5.50 2.10
5.90 5.20 1.50
6.20 5.20 1.20
5.30 4.90 1.20
6.20 4.90 1.50
5.00 4.00 2.10
5.90 4.00 1.50
5.30 4.30 1.50
5.90 3.70 1.20
4.60 4.00 1.20
4.60 4.30 1.20
5.00 3.00 1.50
5.00 4.00 1.50
4.60 3.00 1.50
5.00 3.00 0.80
4.00 3.70 1.50
4.60 3.00 0.80
4.00 3.70 1.50
4.00 3.00 1.20
3.70 3.00 1.50
3.70 3.70 1.50
3.70 3.00 0.80
3.40 2.70 1.20
3.40 3.00 1.20
3.10 2.40 1.50
3.10 2.40 1.20
3.70 3.00 -0.10
3.40 2.10 1.50
3.40 2.70 0.80
2.40 2.40 1.20
3.40 2.40 1.20
2.40 2.40 1.20
3.10 2.10 1.20
2.40 2.10 1.20
3.10 2.40 1.20
2.40 2.40 1.20
3.10 2.40 0.80
2.40 1.50 0.80
2.40 2.10 0.80
2.10 0.80 0.80
2.40 2.70 0.80
2025 2 5 8 1 30 405
196.86 204.96 200.29 72.30 45.10 8.40 383.58 158.89 34.86 23.02 243.79 49.93 284.79 193.49 202.72 208.00
0.20 0.30 0.90
-0.50 0.90 0.00
0.20 -0.70 -0.30
-0.50 1.20 -0.30
0.20 0.30 -0.30
-0.50 0.30 0.00
0.20 0.90 0.00
-0.80 -0.30 -0.30
0.20 1.20 -0.30
-0.50 0.00 0.00
0.20 0.30 -0.30
-0.50 0.90 0.00
0.20 0.00 -0.30
-0.80 0.90 0.00
0.20 0.00 -0.30
0.20 -0.30 0.00
0.50 0.30 -0.30
0.20 -0.30 0.90
0.20 0.90 -0.30
-0.80 -0.30 0.00
0.20 0.90 0.00
-0.50 0.00 0.00
0.20 0.00 0.90
0.20 0.90 0.00
0.20 -0.30 0.00
-0.50 0.90 0.00
0.20 0.00 0.00
0.20 0.00 0.00
0.20 1.20 0.00
-0.50 -0.70 0.00
0.20 0.90 -0.30
-0.50 0.00 0.90
-0.50 -0.30 0.00
-0.50 1.20 0.90
0.20 -0.30 0.00
-0.80 0.00 0.00
0.20 0.30 0.00
-0.50 0.00 0.00
-0.50 0.30 -0.30
0.20 0.30 0.90
0.20 0.30 0.00
-0.50 0.00 0.90
0.20 0.90 0.00
-0.50 -0.30 0.00
0.20 0.90 -0.30
0.20 0.00 -0.30
0.20 0.30 0.00
0.20 0.90 -0.30
0.20 0.00 -0.30
-0.50 0.30 0.90
6.40 -0.30 1.50
19.00 0.30 4.00
38.40 2.80 5.00
59.80 10.00 6.90
72.30 18.80 7.80
72.30 26.00 7.80
72.30 32.60 8.10
72.30 36.70 8.10
72.30 40.40 7.80
72.30 41.10 8.10
72.30 41.70 8.10
72.30 43.30 8.10
72.30 42.90 8.10
72.30 45.10 8.10
72.30 42.60 8.10
72.30 43.30 8.40
72.30 42.90 8.10
72.30 40.40 7.80
72.30 41.70 7.80
72.30 39.50 7.20
72.30 40.10 7.20
72.30 38.20 6.90
72.30 37.00 7.20
72.30 37.60 6.90
72.30 34.50 6.60
72.30 34.50 6.60
72.30 32.90 6.20
72.30 32.60 6.20
72.30 32.60 6.20
72.30 29.80 6.20
72.30 31.30 5.60
72.30 28.80 6.20
72.30 28.50 5.30
72.30 27.60 5.30
72.30 26.60 5.00
72.30 26.60 5.00
72.00 24.10 4.40
69.50 24.40 5.30
67.00 23.80 5.00
65.40 22.20 4.40
63.50 22.90 4.40
61.40 21.00 5.00
59.80 21.30 5.00
58.20 20.40 4.00
56.30 20.00 4.00
54.10 19.70 4.00
53.20 18.80 4.00
51.90 18.80 3.70
50.40 18.20 3.70
49.10 17.20 3.70
47.90 16.90 3.70
46.30 15.70 3.40
45.00 15.70 3.40
43.50 15.00 3.40
42.20 15.00 3.40
41.00 14.40 2.80
40.30 13.80 2.80
38.40 14.10 2.80
38.10 12.20 2.80
36.60 12.20 2.50
35.90 12.80 2.50
34.70 11.60 2.80
34.10 12.20 2.50
32.50 11.60 2.80
31.90 10.30 2.20
30.60 10.90 2.50
29.40 10.00 2.20
29.00 10.00 2.20
28.10 10.30 2.20
27.50 8.80 2.50
26.20 8.80 2.50
25.90 9.40 2.50
25.00 8.10 1.50
24.60 8.80 2.50
23.70 8.40 2.20
21.80 7.50 2.20
21.80 8.40 1.50
20.90 6.90 1.50
20.30 6.90 1.50
19.60 6.90 1.50
19.00 6.90 1.50
18.40 6.60 1.50
17.70 5.90 2.20
17.40 5.90 1.50
16.80 5.30 1.50
15.90 5.90 1.50
15.90 5.30 1.50
15.20 5.30 1.50
14.90 5.30 2.20
14.60 3.10 1.50
14.00 5.90 1.20
14.00 3.10 1.20
14.00 5.00 1.20
13.00 5.30 1.50
13.00 2.80 1.20
12.10 5.30 0.90
13.00 2.80 1.20
10.50 4.00 1.20
10.80 4.00 0.90
10.50 3.10 1.50
10.50 5.00 1.20
9.60 2.50 0.90
9.30 3.70 0.90
9.00 2.50 0.90
9.30 3.10 0.90
8.30 3.70 1.20
9.00 2.50 0.90
8.00 3.70 0.90
8.00 2.50 0.90
7.70 2.50 1.20
8.00 3.10 0.90
7.40 1.20 0.00
7.40 3.70 0.90
6.40 2.20 1.20
6.80 2.50 0.90
6.40 2.50 0.90
6.80 1.50 0.90
6.10 2.80 1.20
5.80 2.20 0.00
6.10 2.20 0.00
5.80 2.20 0.90
5.80 2.20 0.90
5.80 2.20 -0.30
5.20 1.20 0.90
5.80 2.50 0.00
5.20 1.20 0.00
5.20 2.20 0.00
4.90 2.20 0.00
4.60 1.20 0.90
4.90 2.20 0.90
4.60 1.20 0.00
3.90 1.50 0.90
4.60 1.50 0.90
3.90 1.20 1.20
3.90 1.20 0.00
3.60 1.20 0.90
3.60 1.20 -0.30
3.30 1.20 0.00
3.60 1.20 0.90
3.30 1.20 -0.30
3.60 0.90 0.00
3.60 0.90 0.00
3.30 1.20 0.00
3.00 0.30 0.00
3.00 1.20 0.00
2.40 0.90 0.00
3.30 1.20 0.90
2.40 1.20 0.90
3.00 0.90 0.00
2.40 0.90 0.00
2025 2 5 8 3 48 69
203.15 203.46 193.14 36.00 15.80 9.70 123.22 54.64 35.50 29.54 140.77 13.56 192.00 201.39 205.39 199.20
0.30 -0.60 -0.30
-0.40 -0.60 -0.30
0.30 -0.60 0.00
0.30 0.10 0.00
-0.40 -0.60 0.00
-0.40 -0.60 0.00
-0.40 0.40 0.00
-0.40 -0.20 0.00
0.30 0.40 0.00
-0.40 0.10 0.00
0.30 0.10 0.00
-0.70 -0.20 0.00
0.30 0.10 0.00
-0.70 0.40 -0.30
0.30 0.40 -0.30
-0.70 0.40 -0.30
0.30 -0.20 0.00
-0.40 1.00 0.00
0.30 0.40 -0.30
-0.40 0.40 0.00
-0.40 0.40 -0.30
-0.40 0.10 0.00
0.30 1.30 0.00
-0.40 -0.60 -0.30
-0.40 0.40 -0.30
-0.40 -0.20 -0.30
-0.40 -0.60 0.00
-0.40 0.40 0.00
-0.40 -1.50 0.00
-0.40 0.40 0.00
-0.40 -0.20 -0.30
-0.40 -0.60 -0.30
-0.40 -0.20 0.00
-0.70 -1.20 -0.30
0.60 0.40 -0.30
-0.40 -0.60 0.00
0.30 0.40 -0.30
0.30 -0.60 0.00
-0.40 0.40 0.00
-0.40 0.40 -0.30
0.60 -0.60 -0.30
-0.40 1.60 0.00
-0.70 -0.20 0.00
-0.40 1.00 -0.30
0.30 0.40 0.00
-0.40 -0.60 0.00
0.60 1.30 -0.30
-0.70 -0.60 0.00
0.30 1.00 1.20
-0.40 0.40 3.80
0.30 -0.20 5.30
0.90 1.30 6.30
6.20 1.30 7.80
10.90 5.10 8.50
17.50 7.00 9.40
21.90 10.10 9.70
28.20 12.60 8.80
31.30 12.60 8.50
33.80 15.10 8.50
35.40 13.20 8.80
35.40 15.10 8.50
35.40 15.40 8.50
36.00 14.50 8.50
35.40 15.80 8.10
35.10 15.10 7.80
33.80 15.80 7.80
33.50 15.80 7.80
32.30 14.20 7.20
31.30 15.10 6.60
30.70 13.90 6.60
29.80 13.90 6.30
29.10 13.20 6.30
28.50 13.20 6.30
27.60 12.60 6.30
26.90 12.60 6.60
26.60 12.60 6.30
25.40 11.00 5.60
25.40 11.40 6.30
25.40 11.00 5.60
24.10 10.10 6.30
24.10 10.40 5.30
23.20 8.90 5.60
22.20 9.80 4.40
21.30 8.50 4.40
20.70 8.20 4.40
19.40 8.90 5.00
19.40 8.20 5.00
19.10 7.60 4.10
18.50 8.20 4.10
17.50 7.00 4.40
17.50 7.60 4.10
16.90 7.60 4.40
16.60 7.00 4.10
15.90 7.00 4.10
15.30 7.00 3.80
14.70 6.00 3.80
14.70 7.00 3.80
13.80 5.70 3.40
13.80 6.00 3.80
13.40 5.70 2.80
13.40 5.10 3.40
12.50 5.40 2.80
12.50 5.40 2.80
10.60 4.50 2.80
10.90 5.10 2.80
10.90 3.80 3.40
10.30 4.50 2.50
9.70 3.80 2.50
9.70 4.10 2.80
9.40 4.10 2.50
9.40 3.80 2.20
8.40 3.80 2.50
9.00 2.90 2.20
8.10 3.20 2.20
8.40 3.80 2.20
7.50 3.20 2.20
7.80 4.10 2.20
7.50 2.30 2.50
6.80 3.80 2.20
6.80 3.20 2.20
6.50 2.90 1.60
6.50 3.20 2.20
6.50 2.60 1.20
5.90 3.20 2.20
6.20 2.60 1.60
5.30 2.90 1.60
5.90 2.90 1.60
5.30 2.30 1.60
5.30 3.20 1.20
5.30 1.30 1.20
5.30 3.20 1.20
4.70 1.30 1.20
5.30 2.30 1.20
4.00 2.60 1.60
4.70 1.00 1.20
4.00 2.60 1.20
4.70 1.30 1.20
3.40 1.30 1.20
4.00 2.60 0.90
3.70 1.30 1.60
3.70 2.60 1.20
3.70 1.30 0.90
3.70 2.30 1.20
3.10 1.30 1.20
3.40 1.30 0.90
3.10 2.30 0.90
3.40 1.00 1.20
3.10 2.90 1.20
3.70 0.40 1.20
2.50 1.60 0.90
3.10 2.30 0.90
2.50 1.00 1.20
2.50 2.60 1.60
2.50 0.40 0.90
2.50 1.30 1.20
2.50 1.00 1.20
2.50 1.00 1.20
2.50 1.00 1.20
2.10 0.10 0.90
2.10 1.30 1.20
2.10 -0.20 0.90
2.10 1.00 1.20
2.50 0.40 0.90
2.10 0.10 1.20
2.10 1.30 0.90
1.80 -0.60 1.20
2.50 1.00 1.20
2.10 1.00 1.60
2.10 0.10 1.20
1.80 0.40 1.20
1.80 1.30 0.90
1.80 0.40 1.20
0.90 1.00 0.90
0.60 1.30 0.90
1.80 1.00 1.20
1.80 1.30 1.20
0.90 1.00 0.90
0.60 0.40 0.90
1.80 1.60 0.00
0.60 0.10 1.20
0.90 1.30 1.20
0.60 0.40 1.20
0.90 0.10 0.90
0.90 1.30 0.90
0.90 -0.20 1.20
0.60 0.10 1.20
0.90 0.40 1.20
0.60 -0.20 1.20
0.90 0.40 0.00
0.60 -0.20 1.20
0.60 0.10 1.20
0.90 0.40 0.90
0.90 0.40 0.00
0.60 0.40 0.90
0.90 0.10 0.00
0.60 1.30 0.00
0.60 -0.20 0.90
0.60 0.40 0.90
0.30 1.00 0.90
-0.40 0.40 0.00
2025 2 5 8 9 32 28
197.56 203.90 200.21 14.70 15.10 72.30 50.38 51.07 244.51 17.80 243.47 25.32 194.94 200.86 208.43 197.27
0.20 0.10 0.80
0.20 -0.50 -0.10
0.20 0.40 0.80
0.20 0.40 -0.10
-0.40 0.10 -0.10
0.20 1.00 0.80
-0.40 -0.20 -0.10
-0.40 0.40 -0.40
-0.40 0.10 -0.10
-0.40 0.40 -0.10
-0.70 0.10 -0.40
0.20 0.10 -0.40
-0.40 0.40 -0.10
0.20 0.10 -0.10
-0.40 1.00 -0.10
-0.40 0.10 -0.10
-0.40 0.40 -0.10
0.20 1.00 -0.10
-0.70 0.10 -0.40
0.60 0.40 -0.10
-0.40 0.10 -0.10
0.60 -0.20 -0.10
-0.40 0.40 -0.10
-0.40 0.10 -0.10
-0.40 0.10 -0.10
0.20 0.40 0.80
-0.70 -0.20 -0.10
0.20 0.40 -0.40
-0.40 -0.20 -0.10
-0.40 -0.20 -0.10
-0.40 0.40 -0.40
-0.40 0.10 -0.10
-0.40 1.00 -0.10
0.20 0.10 -0.10
-0.70 -0.20 -0.10
-0.40 1.00 -0.10
-0.40 0.10 -0.10
0.20 0.40 0.80
0.20 0.10 0.80
-0.70 1.00 -0.40
-0.70 0.40 -0.40
0.20 0.10 -0.10
-0.40 0.10 -0.10
-0.40 0.40 -0.10
-0.40 -0.20 -0.10
-0.40 0.10 -0.10
-0.40 0.10 -0.10
0.20 1.00 -0.10
-0.70 0.40 0.80
0.20 0.10 1.10
0.90 0.40 13.40
3.40 0.10 33.40
5.90 1.70 47.90
8.40 3.90 60.10
9.00 5.40 65.70
10.90 8.60 69.80
12.20 9.80 71.40
13.40 12.30 72.30
14.00 12.30 71.40
14.70 13.30 71.10
14.00 13.30 70.10
14.00 13.90 68.60
14.00 15.10 66.40
13.70 13.90 64.20
13.10 13.30 62.60
13.10 13.90 61.00
13.10 13.30 60.10
13.10 14.20 58.50
11.20 12.60 57.30
12.20 13.30 55.70
10.60 13.30 53.50
10.90 11.70 51.60
10.60 12.60 50.70
10.60 11.70 49.70
9.70 11.70 47.20
10.30 11.70 47.20
9.70 10.10 46.60
10.30 11.10 46.30
9.30 9.80 44.40
9.70 10.40 42.80
9.00 9.50 41.30
9.30 9.80 40.70
8.40 9.50 38.80
8.10 8.60 38.10
8.10 9.50 36.90
8.10 7.60 35.60
7.80 8.20 35.00
7.50 8.20 34.10
6.80 6.70 33.40
7.50 8.20 31.60
6.50 6.70 30.90
6.80 7.00 30.00
6.20 7.00 29.40
6.50 5.40 27.80
6.50 6.00 27.20
6.20 5.70 26.50
6.20 5.40 25.60
6.20 5.40 25.00
5.90 5.40 24.30
4.90 5.40 23.40
4.90 5.40 23.40
5.30 5.10 22.80
4.60 3.90 20.90
4.90 5.40 20.60
4.60 4.20 20.60
4.60 3.90 19.30
4.00 4.20 18.70
4.60 3.90 18.10
4.00 4.20 17.70
4.00 4.20 16.80
3.70 3.20 16.80
4.00 3.90 16.50
3.70 3.20 15.60
3.40 2.90 15.60
3.40 3.20 14.90
3.40 2.90 14.30
3.40 2.60 14.30
3.40 3.90 13.70
3.10 2.30 13.40
3.40 2.90 12.70
2.40 2.90 12.40
3.10 1.70 11.50
3.10 2.90 12.10
3.10 2.30 10.80
2.40 2.30 10.50
3.10 2.90 10.50
2.40 1.70 9.90
2.40 3.20 9.90
2.40 1.70 9.60
2.40 2.60 9.60
2.10 1.70 8.30
2.40 2.30 8.30
2.10 2.30 8.70
2.40 1.70 8.70
2.10 2.90 8.00
1.80 1.30 8.00
1.80 2.30 7.70
2.40 2.30 8.00
1.80 0.40 7.70
2.40 2.90 6.80
1.80 0.10 6.80
2.10 1.70 6.50
1.80 1.70 6.80
1.80 1.00 6.10
0.90 2.30 6.50
1.80 0.40 6.10
0.90 1.30 5.50
1.80 1.30 6.10
0.90 1.00 5.50
0.90 1.30 5.20
0.90 0.10 5.50
1.80 1.30 4.90
0.90 1.30 4.90
1.80 0.40 4.90
0.60 1.30 4.90
0.90 1.00 3.90
0.90 1.00 4.90
0.60 1.00 3.90
0.90 1.00 3.90
0.60 2.30 3.90
0.60 -0.20 3.90
0.60 1.30 3.90
0.60 0.10 3.60
0.60 1.00 3.60
0.60 1.30 3.30
0.90 0.40 3.30
0.60 1.30 3.30
0.60 0.10 2.70
0.20 1.00 3.30
0.60 1.00 3.30
0.60 0.40 3.60
0.90 1.30 2.70
0.60 -0.20 3.30
0.90 1.00 2.70
0.20 0.40 3.30
0.60 0.10 2.40
0.60 1.00 3.30
0.90 0.10 2.40
0.20 0.10 2.40
0.60 1.00 2.10
0.60 0.40 2.10
0.90 0.40 2.40
0.20 0.40 2.40
0.20 0.40 2.10
0.20 0.40 2.40
0.60 0.40 2.40
-0.40 -0.20 2.10
0.60 1.00 2.10
0.20 0.10 2.10
0.60 0.10 2.10
0.20 0.40 2.10
0.20 0.10 1.10
0.20 1.00 2.40
0.60 0.10 1.40
0.20 0.10 1.10
0.60 0.10 1.40
0.20 -0.20 2.10
0.20 1.00 1.10
0.20 -0.50 1.40
0.60 1.00 1.40
2025 2 5 8 12 23 20
191.76 191.10 200.38 29.20 8.70 61.80 103.58 24.56 221.99 25.39 323.21 28.00 259.60 191.16 199.82 197.53
0.30 0.50 0.00
0.30 0.20 1.00
0.30 0.20 -0.30
-0.30 -0.10 -0.30
0.30 -0.10 1.00
-0.30 0.20 -0.30
0.30 -0.40 0.00
-0.30 -0.10 -0.30
-0.30 0.20 -0.30
-0.60 -0.40 0.00
-0.30 -0.40 0.00
-0.30 -0.10 0.00
0.30 -0.40 0.00
-0.30 0.20 -0.30
-0.30 -0.10 0.00
-0.30 0.20 -0.30
-0.60 0.50 0.00
-0.60 -0.10 -0.30
0.30 -0.10 0.00
0.30 0.20 0.00
0.30 -0.10 -0.30
-0.30 0.20 0.00
-0.30 -0.10 0.00
-0.60 -0.10 0.00
0.30 0.20 -0.30
-0.30 0.20 0.00
-0.30 -0.10 0.00
-0.60 0.20 -0.30
0.30 -0.10 -0.30
-0.60 -0.40 -0.30
-0.60 0.50 -0.30
-0.60 -0.40 0.00
-0.30 0.20 -0.30
-0.30 0.20 -0.30
0.30 -0.40 1.00
-0.30 -0.10 0.00
-0.30 -0.40 -0.30
-0.60 0.20 0.00
-0.30 0.20 1.00
-0.30 -0.40 -0.30
-0.30 0.20 1.00
-0.30 -0.10 0.00
-0.30 -0.10 1.00
-0.30 0.20 1.00
-0.30 -0.10 1.00
-0.30 -0.10 0.00
0.30 -0.10 0.00
-0.60 -0.10 0.00
1.00 1.10 1.00
3.80 1.10 1.30
9.40 2.70 11.00
14.80 3.90 25.40
19.50 5.80 36.70
22.30 5.80 46.40
23.60 5.50 51.80
25.10 6.80 57.40
27.60 6.10 59.90
27.90 7.10 61.50
29.20 6.80 61.80
27.90 6.10 61.50
28.30 8.70 61.50
27.60 6.80 60.90
27.90 7.10 59.60
27.00 6.80 58.40
26.70 7.10 57.40
26.10 7.10 56.50
26.40 5.80 55.20
25.10 7.10 53.70
24.80 5.50 52.40
23.90 6.80 50.80
23.90 5.50 49.90
22.30 5.50 48.30
22.30 6.10 47.10
22.00 4.60 45.80
21.00 5.50 44.60
20.40 4.60 43.90
20.40 4.60 43.00
19.80 5.20 41.70
18.50 4.60 40.80
18.20 4.30 38.90
18.20 4.30 38.30
17.90 4.30 37.30
17.00 4.30 36.40
17.00 3.90 35.10
16.30 3.30 33.90
16.00 3.30 33.00
15.40 3.30 31.70
14.80 3.30 30.10
14.80 3.30 29.80
13.50 3.00 28.90
13.80 3.30 28.20
13.20 3.00 27.30
13.20 3.90 26.40
12.30 3.00 25.40
11.30 2.70 25.40
11.00 2.70 24.20
11.00 2.70 23.50
10.70 3.00 22.90
10.70 2.70 21.30
10.40 2.40 21.00
9.70 2.70 21.00
9.40 1.40 20.10
9.40 2.70 19.50
8.50 1.80 18.80
8.50 1.80 18.50
8.20 2.40 17.90
8.50 1.80 17.00
7.60 2.40 17.00
8.50 1.40 16.30
7.60 1.80 15.70
7.90 1.40 15.70
6.90 1.10 14.40
6.90 1.80 14.40
6.60 0.50 14.40
6.60 2.40 14.10
6.60 1.10 13.80
6.30 1.40 13.50
6.30 1.80 12.60
6.30 0.50 12.60
6.00 1.40 11.60
6.00 1.40 11.00
5.40 1.10 11.60
6.00 1.40 10.70
5.00 0.20 10.70
5.00 1.40 10.00
4.70 1.10 10.00
4.70 0.50 9.40
4.10 1.10 9.40
5.00 1.40 9.40
4.10 1.40 8.80
4.10 1.10 8.50
3.80 0.50 8.20
3.80 1.40 8.20
3.50 0.50 8.20
4.10 0.50 7.90
3.80 0.50 7.90
3.80 0.50 7.20
3.20 1.10 7.20
3.50 0.20 7.90
3.20 1.10 7.20
3.50 1.10 6.90
3.20 0.20 6.30
2.50 1.10 6.90
3.20 -0.10 6.30
3.50 1.10 5.70
2.50 0.20 6.30
2.50 0.20 6.30
2.20 1.10 6.30
2.50 0.20 5.70
2.20 0.20 5.30
2.50 0.20 5.30
2.20 0.20 5.00
2.20 0.50 5.30
2.50 -0.10 4.40
2.20 0.50 5.00
1.90 0.20 4.40
1.90 0.50 4.40
1.00 -0.10 4.40
2.20 0.20 4.10
1.90 0.20 3.80
2.20 -0.10 4.10
0.70 0.20 3.80
1.90 0.20 3.80
0.70 -0.10 3.80
1.90 1.40 3.50
0.70 -0.10 3.80
1.00 -0.10 3.50
1.00 1.10 2.80
0.70 -0.10 3.50
0.70 0.20 2.80
1.90 0.20 2.80
0.70 -0.10 2.50
1.00 0.50 2.80
0.70 -0.10 3.50
1.00 -0.10 2.50
0.70 0.20 2.20
0.70 -0.10 2.50
1.00 0.20 2.80
0.70 0.20 2.50
0.70 0.20 2.20
1.00 0.20 2.50
0.70 -0.10 2.20
0.70 0.20 2.20
0.30 -0.40 2.50
1.00 1.40 2.20
0.70 -0.40 2.20
1.00 0.20 1.60
0.30 0.50 1.60
1.00 -0.40 2.20
0.70 0.20 2.20
0.70 -0.10 1.60
0.70 -0.10 1.60
0.30 0.20 1.60
0.70 -0.40 2.20
0.70 0.20 1.60
0.30 -0.40 1.60
1.00 0.20 1.60
0.70 -0.10 2.20
0.70 0.20 1.60
0.30 -0.10 1.00
2025 2 5 8 24 15 401
196.58 201.91 205.75 42.90 32.70 47.30 156.63 120.97 172.17 28.33 287.43 31.31 282.29 193.83 200.50 203.49
-0.10 -0.30 -0.10
-0.70 -0.30 -0.10
0.50 -0.30 -0.10
-0.40 0.00 -0.10
-0.10 -0.30 -0.10
-0.70 -0.30 -0.40
-0.10 0.40 -0.10
-0.40 -0.60 0.90
-0.10 0.00 -0.10
-0.10 -0.60 -0.40
-0.10 -0.30 -0.10
-0.40 0.00 -0.10
0.50 -0.30 -0.10
-0.40 -0.30 -0.10
0.50 0.40 -0.40
-0.40 -0.60 -0.40
-0.10 -0.30 -0.10
-0.10 -0.30 -0.10
-0.10 -0.30 -0.10
-0.40 0.00 -0.10
-0.10 -0.30 -0.10
-0.10 -0.30 -0.10
-0.10 0.00 -0.10
-0.40 0.00 -0.10
-0.10 0.40 -0.10
-0.10 -0.30 -0.10
-0.10 0.00 -0.10
-0.10 0.00 -0.10
-0.10 -0.30 -0.10
-0.10 0.00 -0.10
-0.10 -0.30 -0.40
-0.40 0.00 0.90
-0.40 -0.30 -0.10
-0.10 -0.30 0.90
0.50 0.40 -0.10
-0.10 -0.60 -0.10
0.50 0.40 -0.40
0.50 -0.60 -0.40
-0.10 0.00 -0.10
-0.10 -0.30 -0.10
0.50 0.00 -0.40
-0.10 0.40 -0.10
0.50 -0.30 -0.40
-0.10 -0.30 -0.10
0.50 -0.60 -0.10
-0.10 0.40 -0.10
-0.10 0.40 -0.40
-0.10 -0.60 -0.10
0.50 0.40 -0.40
1.20 -0.60 -0.10
5.50 -0.30 0.90
10.90 2.90 5.60
18.10 5.70 14.40
24.10 13.80 24.10
30.60 18.60 29.70
35.70 22.90 34.40
38.50 26.10 37.30
40.10 27.60 38.20
41.60 29.80 41.30
42.30 31.10 44.20
42.90 32.40 47.00
42.60 32.40 47.00
42.30 31.40 47.30
41.30 32.70 47.00
41.00 32.40 46.70
39.70 31.70 46.40
39.40 31.10 45.40
38.20 30.20 43.80
37.90 30.20 42.90
36.30 28.90 41.60
35.70 28.90 40.70
35.00 28.60 39.50
33.80 27.00 38.20
32.20 26.70 37.90
31.60 25.50 36.90
30.60 25.50 35.40
30.60 24.50 35.10
29.40 22.60 34.40
28.80 23.90 33.50
27.80 22.60 32.90
27.80 22.30 31.60
26.60 21.40 31.00
25.60 21.40 29.40
24.40 20.10 28.80
24.10 19.80 28.20
23.70 19.50 27.20
23.40 18.60 26.90
22.50 18.20 25.60
21.50 18.20 25.00
21.20 17.00 24.40
20.60 17.30 23.50
19.70 15.40 22.80
19.70 15.40 21.60
18.40 15.40 20.90
18.70 14.50 20.60
17.20 14.50 20.60
17.80 13.80 19.40
16.50 12.90 19.40
16.50 14.20 18.40
15.60 12.60 18.10
15.30 12.30 18.10
15.00 12.30 17.80
14.30 11.60 16.50
13.70 11.60 16.20
14.00 11.30 16.20
13.40 10.10 15.30
13.40 11.30 15.30
11.50 9.80 14.00
11.50 10.10 13.70
11.20 9.50 13.70
10.90 8.80 12.80
10.60 9.80 12.50
10.60 7.60 12.50
9.60 8.80 12.50
9.60 7.60 11.50
9.60 8.50 10.90
9.60 8.50 10.90
8.70 6.90 10.60
9.30 8.50 9.60
8.40 6.60 10.00
8.70 7.60 9.30
8.10 6.60 8.70
8.10 6.60 8.40
7.70 7.60 8.40
7.70 5.40 8.40
7.10 6.60 8.40
6.80 5.70 8.10
6.80 5.70 8.10
6.80 5.70 7.80
6.20 4.40 7.80
6.80 6.00 6.80
6.20 4.40 7.10
5.50 6.00 6.80
5.50 5.40 6.50
6.20 5.10 6.80
5.20 5.70 6.20
6.20 4.40 6.50
5.20 4.40 6.50
5.20 5.10 6.20
5.20 4.10 6.20
4.90 5.10 5.60
4.90 3.80 5.60
4.90 4.40 4.90
4.30 4.10 4.90
4.90 3.80 5.30
4.30 4.10 4.90
5.20 3.80 4.90
4.30 3.20 4.90
4.90 3.80 4.90
4.30 3.20 4.30
4.00 2.90 4.00
3.70 2.90 4.00
3.70 3.20 4.00
3.40 2.90 4.00
4.30 2.90 4.00
3.40 2.90 3.70
4.00 2.90 3.70
3.70 2.60 3.40
3.70 2.90 3.70
3.70 2.60 3.40
3.40 2.90 3.70
2.70 2.60 3.40
3.40 2.60 2.70
2.70 2.20 2.70
3.40 2.20 2.70
2.70 2.20 2.70
2.70 2.60 3.40
2.40 1.60 2.70
2.40 2.20 2.40
2.10 1.60 2.70
2.70 2.20 2.40
2.40 1.60 2.10
2.70 1.60 2.10
2.10 1.30 2.10
2.40 1.60 2.10
2.40 1.60 2.10
2.10 1.30 2.10
2.10 1.30 2.10
2.10 2.20 1.50
2.40 1.00 1.50
2.40 1.60 1.20
2.10 1.00 1.50
2.70 1.30 1.50
2.10 1.60 1.50
2.40 0.40 1.20
2.10 2.20 2.10
2.10 1.00 1.20
1.20 1.00 1.50
2.40 2.20 1.50
2.10 -0.60 1.50
2.10 2.20 0.90
1.20 0.40 1.50
0.80 0.40 1.50
1.20 1.30 1.20
1.20 -0.30 1.50
1.20 2.20 1.20
2.40 -0.30 1.20
1.20 0.40 1.20
2.10 1.30 0.90
1.20 -0.30 1.50
2025 2 5 8 32 22 775
191.32 192.83 189.07 24.10 6.90 8.60 85.23 19.84 31.56 8.16 169.01 51.54 240.68 191.48 207.90 197.54
0.30 0.00 0.10
-0.30 -0.30 0.10
0.30 -0.30 -0.20
-0.30 0.00 -0.20
-0.30 -0.30 -0.20
-0.30 0.30 0.10
0.30 -0.30 1.10
-0.70 -0.30 0.10
-0.30 0.30 0.10
-0.70 -0.60 0.10
0.60 -0.30 0.10
-0.30 -0.30 0.10
0.30 -0.30 0.10
-0.30 -0.30 -0.20
-0.30 -0.30 0.10
-0.70 0.00 -0.20
-0.30 -0.30 -0.20
-0.30 0.00 0.10
0.30 -0.60 -0.20
-0.30 0.00 0.10
0.30 0.30 -0.20
-0.70 -0.60 -0.20
0.30 0.00 -0.20
-0.70 -0.60 0.10
-0.30 0.00 -0.20
-0.30 0.00 0.10
0.30 -0.30 0.10
0.30 0.00 0.10
0.60 0.00 -0.20
-0.30 -0.30 -0.20
0.30 -0.60 -0.20
-0.30 -0.30 -0.20
0.30 0.00 -0.20
0.30 0.30 0.10
0.30 0.00 -0.20
0.30 -0.30 0.10
0.30 0.30 -0.20
0.30 0.00 0.10
0.90 0.00 0.10
-0.30 0.00 -0.20
0.30 0.00 -0.20
-0.30 -0.60 0.10
0.60 0.30 0.10
0.30 -0.60 0.10
0.30 -0.30 -0.20
-0.30 0.00 -0.20
0.30 -0.60 -0.20
-0.30 0.30 1.40
0.90 0.30 2.60
3.70 1.00 4.50
8.10 1.60 5.80
13.10 2.50 7.00
16.60 3.20 7.30
20.40 4.40 8.00
21.00 5.40 8.30
21.30 5.40 8.60
22.20 6.00 8.30
23.20 6.60 8.60
23.50 6.00 8.00
23.80 6.60 8.60
24.10 5.70 8.00
24.10 6.90 8.30
23.80 5.70 8.00
23.50 5.40 8.00
22.20 5.70 7.00
21.90 5.10 7.00
21.90 6.00 7.00
20.70 4.40 6.70
20.70 5.40 6.40
19.70 4.40 6.70
19.70 4.40 6.40
19.10 5.40 6.40
18.20 3.80 5.80
17.80 4.10 5.80
18.50 3.80 6.40
16.90 3.80 5.80
16.90 4.40 5.50
16.60 3.20 5.10
16.60 4.10 5.10
15.30 3.20 5.10
15.30 3.80 5.10
14.10 3.80 4.50
15.00 2.90 4.20
13.80 3.80 4.50
13.50 2.90 4.20
13.10 3.20 4.50
13.10 3.20 4.20
12.20 3.80 3.90
12.20 3.20 4.20
10.60 2.20 3.90
10.60 3.20 3.90
9.70 2.20 3.90
10.60 3.20 3.90
9.70 2.50 3.60
9.40 1.60 3.60
8.40 2.90 3.60
9.10 1.60 2.90
9.10 2.50 2.90
8.40 2.50 2.90
7.80 2.20 2.90
8.40 2.20 2.90
7.50 1.60 3.60
7.50 1.60 2.60
6.90 1.30 2.60
6.90 2.20 2.30
6.60 1.30 2.30
6.60 2.20 2.30
6.20 1.60 2.90
6.60 1.30 2.30
5.90 2.20 2.60
5.90 1.30 2.30
5.30 1.60 2.30
5.90 1.60 2.30
5.30 1.30 2.30
5.30 1.60 1.70
4.70 1.30 2.30
4.70 1.60 2.30
4.70 1.00 1.70
5.00 1.30 1.70
4.00 1.00 1.70
4.00 1.30 1.40
4.00 1.30 1.70
4.00 0.00 1.70
4.00 1.30 1.40
3.40 1.30 1.70
3.40 0.30 1.70
3.70 1.60 1.10
3.10 -0.30 1.40
3.40 1.60 1.70
3.10 1.00 1.70
3.40 0.00 1.70
2.50 1.30 1.70
3.10 0.30 1.70
3.10 1.00 1.40
2.50 0.30 1.10
2.50 0.30 1.40
2.50 1.00 1.10
2.50 1.00 1.40
2.50 1.00 1.40
2.20 -0.30 1.40
2.50 1.30 1.10
2.20 0.00 1.40
2.20 0.30 1.10
2.20 1.00 1.40
0.90 -0.30 1.10
1.80 1.30 1.10
1.80 -0.30 1.40
0.90 0.00 0.10
1.80 1.30 0.10
1.80 -1.20 -0.20
2.20 1.30 1.10
1.80 0.00 1.10
1.80 0.00 1.40
2.20 0.30 1.10
1.80 -0.30 0.10
0.90 0.30 1.40
2.20 0.00 0.10
0.90 0.30 0.10
1.80 0.30 1.10
1.80 -0.30 1.10
0.90 0.30 0.10
0.90 0.00 0.10
2.20 1.00 0.10
0.60 -0.30 0.10
0.90 0.30 -0.20
0.90 0.30 0.10
0.90 -0.60 1.10
0.60 1.00 0.10
0.60 -0.30 0.10
0.60 0.00 1.10
0.90 0.30 0.10
0.60 -0.30 -0.20
0.90 1.30 0.10
0.60 -0.60 0.10
1.80 0.30 0.10
0.30 0.30 0.10
0.60 0.00 0.10
0.60 0.30 -0.20
0.60 -0.60 0.10
0.60 1.00 1.10
0.60 -0.30 0.10
0.60 0.00 -0.20
0.60 -0.60 0.10
0.30 0.00 1.10
0.90 0.30 0.10
0.30 -0.60 0.10
0.90 0.30 -0.20
0.60 0.00 -0.20
0.60 0.30 0.10
0.30 -0.30 0.10
0.60 -0.30 0.10
0.30 -0.30 1.10
0.30 -0.30 0.10
0.30 1.00 -0.20
0.60 -0.30 -0.20
0.30 0.00 0.10
0.30 0.00 -0.20
0.30 -0.30 0.10
0.60 1.00 -0.20
0.30 -0.60 1.10
2025 2 5 8 35 51 879
193.44 194.44 189.00 29.30 22.70 6.80 105.10 83.50 27.84 13.33 150.85 23.66 300.76 192.06 194.76 200.31
-0.20 -0.50 0.90
-0.20 0.10 -0.10
-0.20 0.10 -0.10
-0.20 -0.20 -0.10
-0.50 0.10 0.90
-0.20 -0.50 -0.10
-0.50 -0.50 -0.10
-0.20 1.00 -0.10
-0.80 -0.50 -0.10
-0.20 0.10 -0.40
0.40 -0.20 -0.10
0.40 -0.50 -0.10
-0.50 0.10 -0.10
0.40 -0.50 -0.10
-0.50 -0.20 -0.10
0.40 0.10 -0.40
-0.20 -0.20 -0.10
0.40 -0.20 -0.10
-0.50 -0.20 -0.10
0.40 0.10 -0.40
-0.20 -0.20 -0.10
0.40 0.40 -0.10
-0.50 -0.20 -0.40
-0.20 0.40 -0.40
-0.50 1.00 -0.10
0.40 -0.20 -0.10
-0.50 1.00 -0.10
0.40 0.10 -0.40
-0.20 -0.20 -0.10
-0.20 0.40 -0.40
-0.50 -0.20 -0.10
0.40 1.00 -0.40
-0.50 -0.20 -0.10
-0.20 0.10 -0.40
-0.20 0.40 -0.10
-0.20 -0.20 -0.10
-0.20 1.00 -0.40
-0.50 -1.10 -0.10
-0.20 0.40 -0.10
-0.50 -0.20 -0.10
-0.20 0.10 -0.40
0.40 0.40 -0.10
0.40 -0.50 0.90
-0.20 1.00 -0.40
0.40 -0.50 -0.40
0.40 0.10 -0.10
-0.20 0.40 -0.40
-0.50 -0.50 1.20
0.40 1.00 2.40
3.90 0.40 4.30
6.40 3.20 4.90
12.30 8.90 6.20
16.40 12.30 6.80
20.80 16.10 6.80
25.20 18.60 6.80
28.00 20.20 6.80
28.00 21.10 6.80
29.30 21.10 6.80
28.70 21.80 6.50
28.70 21.80 6.20
29.30 22.70 6.80
29.30 22.40 6.50
28.00 21.80 6.20
28.30 21.80 6.20
27.70 21.10 6.20
27.10 20.50 6.20
26.80 20.20 5.60
25.50 20.20 5.60
25.20 19.90 5.20
24.90 19.90 4.90
23.60 18.60 4.90
23.30 18.60 5.20
22.40 17.40 5.20
22.10 17.00 4.90
21.40 17.00 4.90
21.10 15.80 4.30
20.50 15.80 4.30
20.50 15.50 4.90
19.60 14.50 4.30
19.60 14.50 3.70
18.30 14.20 4.00
18.00 13.90 4.00
17.10 13.00 3.70
16.70 13.30 3.70
15.50 12.70 3.70
16.10 11.70 3.40
15.20 12.30 3.70
15.20 11.10 3.40
14.20 11.40 3.40
14.20 11.40 3.40
13.60 9.50 2.70
13.60 11.40 2.40
13.30 8.90 2.70
12.70 9.80 2.40
11.40 9.80 2.70
11.40 8.30 2.40
11.10 9.80 2.10
11.10 8.30 2.70
10.80 8.60 2.70
10.80 8.90 2.40
10.50 7.00 1.50
10.50 8.30 2.10
9.20 7.00 2.40
9.50 8.90 2.10
9.20 7.00 2.40
9.20 8.30 2.10
8.30 7.60 2.10
8.30 6.10 2.40
8.00 8.30 2.10
7.60 6.10 2.10
7.00 6.70 2.10
8.00 7.00 2.10
6.70 5.40 1.50
7.00 7.00 2.10
6.40 5.40 1.50
6.70 6.10 1.50
6.40 5.80 2.10
6.40 5.10 1.50
5.40 5.80 1.50
6.10 4.20 2.10
5.40 5.40 1.50
5.10 5.10 2.10
5.10 4.20 1.50
5.10 5.10 2.10
4.80 3.90 2.10
5.10 5.40 1.20
4.20 2.90 1.50
4.20 4.50 1.20
4.20 4.20 1.50
4.80 2.90 1.50
4.20 4.50 1.50
4.20 2.60 1.20
3.60 3.20 1.50
3.60 3.90 1.20
3.30 2.60 1.20
3.60 3.90 1.20
3.60 2.30 0.90
3.60 2.90 1.20
3.30 2.60 1.50
3.60 2.90 1.20
3.30 2.30 0.90
3.30 2.90 0.90
2.60 1.70 1.20
3.30 2.30 0.90
3.30 2.90 0.90
2.60 1.00 1.20
2.60 2.90 0.90
2.60 2.30 0.90
2.60 1.40 0.90
2.60 2.60 0.90
2.00 1.40 0.90
2.30 2.60 -0.10
2.30 1.40 0.90
2.30 2.30 0.90
2.30 1.40 -0.10
2.60 1.70 0.90
2.00 1.70 -0.10
2.30 0.40 -0.10
2.00 2.60 -0.10
2.00 1.40 0.90
2.00 1.40 1.20
2.30 1.40 0.90
0.70 0.10 1.20
1.10 2.60 1.20
1.10 0.10 1.20
1.10 1.00 0.90
1.10 1.40 0.90
1.10 0.40 0.90
0.70 2.30 0.90
1.10 0.40 0.90
0.70 1.70 0.90
1.10 1.40 0.90
0.40 0.40 -0.10
1.10 1.70 0.90
0.70 0.40 -0.10
1.10 1.70 -0.10
0.70 0.10 -0.40
1.10 1.40 0.90
0.40 1.40 0.90
0.40 0.40 0.90
0.70 1.40 -0.10
2.00 0.10 -0.10
0.70 1.00 0.90
0.70 1.40 0.90
0.40 0.10 0.90
0.70 1.70 0.90
0.70 0.10 0.90
0.70 1.40 0.90
0.40 1.00 1.20
0.70 -0.20 0.90
0.40 1.40 0.90
0.70 0.10 0.90
-0.20 1.00 1.20
0.70 0.40 1.20
0.40 -0.20 1.20
0.40 1.00 1.50
0.40 -0.20 0.90
0.70 0.40 0.90
0.40 0.40 1.20
1.10 0.40 0.90
2025 2 5 8 52 27 5
192.81 195.54 197.50 35.00 19.90 6.50 127.62 63.11 21.12 14.04 287.41 74.16 302.44 190.95 196.85 210.80
-0.10 -1.70 0.00
0.50 0.80 0.00
-0.10 -0.80 0.90
-0.50 -0.50 -0.40
-0.10 -0.10 -0.40
0.50 -1.40 -0.40
-0.10 0.20 0.00
-0.10 -0.80 -0.40
-0.50 -0.10 -0.40
0.50 -0.10 0.00
-0.50 -0.80 -0.40
0.50 -0.10 -0.40
-0.10 -0.80 0.00
0.50 0.80 -0.40
-0.10 -1.40 0.00
0.50 0.20 0.00
-0.50 0.20 0.90
-0.50 -1.40 0.00
-0.10 0.20 -0.40
-0.50 -1.40 0.00
0.50 -0.10 -0.40
-0.10 0.20 -0.40
-0.80 -1.40 0.00
0.50 1.10 0.00
-0.10 -0.80 -0.40
0.50 -0.10 -0.40
-0.10 -0.50 -0.40
0.50 -0.50 0.00
-0.10 0.20 0.00
0.50 -0.80 0.00
-0.10 0.20 0.00
-0.10 -0.80 -0.40
-0.10 -0.80 -0.40
-0.50 0.80 -0.40
-0.50 -1.40 0.00
-0.10 0.20 -0.40
-0.10 -0.80 0.00
-0.10 -0.10 -0.40
-0.10 0.80 0.00
-0.50 -0.80 0.00
-0.10 0.20 0.00
0.50 -0.50 0.00
-0.10 -0.50 -0.40
0.50 -0.10 -0.40
-0.50 -0.50 0.90
-0.10 0.20 0.00
-0.10 -0.80 0.00
0.50 -0.80 0.00
0.50 -0.50 0.00
4.30 0.80 0.90
8.60 2.40 2.50
14.90 5.50 3.70
20.90 8.60 4.30
25.30 11.10 5.30
29.70 14.30 6.50
32.20 16.80 6.20
32.50 17.40 6.20
33.70 19.60 6.50
34.10 19.30 6.50
34.40 19.60 5.60
35.00 19.90 6.20
34.40 19.30 5.60
33.70 19.90 5.60
34.10 19.30 5.60
32.20 18.10 5.30
31.50 19.30 4.30
30.60 18.10 5.30
29.70 17.40 5.00
28.70 17.10 5.00
28.40 15.50 4.00
27.80 15.50 4.30
26.80 15.20 4.00
25.60 14.30 4.00
25.60 14.30 4.00
25.30 13.70 4.00
24.00 13.70 4.00
23.70 13.00 4.00
22.40 12.70 3.70
21.50 12.70 4.00
21.50 12.10 3.70
20.60 11.50 3.70
20.60 11.50 3.70
19.60 10.20 3.40
19.30 11.50 3.40
18.70 9.60 3.40
18.40 10.80 2.80
16.80 9.60 3.70
17.10 8.60 2.80
16.80 10.20 3.40
16.20 8.00 2.80
15.20 9.30 2.50
15.20 8.60 2.80
14.30 7.40 2.50
14.90 8.30 2.50
13.70 7.40 2.80
13.30 8.30 2.50
12.70 6.40 2.80
12.70 7.40 2.50
12.40 6.80 2.20
11.50 6.40 2.20
10.80 7.40 1.50
10.80 5.20 1.50
10.80 5.80 1.50
9.90 5.50 2.20
9.90 5.20 1.50
9.90 6.40 1.50
9.60 3.60 1.50
9.60 5.50 1.50
8.60 4.20 1.20
9.60 4.20 1.50
9.60 5.20 1.50
9.30 3.60 1.50
8.60 4.20 1.50
9.60 4.20 1.20
8.60 3.60 1.50
8.60 3.90 1.50
8.30 3.00 1.50
8.30 4.20 1.20
8.30 2.70 1.50
8.30 3.90 1.20
7.70 2.70 1.20
8.00 3.00 0.90
7.10 3.60 1.20
6.80 2.40 0.90
6.80 2.70 1.20
6.80 2.70 1.20
6.40 2.40 0.90
6.80 2.70 1.20
6.40 2.10 1.20
6.40 2.70 0.00
6.40 2.70 0.90
6.10 2.40 0.90
5.50 2.10 1.20
5.50 2.70 0.00
5.20 1.40 0.90
5.20 2.40 0.90
5.20 1.40 0.90
4.90 2.10 0.00
4.30 2.10 0.90
4.90 1.10 0.00
4.30 1.40 1.20
4.30 1.40 0.00
4.30 2.10 0.00
3.90 1.40 0.90
3.90 1.10 0.00
3.90 2.10 0.00
3.90 1.10 0.90
3.30 1.40 0.90
3.60 0.80 0.90
3.90 1.40 0.90
3.30 1.40 0.90
3.30 0.20 0.00
3.30 1.10 0.00
3.30 0.80 0.00
3.30 0.80 0.90
3.30 1.10 0.00
2.70 -0.10 0.00
2.70 1.10 0.00
2.70 0.80 0.90
2.40 0.80 0.00
2.40 0.80 0.90
2.70 0.20 0.00
2.40 0.80 0.00
2.70 0.80 0.90
2.40 0.20 1.20
2.10 1.10 0.00
2.40 0.20 0.90
2.10 0.20 -0.40
2.10 0.20 0.00
2.10 1.10 0.00
1.10 0.80 0.90
2.10 -0.50 0.00
2.10 0.80 0.00
1.10 -0.10 0.90
1.10 0.80 0.90
2.10 0.80 0.90
0.80 -0.50 0.90
2.40 1.10 -0.40
2.10 -0.50 0.90
2.40 0.80 0.00
2.10 0.20 0.00
1.10 0.20 0.00
1.10 0.20 1.20
1.10 -0.10 -0.40
1.10 -0.50 0.00
2.10 -0.10 0.00
0.80 -0.80 0.00
1.10 0.80 0.00
0.80 -1.70 0.00
2.10 0.20 0.00
0.80 -0.50 0.00
1.10 -0.50 0.00
0.80 0.20 0.00
0.80 -0.50 0.00
1.10 0.80 0.00
0.80 0.80 0.90
0.50 0.20 0.00
0.80 1.10 0.00
0.80 0.20 0.00
2.10 0.20 0.90
2025 2 5 8 54 47 525
196.35 194.30 201.95 72.40 8.30 12.60 270.32 28.74 37.42 17.88 337.30 64.18 267.85 191.81 206.83 205.92
-0.40 -0.20 -0.60
0.20 -0.20 -0.30
-0.70 0.20 -0.60
-0.40 -0.20 -0.60
-0.40 0.20 -0.60
-0.40 -0.50 -0.60
-0.70 0.20 -0.30
-0.40 0.50 -0.60
-0.70 -0.50 -0.60
-0.40 1.40 -0.30
-0.40 -0.50 -0.60
0.20 0.50 -0.30
-0.40 0.20 -0.60
-0.40 -0.20 -0.30
-0.40 1.10 -0.30
-0.40 -0.50 -0.30
-0.40 0.20 -0.60
0.20 0.50 -0.60
0.20 0.20 -0.30
-0.40 0.20 -0.60
-0.40 -0.20 0.70
-0.40 0.50 -0.30
-0.70 -0.50 -0.60
-0.40 1.10 -0.60
-0.40 -0.20 -0.30
0.20 0.50 -0.60
0.20 1.10 0.70
-0.40 -0.50 -0.60
-0.40 1.10 0.70
0.20 0.20 -0.60
-0.40 -0.20 -0.30
-0.40 0.50 -0.60
-0.70 -0.50 -0.60
0.20 0.50 -0.30
-0.40 1.10 -0.30
0.20 0.20 -0.60
-0.40 0.20 -0.30
-0.40 1.40 -0.60
-0.70 0.50 -0.30
0.20 0.50 -0.30
0.20 0.50 -0.30
0.20 0.50 -0.60
0.20 0.50 -0.30
0.20 0.50 -0.60
-0.40 0.20 -0.30
0.20 0.20 -0.30
-0.70 0.20 -0.30
0.20 0.50 -0.60
0.20 0.20 0.70
2.40 0.50 -0.60
9.30 1.40 1.30
19.40 2.70 3.80
31.90 3.30 6.30
44.80 4.60 7.00
55.10 5.80 7.90
62.30 5.80 9.20
68.60 6.10 9.80
72.40 7.10 10.70
72.40 6.10 12.30
72.40 7.70 12.30
72.40 6.70 12.60
72.40 7.70 12.30
72.40 8.30 12.00
72.40 6.70 11.40
72.40 7.70 10.70
71.10 7.70 10.40
68.60 6.70 10.40
67.70 7.10 9.80
66.10 6.70 9.80
63.90 7.10 9.20
62.60 6.70 9.20
61.10 6.10 8.50
59.20 5.50 8.20
58.30 5.80 8.50
56.70 5.50 7.90
56.10 5.50 7.60
54.20 5.80 7.60
53.60 5.20 7.90
52.30 5.20 7.60
51.00 5.50 6.60
49.50 3.90 7.00
48.20 5.50 6.60
46.60 4.20 6.60
45.40 4.20 6.30
43.50 5.20 6.30
42.30 3.30 5.10
40.70 5.20 6.30
39.40 3.90 6.00
37.90 3.90 5.40
37.60 4.60 5.10
36.30 3.30 5.10
35.40 4.60 4.80
34.10 2.40 4.80
32.50 4.60 4.10
31.90 3.30 4.80
31.00 2.70 3.80
29.40 4.20 4.10
29.40 1.70 3.80
28.10 3.00 3.80
27.50 3.00 3.50
25.90 2.70 3.80
25.90 3.30 3.80
25.00 2.40 3.80
24.10 3.00 3.20
23.10 1.70 3.50
23.40 2.70 3.20
21.90 2.40 3.20
21.20 1.40 2.60
20.90 2.70 3.20
20.60 1.40 2.60
19.70 2.70 2.60
19.00 1.40 1.90
18.40 1.70 2.60
18.10 2.40 2.60
17.80 1.10 2.60
17.50 2.40 2.30
16.20 1.10 1.90
16.50 2.40 2.30
15.30 1.40 2.30
15.30 1.10 1.90
14.60 1.70 2.30
14.60 1.40 1.90
13.40 1.70 1.90
13.70 1.40 1.90
12.50 1.40 1.90
13.40 1.40 1.30
12.50 1.40 1.90
11.20 1.40 1.30
10.60 -0.20 1.90
11.20 1.40 1.30
10.60 0.50 1.90
10.30 0.50 1.00
10.30 1.10 1.30
9.60 1.10 1.90
9.30 0.50 1.30
9.00 0.20 1.30
8.40 1.10 1.30
8.40 0.50 1.00
8.40 1.10 1.00
8.10 1.10 1.00
7.70 0.20 1.00
7.70 1.40 1.00
6.80 -0.50 1.30
7.70 0.50 1.00
6.50 0.20 1.30
7.40 -0.20 1.30
6.50 1.70 1.00
6.20 -0.50 0.70
6.20 1.10 1.00
6.20 0.20 1.00
5.20 0.20 1.00
6.20 1.40 1.00
5.90 0.20 0.70
5.20 1.10 0.70
5.20 0.50 1.00
5.20 0.20 -0.30
4.90 0.20 1.00
5.20 0.50 0.70
5.20 0.50 1.30
5.20 0.20 0.70
4.90 1.10 0.70
4.90 0.50 0.70
4.90 -0.20 0.70
4.90 1.40 0.70
4.00 -0.50 1.00
4.60 1.10 0.70
4.00 0.50 1.00
4.60 -0.50 -0.30
4.60 1.40 0.70
4.00 -0.20 0.70
3.70 0.20 -0.30
4.00 1.10 -0.30
3.70 -0.50 1.00
3.40 1.10 -0.30
3.40 0.20 0.70
3.40 0.50 -0.30
2.40 0.20 1.00
3.00 0.20 -0.30
3.00 0.20 0.70
3.40 -0.20 0.70
2.40 1.70 0.70
2.40 0.50 0.70
3.00 1.10 -0.60
3.00 0.50 -0.30
2.10 -0.20 -0.30
2.40 1.40 -0.30
2.10 -0.20 -0.30
2.10 1.10 -0.30
2.10 0.50 -0.30
2.10 -0.20 0.70
2.40 1.70 -0.30
2.10 -0.20 -0.30
0.80 1.40 -0.30
2.10 0.50 -0.60
0.80 -0.20 -0.30
1.80 0.20 -0.30
1.80 -0.20 0.70
1.80 0.20 0.70
1.80 0.20 0.70
1.80 0.20 -0.30
2025 2 5 9 7 11 20
202.72 205.73 196.47 38.10 71.50 19.50 131.47 355.02 67.26 21.11 162.07 8.63 135.34 200.86 200.65 197.76
0.20 0.30 0.00
-0.80 -0.60 -0.30
0.20 0.30 0.90
0.50 0.00 0.00
-0.40 -0.30 -0.30
0.20 1.30 0.00
-0.80 -0.60 0.00
0.20 0.00 -0.30
-0.40 0.00 0.00
-0.40 -0.30 -0.30
0.20 0.30 0.90
0.20 0.00 0.00
-0.40 0.30 0.00
-0.80 0.00 0.00
-0.40 0.00 0.90
-0.40 -0.30 -0.30
-0.40 -0.30 0.00
-0.40 0.00 0.00
-0.80 -0.30 0.00
0.20 0.30 -0.30
-0.80 -0.60 0.00
-0.40 0.30 0.00
-0.40 0.30 0.00
0.20 -0.60 -0.30
-0.80 0.90 0.00
-0.40 -0.30 -0.30
-0.80 0.00 -0.30
0.20 -0.30 0.00
-0.40 0.00 0.00
0.20 0.00 -0.30
-0.40 -0.30 -0.30
-0.40 0.30 0.00
-0.40 -0.30 0.00
0.20 0.30 -0.30
-0.80 -0.30 0.00
0.20 0.00 -0.30
-0.40 0.30 0.00
-0.40 -0.60 -0.30
0.20 0.90 0.00
-0.40 -0.60 0.00
-0.40 -0.30 -0.30
0.20 0.00 0.00
-0.40 -0.60 0.00
0.20 0.30 0.00
-1.10 -0.60 0.00
0.20 0.90 -0.30
-0.40 -0.60 0.00
0.20 0.00 0.00
-0.80 0.30 0.00
-0.40 -0.30 3.50
-0.40 0.30 6.90
1.80 1.30 11.60
6.80 6.00 14.10
14.60 13.80 15.70
19.00 22.60 16.90
25.30 28.90 18.50
29.00 32.90 18.50
33.80 45.50 18.80
35.30 59.60 19.50
36.90 70.60 18.50
36.90 71.50 18.80
38.10 71.50 18.20
36.90 71.50 17.90
37.50 71.50 17.90
37.50 71.50 16.90
36.60 71.50 16.60
36.00 71.50 15.70
35.00 71.50 15.40
34.10 71.50 15.10
33.40 71.50 14.40
31.90 71.50 14.10
31.20 71.50 13.80
30.30 71.50 13.80
29.70 71.50 12.90
29.00 71.50 12.90
27.80 71.50 13.50
26.90 71.50 12.60
27.80 71.50 12.20
26.20 71.50 12.20
26.20 71.50 12.20
25.00 71.50 11.00
24.70 71.50 10.70
23.70 71.50 10.00
23.40 71.50 10.70
22.10 71.50 9.70
21.20 69.00 9.40
20.90 67.40 8.50
20.30 66.80 8.80
19.60 64.30 8.80
19.30 63.40 8.20
19.00 59.90 8.20
18.10 59.00 8.20
17.40 56.80 8.20
16.80 55.50 7.80
16.80 54.30 7.20
16.20 52.40 7.20
16.50 50.50 6.60
15.90 49.60 6.90
14.60 48.30 6.90
14.90 46.70 6.30
13.70 45.50 6.30
13.70 43.90 5.70
13.40 42.40 6.30
13.40 41.70 5.70
13.00 39.80 5.30
12.10 39.50 5.30
11.20 38.30 5.30
11.20 36.10 4.40
10.50 37.00 5.00
10.50 34.50 4.40
10.20 34.20 4.40
9.60 33.30 4.40
9.00 31.70 4.40
9.60 31.70 4.40
9.00 29.80 4.40
8.30 30.10 4.10
8.00 28.20 3.80
8.00 28.50 4.10
7.70 27.00 3.80
7.70 25.40 3.80
7.40 26.00 3.80
7.40 22.90 3.80
6.50 24.20 3.80
6.80 22.90 3.50
6.50 21.60 3.50
6.50 22.30 3.50
6.10 19.80 2.80
6.10 21.00 2.80
5.80 18.80 2.80
5.80 18.80 2.80
5.20 18.50 3.50
5.80 17.30 2.80
4.90 17.60 2.50
4.90 16.90 2.20
4.60 16.90 2.20
4.90 15.10 2.20
4.60 15.40 2.20
4.60 15.40 2.50
4.00 13.20 2.20
4.60 15.40 2.20
3.60 12.90 2.20
4.00 13.20 2.20
3.30 13.80 2.20
4.00 11.30 2.20
3.30 12.90 1.60
3.30 11.30 2.20
3.00 11.30 1.60
3.30 11.30 1.60
3.00 9.70 1.60
3.30 10.40 2.20
3.00 9.70 1.60
3.30 9.70 2.20
3.00 8.80 2.20
3.00 9.70 1.30
2.40 9.70 1.60
2.40 8.20 1.30
2.40 8.50 1.30
2.40 7.50 0.90
2.10 8.20 1.30
2.40 8.50 1.60
2.10 6.90 1.30
2.10 8.50 1.30
1.80 7.50 1.30
2.40 8.20 1.30
0.80 7.50 1.30
1.80 6.60 1.30
1.80 7.50 0.90
1.80 6.90 1.30
0.80 6.00 1.30
2.10 7.50 0.90
1.80 6.60 1.30
0.80 5.60 0.90
0.80 6.60 0.90
1.80 6.00 0.00
0.50 6.00 0.90
0.80 6.60 0.00
0.80 5.30 0.90
0.80 5.60 0.00
0.50 5.30 0.90
0.80 5.00 0.90
0.80 5.30 0.90
0.50 5.00 0.90
0.20 5.30 0.00
0.50 5.00 -0.30
0.20 4.40 0.90
0.50 5.30 0.00
0.50 4.10 0.00
0.80 5.00 -0.30
0.50 4.10 0.00
0.80 4.40 0.90
0.50 4.40 0.90
0.80 4.10 0.00
0.20 5.00 0.90
0.50 4.40 0.00
-0.40 4.10 0.90
0.50 4.10 0.90
0.20 3.10 0.00
0.50 5.00 0.90
0.50 3.10 -0.30
0.50 4.40 0.00
2025 2 5 9 7 38 407
187.84 193.85 197.89 10.90 49.80 8.20 41.10 172.14 21.22 31.52 286.64 50.82 319.82 190.93 190.73 206.73
-0.30 -0.10 -0.60
-0.70 -0.40 -0.90
-0.30 -0.10 -0.60
0.30 -0.10 -0.90
0.30 -0.70 -0.90
0.30 0.20 -0.90
-0.30 -0.70 -0.90
0.30 0.20 -0.90
-0.30 -0.40 -0.60
0.30 -0.70 -0.90
0.30 -0.40 -0.60
0.30 -0.40 -0.90
-0.30 -0.40 -0.60
0.30 -0.10 -0.90
-0.30 -0.10 -0.90
-0.70 -0.70 -0.90
-0.30 -0.40 -0.90
0.30 -0.10 -0.90
-0.70 -0.70 -0.60
0.30 0.20 -0.90
-0.30 -0.70 -0.90
0.30 -0.10 -0.90
0.30 -0.10 -0.60
0.30 -0.70 -0.90
-0.30 0.20 -0.90
-0.30 -0.40 -0.60
0.30 -0.10 -0.60
-0.70 -0.10 -0.90
-0.70 -0.40 -0.90
0.30 0.20 -0.90
-0.30 -0.70 -0.60
0.30 -0.10 -0.90
-0.70 -0.10 -0.90
-0.30 -0.40 -0.60
-0.70 -0.10 -0.90
0.30 -0.70 -0.90
-0.30 -0.40 -0.60
0.30 -0.40 -0.90
-0.30 -0.40 -0.90
0.30 0.20 -0.90
-0.70 -0.40 -0.90
0.30 0.20 -0.90
-0.30 -0.70 -0.90
-0.30 -0.40 -0.60
-0.70 -0.10 -0.60
-0.30 -0.40 -0.60
-0.30 -0.10 -0.60
0.30 -0.10 -0.60
0.60 -0.40 -0.90
4.70 3.10 0.60
6.60 9.30 2.80
8.10 16.90 3.50
9.40 25.00 5.70
10.30 32.50 6.00
10.30 37.20 6.30
10.60 41.00 7.50
10.60 44.10 7.50
10.90 46.70 7.90
10.60 47.60 8.20
10.90 48.50 7.90
10.60 48.50 8.20
10.60 49.80 7.50
10.30 48.50 7.90
10.30 48.20 7.20
9.40 47.60 7.20
9.40 45.70 7.20
9.10 45.40 6.60
9.10 43.80 6.60
8.40 41.60 6.30
8.40 41.60 6.30
8.10 39.80 6.00
8.10 39.40 5.70
8.40 37.60 5.70
8.10 37.20 5.70
7.80 36.00 5.70
7.50 34.40 4.70
6.90 34.10 4.70
7.50 32.50 5.00
6.90 32.20 4.70
6.90 31.00 4.70
6.60 30.00 4.70
6.20 30.00 4.40
5.90 28.10 4.40
5.90 27.50 3.80
5.30 27.20 3.80
5.90 25.30 3.50
5.30 26.00 3.20
5.30 24.10 3.50
5.00 23.80 3.50
4.70 24.10 3.20
4.70 21.60 3.20
4.70 22.20 3.20
4.00 20.90 3.50
4.70 20.30 2.80
4.00 20.30 3.20
4.70 19.40 2.20
4.00 18.70 2.20
4.70 18.10 2.20
3.70 17.50 2.20
4.00 17.20 1.90
4.00 16.90 2.80
3.70 16.90 1.60
4.00 15.30 1.90
4.00 15.60 2.20
4.00 15.00 1.60
4.00 14.00 1.90
3.40 15.00 1.90
3.70 13.10 1.60
3.40 14.00 1.90
3.70 13.10 1.60
3.10 12.10 1.90
3.40 13.70 1.60
3.10 11.50 1.60
3.40 11.50 1.60
2.50 12.10 1.00
3.40 10.90 1.00
2.20 11.50 1.00
3.10 10.30 0.60
2.50 10.00 1.00
2.50 9.60 1.00
2.50 9.30 1.00
2.50 9.60 1.00
2.50 8.70 1.00
2.50 9.30 1.00
1.80 8.40 0.60
2.50 8.70 0.60
1.80 8.10 0.60
2.20 6.80 0.60
2.20 7.40 0.60
2.50 6.80 0.30
1.80 6.50 0.60
2.20 6.80 0.60
1.80 5.60 0.60
2.50 6.50 0.60
2.20 5.90 0.60
1.80 5.60 0.60
0.90 5.90 0.60
1.80 5.20 0.60
0.90 5.20 0.60
1.80 5.20 0.60
0.60 4.90 0.60
0.90 4.90 0.30
1.80 5.20 0.60
0.90 4.30 0.30
0.90 4.30 0.30
0.90 4.30 0.60
0.90 4.30 0.60
1.80 3.10 0.30
0.60 3.70 0.60
0.90 4.00 0.30
0.90 3.10 0.30
0.60 4.30 0.30
0.60 2.40 0.30
0.90 4.00 0.30
0.30 3.10 0.30
0.90 2.40 0.30
0.60 3.70 0.30
0.60 2.70 -0.60
0.30 3.10 0.30
0.30 2.70 0.30
0.60 2.10 -0.60
0.60 3.10 0.30
0.60 1.50 0.30
0.60 2.70 0.30
0.30 2.40 0.30
0.60 2.40 0.30
0.60 2.40 0.30
0.90 2.10 -0.60
0.30 2.10 0.30
0.90 2.10 0.30
0.30 2.10 -0.60
0.60 2.10 0.30
0.60 1.20 0.30
0.90 2.10 0.30
0.30 1.20 0.30
0.90 1.50 0.30
0.30 1.50 0.30
0.60 1.20 -0.60
0.30 1.50 0.30
0.30 1.50 -0.60
0.30 1.20 0.30
0.60 1.20 0.30
0.30 1.20 0.60
0.90 1.50 -0.60
0.60 0.90 0.60
0.60 1.50 0.30
0.30 1.20 0.30
0.60 0.90 0.30
0.30 1.20 0.30
0.60 0.20 -0.60
0.30 1.50 0.30
0.60 1.20 -0.60
0.30 0.20 0.30
0.30 1.50 -0.60
0.30 0.20 0.60
0.30 1.50 -0.60
0.30 0.90 -0.60
0.60 0.20 -0.60
0.30 1.20 -0.60
0.60 -0.10 -0.60
2025 2 5 9 8 43 875
202.05 194.21 200.13 11.50 38.60 12.50 46.14 129.87 42.44 21.55 53.43 51.87 56.82 208.30 191.62 203.25
0.50 0.30 0.90
-0.10 -0.30 -0.10
0.50 -0.30 -0.40
-0.10 -0.30 -0.10
0.50 -0.30 -0.40
-0.40 0.00 -0.10
0.50 -0.30 -0.10
0.80 0.30 -0.40
0.50 -0.60 -0.40
0.50 -0.30 -0.10
0.80 0.00 -0.10
0.50 -0.60 -0.40
0.50 0.30 -0.10
-0.10 -0.30 -0.40
0.50 0.00 -0.10
0.50 0.00 -0.10
0.50 0.00 -0.40
-0.10 0.30 -0.40
0.50 -0.60 -0.10
-0.10 0.30 -0.40
0.50 -0.30 -0.10
-0.10 0.00 -0.10
0.50 0.00 -0.10
0.50 -1.20 -0.40
0.50 0.30 -0.10
-0.10 -0.30 0.90
0.50 -0.30 -0.10
0.50 0.00 -0.10
0.50 -0.30 -0.40
-0.10 0.30 -0.10
-0.10 -0.30 -0.40
-0.40 -0.30 -0.10
-0.10 0.00 -0.10
0.50 -0.30 -0.10
0.50 -0.30 0.90
0.50 -0.60 1.20
0.50 0.00 -0.40
-0.40 0.00 -0.10
-0.10 0.00 -0.40
0.50 0.00 0.90
0.50 -0.60 -0.40
0.50 0.00 -0.10
-0.10 -1.20 -0.40
-0.10 -0.30 -0.10
0.50 0.00 -0.40
-0.10 -1.20 -0.10
-0.10 1.00 -0.10
-0.40 -1.20 -0.10
0.50 0.00 -0.40
-0.10 3.20 1.20
0.50 6.60 2.40
0.80 12.90 5.60
2.40 18.90 8.10
3.90 24.20 8.70
6.10 30.10 9.30
6.50 32.70 11.50
8.30 34.50 12.20
9.30 36.70 12.50
9.90 37.40 12.50
9.90 38.30 11.50
10.80 38.60 12.20
10.80 37.40 11.50
11.50 37.40 11.50
11.20 37.00 10.60
11.50 35.50 10.00
10.80 34.50 10.60
11.50 33.30 9.70
10.80 32.70 9.70
11.20 32.70 9.30
10.50 30.50 9.30
10.80 30.50 9.30
10.50 29.50 8.40
10.80 28.90 8.10
9.90 28.30 8.10
10.50 27.60 7.80
9.60 27.00 7.80
9.60 25.40 7.80
8.60 26.10 7.80
9.60 23.90 7.20
9.30 23.90 7.20
9.30 23.90 6.50
8.30 22.30 6.80
8.30 22.30 6.80
8.30 20.40 6.50
8.00 20.40 6.20
7.70 20.10 6.20
7.70 19.80 6.20
6.80 18.90 5.60
7.10 18.20 5.60
6.80 18.20 5.60
7.10 17.00 5.00
6.50 17.00 5.30
6.50 15.70 4.30
5.50 15.40 5.00
6.50 15.40 4.30
6.10 13.20 4.30
6.10 15.10 4.00
5.20 13.20 4.30
5.50 12.90 4.00
4.90 12.90 4.00
4.90 12.30 3.70
4.90 12.90 4.00
5.20 11.60 3.70
3.90 11.60 3.70
4.90 11.60 3.70
4.90 10.10 3.70
4.30 11.00 2.80
4.30 9.40 3.70
4.30 10.10 3.70
3.60 9.40 3.70
3.90 9.40 3.70
3.60 8.80 3.40
3.60 8.50 3.70
3.30 8.50 3.40
3.30 7.60 3.40
3.60 7.60 3.40
3.30 8.20 2.40
2.70 6.60 3.40
2.70 6.90 2.80
2.70 6.60 2.10
2.70 6.00 2.40
3.30 6.60 2.40
2.70 6.00 2.40
2.40 5.70 2.40
2.70 6.00 2.10
2.10 5.40 2.40
2.40 5.40 2.10
2.40 5.40 1.50
2.70 5.40 2.10
2.10 5.00 2.10
2.70 5.00 2.10
2.10 4.40 2.10
2.40 4.40 2.10
2.10 5.00 2.10
2.10 4.10 1.50
1.10 3.80 1.50
1.10 5.00 1.50
1.10 3.80 1.50
2.10 4.10 1.50
1.10 3.20 2.10
1.10 3.20 1.20
0.80 3.20 1.50
1.10 3.20 0.90
0.50 3.20 1.20
2.10 3.20 2.10
0.80 3.20 1.50
0.80 3.20 1.20
1.10 2.90 1.20
1.10 2.90 1.50
0.80 2.20 1.20
1.10 2.90 1.20
0.50 2.50 1.50
0.80 2.50 1.20
0.80 2.50 1.20
0.80 2.20 1.20
0.80 1.60 1.20
0.80 2.50 0.90
0.80 2.20 0.90
0.80 2.50 1.20
0.50 1.60 1.20
0.50 1.60 0.90
0.80 2.90 1.20
0.50 1.60 0.90
0.80 1.30 -0.10
0.80 1.30 0.90
0.50 1.00 -0.10
0.50 2.20 0.90
0.50 1.00 1.20
0.50 1.60 -0.10
0.50 1.60 0.90
0.80 1.30 0.90
0.50 1.30 -0.10
0.80 1.30 -0.10
-0.10 1.60 -0.10
0.80 1.00 0.90
0.50 1.30 -0.10
0.50 1.60 0.90
0.50 0.30 -0.10
0.50 1.60 -0.10
0.50 0.00 0.90
0.50 1.60 0.90
-0.10 1.30 0.90
0.80 0.30 -0.10
0.50 1.60 0.90
0.50 0.30 0.90
0.50 1.00 -0.10
0.50 1.30 0.90
0.50 0.30 0.90
0.80 1.30 0.90
0.50 0.30 0.90
0.50 1.00 -0.10
0.50 0.00 -0.10
0.50 1.30 -0.10
0.50 0.30 -0.40
0.50 1.00 0.90
0.50 1.30 -0.10
0.50 0.00 -0.10
0.50 1.00 -0.10
-0.10 0.30 -0.10
-0.10 0.00 0.90
2025 2 5 9 29 41 535
200.95 190.63 200.49 8.30 26.70 44.20 29.42 92.42 151.04 29.14 41.45 82.37 72.41 209.80 190.32 198.41
-0.50 0.00 -0.70
-0.50 0.00 0.60
0.20 -0.30 -0.70
-0.50 0.00 -0.70
0.20 -0.60 -0.30
-0.50 -0.30 -0.70
-0.50 -0.30 -0.30
-0.50 -0.30 -0.30
0.20 0.30 -0.30
0.20 -1.30 0.90
0.50 0.30 -0.70
-0.80 0.00 -0.70
-0.50 -0.30 -0.30
-0.80 -0.30 0.60
0.50 -0.60 -0.30
-0.80 0.00 0.60
0.20 0.00 -0.30
-0.50 -0.30 -0.30
-0.50 0.00 -0.30
-0.80 -0.30 -0.30
-0.50 0.30 -0.70
-0.80 -0.60 0.60
-0.50 0.90 -0.70
-0.50 0.00 0.60
0.20 -0.30 0.60
-0.50 0.00 -0.30
-0.50 -0.30 -0.70
-0.50 0.30 -0.70
0.20 -0.30 -0.30
-0.50 -0.30 -0.30
-0.50 0.30 -0.70
-1.10 -0.60 -0.70
-0.50 0.30 -0.70
-0.50 -0.30 -0.70
0.20 0.00 -0.30
-0.80 0.30 -0.30
0.20 -0.60 -0.30
-0.80 0.30 -0.30
-0.50 -0.30 0.60
-0.80 0.00 -0.30
-0.50 0.00 -0.30
-0.50 0.00 -0.30
0.20 0.30 -0.30
-0.50 -0.30 0.60
0.50 0.30 -0.30
-0.50 -0.60 0.60
0.20 0.00 -0.70
-0.50 0.30 -0.30
-0.50 1.30 0.60
-0.50 4.10 1.20
0.20 8.50 7.50
0.20 13.80 18.50
2.40 19.80 28.20
3.60 22.30 35.10
5.20 23.80 39.50
5.20 25.10 42.30
6.10 25.40 43.90
6.70 24.50 43.90
7.40 26.70 44.20
7.40 25.40 43.60
8.30 25.40 43.60
8.00 26.00 43.60
8.30 25.40 42.30
8.00 25.40 41.40
8.00 24.50 40.80
8.00 23.80 39.50
8.00 23.20 39.20
7.70 22.90 37.60
8.00 21.60 36.70
7.70 22.30 35.10
7.40 21.30 34.80
6.70 20.40 33.20
7.40 20.10 32.60
6.40 18.50 31.30
6.40 19.50 30.70
6.10 18.20 29.80
6.40 18.20 29.80
6.40 18.20 28.50
6.10 16.90 28.20
6.10 16.90 27.00
6.40 15.70 26.30
5.20 14.40 26.00
6.10 15.10 24.80
5.80 14.40 24.10
5.80 14.40 23.20
5.20 13.80 23.20
5.20 13.20 21.30
5.20 12.60 21.00
5.20 12.90 20.40
4.50 11.60 20.40
4.90 12.20 19.10
4.50 11.30 18.20
3.90 11.60 17.90
4.50 10.40 17.90
4.50 10.40 16.90
3.90 10.00 16.60
4.50 9.40 16.00
3.30 10.00 16.00
3.90 9.40 15.00
3.30 9.40 14.70
3.60 9.70 14.10
3.30 7.50 14.10
3.60 8.50 13.50
3.30 8.20 13.50
3.30 8.20 12.50
3.30 7.50 12.20
3.30 7.50 11.90
2.40 6.90 11.90
3.00 6.60 10.60
2.40 6.60 10.30
2.40 6.00 9.70
2.00 6.00 9.70
2.40 6.00 9.40
2.40 5.30 9.40
2.40 6.00 9.10
2.00 4.40 8.40
2.40 5.30 8.10
2.00 5.00 7.80
2.40 5.00 7.80
2.40 5.30 7.50
2.00 4.10 7.50
1.70 4.40 6.90
2.00 4.10 6.90
1.70 4.10 6.60
1.70 4.10 6.60
1.70 4.10 6.20
1.70 3.80 5.90
0.80 3.10 5.90
2.00 3.80 5.30
0.80 2.80 5.30
1.70 3.10 5.30
0.80 3.10 5.30
0.80 2.80 5.00
0.80 3.10 5.00
0.80 2.50 4.70
0.80 3.10 4.70
1.70 3.10 4.70
1.70 2.80 4.70
0.80 2.50 4.10
0.80 2.80 4.10
0.80 2.50 4.10
0.50 2.20 4.10
0.50 2.80 3.70
0.50 2.20 3.70
1.70 2.50 3.10
0.80 1.60 3.70
0.50 2.20 3.70
0.50 2.80 3.70
0.80 1.30 3.70
0.50 2.20 3.10
0.80 2.20 3.10
0.20 1.60 3.10
0.50 1.60 3.10
0.50 1.30 3.10
0.50 2.20 3.10
0.50 1.60 2.50
0.20 2.50 2.50
0.20 0.90 2.50
0.50 1.60 2.20
0.20 1.60 3.10
0.20 0.90 2.20
0.20 1.30 2.20
0.20 1.30 2.20
0.20 1.60 2.50
0.50 1.30 2.20
0.20 0.00 1.90
0.50 1.60 1.90
0.20 0.90 1.90
0.50 1.30 2.20
0.20 0.90 1.20
0.50 1.30 1.90
0.20 1.30 1.90
0.50 0.90 1.90
0.20 1.30 1.90
0.20 0.90 1.90
0.20 0.30 1.90
0.20 1.30 1.20
-0.50 0.00 1.90
0.50 1.30 1.20
0.20 0.00 1.90
0.20 0.30 1.20
0.20 0.30 1.20
0.20 0.00 0.90
-0.50 1.30 1.20
0.20 1.30 0.90
0.20 -0.30 1.20
0.20 0.90 1.20
0.20 0.30 1.20
0.50 0.00 1.20
0.20 0.30 1.20
0.20 0.30 0.90
-0.50 0.90 1.20
0.20 0.30 0.90
-0.50 0.00 0.90
0.20 1.30 0.60
0.20 0.30 0.90
0.20 1.30 0.60
-0.50 0.30 1.20
0.20 0.90 0.60
0.20 0.90 0.90
2025 2 5 9 34 8 56
194.60 202.38 188.53 66.20 35.90 6.30 227.41 120.65 22.54 30.91 184.12 34.78 264.95 190.46 200.36 199.00
0.30 0.80 -0.30
-0.30 -0.80 0.00
0.30 -0.20 -0.30
-0.30 -0.20 -0.30
-0.30 -0.80 0.00
0.30 0.80 0.00
0.30 -0.80 0.90
0.30 -0.20 0.00
-0.30 -0.20 0.00
-0.30 -0.80 0.00
-0.30 -0.20 -0.30
0.30 -0.50 0.00
-0.30 -0.20 0.00
-0.30 -0.50 0.00
-0.30 -0.50 0.00
0.30 0.10 -0.30
-0.30 -0.80 0.90
0.30 0.80 -0.30
-0.60 -0.80 0.90
-0.30 -0.20 0.00
-0.30 -0.20 1.30
-0.30 -0.80 0.00
-0.60 0.80 0.00
0.30 -0.50 0.90
-0.30 -0.20 0.00
0.30 -0.20 0.90
-0.30 -0.80 0.90
0.30 0.10 0.90
-0.30 -0.50 1.30
-0.30 0.10 0.90
-0.60 -0.80 0.90
0.30 -0.50 0.00
-0.30 -0.20 0.00
0.30 -0.80 0.00
-0.30 0.10 0.90
0.30 -0.20 0.90
-0.30 -0.50 0.00
-0.30 0.10 0.00
-0.30 -1.40 0.90
0.30 0.10 -0.30
-0.30 -0.50 0.00
-0.30 -0.80 0.00
-0.60 0.80 0.90
0.30 -0.50 -0.30
-0.30 -0.20 0.90
-0.30 -0.50 0.00
-0.30 -0.80 1.30
0.30 -0.20 1.30
0.30 -0.50 2.80
4.70 -0.20 4.10
12.20 1.10 5.30
26.00 3.00 5.30
38.60 5.80 6.30
49.30 12.10 6.30
56.50 15.50 5.60
60.90 23.00 5.60
63.70 27.40 5.60
65.60 31.20 5.60
66.20 33.70 5.60
65.60 35.90 5.60
64.90 35.60 5.30
64.30 35.90 5.30
63.40 35.60 5.30
61.50 35.30 4.40
60.60 34.00 5.00
58.70 34.30 5.00
57.10 32.40 4.40
56.50 33.70 4.40
54.30 31.50 5.00
52.70 30.20 3.80
50.80 31.20 4.10
49.60 28.10 4.10
48.00 29.60 3.80
46.80 28.10 3.50
45.50 26.80 4.10
45.20 27.10 3.50
43.60 24.90 3.80
42.70 25.90 3.50
41.40 23.70 3.80
40.50 24.00 3.50
39.20 23.70 2.80
38.00 22.70 2.80
36.70 22.40 3.80
36.10 20.20 2.80
34.20 21.50 2.80
33.90 19.90 2.50
32.00 19.60 3.50
31.40 20.20 2.50
30.40 17.10 2.50
29.50 19.30 2.50
28.60 17.10 2.20
28.20 17.40 2.50
27.60 17.10 2.50
26.70 15.20 2.50
25.40 15.80 2.20
25.10 14.20 2.20
24.20 14.20 2.20
23.80 13.90 2.20
22.30 13.00 2.20
22.00 13.60 2.20
21.00 12.40 2.20
21.00 13.00 2.20
19.80 12.10 2.20
19.50 11.40 1.60
18.50 11.40 2.20
18.20 10.20 1.60
17.60 11.10 2.20
16.90 10.20 1.60
16.60 9.20 1.60
16.30 9.90 1.30
16.00 8.60 1.60
15.40 9.50 0.90
14.80 8.60 1.30
14.80 8.30 1.60
13.80 8.30 0.90
13.50 8.00 1.60
13.20 8.00 1.30
12.60 7.30 1.30
12.20 6.70 1.30
12.20 7.30 1.30
12.20 5.80 1.30
11.30 6.40 0.00
10.70 5.80 0.90
10.70 5.80 0.00
9.70 5.50 1.30
10.40 5.50 0.90
9.40 5.80 1.30
9.40 5.20 0.90
8.50 4.80 0.90
8.50 5.20 0.90
8.50 4.20 0.90
8.50 4.80 0.90
7.80 4.20 0.90
8.20 3.90 0.00
6.60 3.60 1.30
7.50 3.90 0.90
6.90 3.60 0.90
6.90 4.20 0.90
6.90 3.00 0.90
6.60 3.00 0.00
6.30 3.60 0.90
6.30 3.00 0.00
6.00 3.00 0.90
6.30 3.00 0.90
5.30 3.00 0.00
6.00 2.60 0.90
5.00 2.30 0.00
5.30 3.00 -0.30
4.70 2.00 1.30
5.00 3.00 -0.30
4.70 1.40 0.90
4.70 2.30 0.00
4.70 2.30 0.90
4.70 1.10 0.00
4.10 3.60 0.00
4.10 1.10 0.00
3.80 1.40 0.90
3.80 2.60 0.90
3.50 0.10 0.90
3.80 3.00 0.00
3.50 0.80 0.90
3.50 1.40 0.00
3.50 1.40 0.00
3.50 1.10 -0.30
3.50 2.00 0.90
3.10 0.80 0.00
3.10 1.40 0.00
3.10 1.40 0.00
2.50 1.10 0.00
3.50 1.10 0.00
2.50 0.80 0.00
3.10 2.00 0.90
2.50 0.10 0.00
2.50 1.40 0.90
2.20 0.80 0.90
2.50 0.80 0.00
2.20 1.40 0.00
2.50 0.10 0.90
2.20 1.10 0.90
2.50 1.40 0.00
1.90 0.80 0.90
2.50 1.10 0.90
2.20 0.10 0.90
2.50 1.10 0.00
2.20 0.80 0.90
2.50 0.80 0.00
2.50 0.80 0.00
1.90 0.80 0.00
1.90 1.40 0.00
2.20 0.10 0.00
1.90 0.80 0.90
1.90 1.10 -0.30
1.90 -0.20 0.00
2.20 1.10 -0.30
1.90 0.10 -0.30
1.90 0.80 0.00
1.90 1.10 -0.30
1.90 -0.20 -0.30
0.90 0.10 0.00
1.90 1.10 -0.30
2025 2 5 9 34 52 244
190.59 189.01 200.94 19.20 17.30 30.60 66.37 56.05 105.02 31.68 327.17 25.45 322.40 191.58 191.05 200.25
0.40 0.30 -0.80
-0.20 -0.30 0.50
0.70 0.30 -0.50
0.40 -0.60 -0.80
0.40 -0.30 -0.50
-0.20 0.00 -0.50
0.40 0.00 -0.80
-0.20 -0.30 -0.80
0.40 0.30 -0.80
0.40 0.30 -0.80
0.70 -0.30 -0.50
0.40 -0.30 -0.50
0.40 0.00 -0.50
0.40 -0.30 -0.50
0.40 0.00 -0.80
-0.20 -0.30 -0.80
-0.20 0.30 -0.80
0.40 -0.30 -0.50
-0.20 0.00 -0.50
-0.20 -0.30 -0.50
0.40 0.00 -0.50
-0.20 -0.60 -0.50
0.40 0.00 -0.80
-0.20 0.00 -0.50
0.40 -0.60 -0.50
-0.20 0.30 -0.80
0.40 -0.30 -0.80
-0.20 0.00 -0.80
-0.20 1.00 -0.80
-0.20 -0.60 -0.50
0.40 0.30 -0.80
-0.20 -0.30 -0.80
0.40 0.00 -0.80
-0.60 0.30 -0.80
0.40 -0.30 -0.80
-0.20 0.00 -0.50
-0.20 0.00 -0.50
-0.20 0.00 -0.80
-0.20 -0.60 -0.80
-0.20 0.00 -0.50
0.40 0.00 -0.80
-0.20 -0.30 -0.80
0.40 0.30 -0.80
-0.20 -0.60 -0.50
0.40 0.30 -0.80
-0.60 0.00 -0.50
0.40 -0.60 -0.80
-0.20 0.30 -0.80
1.00 1.00 -0.80
3.50 3.80 0.50
8.20 6.90 4.60
10.70 8.80 11.10
13.90 12.30 18.10
15.40 13.80 23.70
16.70 14.50 25.90
17.00 15.70 28.40
18.30 16.00 28.40
18.60 15.70 30.30
19.20 17.30 30.60
18.60 16.00 30.60
18.60 15.70 30.30
18.00 15.70 30.30
17.60 15.10 29.70
17.00 15.10 29.30
17.00 15.10 28.40
16.40 14.20 28.40
15.40 14.20 26.80
15.10 13.80 26.80
14.80 13.80 26.50
14.20 12.60 25.00
14.20 12.90 25.00
13.60 11.60 24.60
13.60 12.60 23.70
13.20 11.30 23.40
13.20 11.30 22.40
12.60 11.00 22.10
12.30 10.10 20.90
11.40 10.10 20.60
11.40 9.80 20.20
10.70 8.80 20.20
10.70 9.80 18.40
10.40 9.40 18.10
9.80 8.80 18.10
9.80 8.80 17.70
9.50 8.80 16.80
8.50 7.60 16.80
9.20 8.20 15.90
8.20 7.60 15.90
7.90 6.90 15.90
7.90 7.60 14.90
8.50 6.00 14.60
7.90 6.60 14.00
7.60 6.90 13.30
6.70 5.70 13.70
7.00 6.90 13.30
6.70 6.00 12.40
6.70 5.70 11.80
6.30 5.40 11.80
6.30 5.40 11.80
6.00 5.40 11.10
6.30 5.10 9.60
6.00 5.40 10.20
6.00 5.40 9.60
5.10 5.10 9.30
6.00 4.40 9.00
5.10 4.40 8.30
5.40 5.10 8.00
5.10 3.80 9.00
5.40 4.10 8.00
4.80 4.40 7.70
5.10 3.80 7.70
4.80 3.20 7.40
4.80 4.10 7.40
4.10 3.20 6.80
4.80 3.80 6.40
4.10 3.20 6.10
4.10 3.20 6.10
3.80 3.80 5.80
3.80 2.50 6.10
3.50 3.20 5.80
3.80 3.20 5.20
3.20 2.90 5.20
3.50 2.90 4.90
3.20 2.20 4.90
3.20 2.50 4.60
2.60 2.20 4.60
3.20 2.50 3.90
2.60 1.60 4.60
3.20 2.90 4.60
2.60 1.60 3.90
2.60 1.60 3.60
2.30 2.50 3.90
2.60 2.20 3.90
2.30 1.60 3.90
2.60 2.20 3.30
2.30 1.30 3.30
2.30 2.20 3.60
2.30 1.60 3.60
2.30 1.30 3.30
2.30 1.60 3.00
2.00 1.60 3.00
2.00 1.30 3.00
2.30 1.30 2.40
2.00 1.60 2.40
1.00 1.30 3.00
2.00 1.30 2.40
2.30 1.00 2.40
1.00 1.30 2.40
1.00 1.60 2.10
1.00 1.00 2.40
2.00 1.00 2.10
0.70 1.00 2.10
1.00 1.30 1.70
1.00 -0.30 2.10
1.00 1.30 1.70
1.00 0.30 1.70
1.00 1.30 1.70
0.70 1.30 1.10
2.00 0.00 1.70
1.00 1.60 1.70
2.00 0.30 1.70
0.70 1.00 1.70
1.00 1.30 1.70
0.70 0.00 1.10
1.00 1.30 0.80
1.00 1.00 1.10
1.00 0.30 1.10
0.70 1.00 1.10
1.00 0.30 1.10
0.70 1.30 1.10
0.70 0.00 0.80
0.70 1.00 1.10
0.70 1.00 0.50
1.00 1.00 1.10
0.70 1.00 0.80
2.00 0.00 1.10
1.00 1.30 0.50
0.40 -0.30 1.10
2.00 1.00 0.50
0.70 0.00 0.80
0.70 0.00 0.50
0.70 1.00 0.80
0.40 -0.30 0.80
0.70 1.00 1.10
0.70 0.30 0.50
0.70 0.00 0.80
0.70 0.30 0.80
0.40 0.00 0.80
0.70 1.00 0.50
0.40 0.00 -0.50
1.00 0.30 0.50
0.40 0.30 0.80
0.70 0.30 -0.50
0.40 0.30 0.80
0.70 -0.30 0.50
0.40 -0.30 0.50
0.70 1.00 0.50
0.40 -0.30 0.50
0.40 0.30 0.50
0.40 0.00 0.50
2025 2 5 9 35 52 657
196.82 209.04 200.18 72.50 45.20 6.70 412.55 161.43 23.42 35.05 235.19 77.50 280.47 193.55 206.59 211.38
-0.30 -0.60 0.80
0.40 1.00 -0.20
-0.30 -0.30 -0.20
0.40 1.00 -0.50
-0.30 -0.30 -0.20
0.40 0.10 -0.20
0.40 0.10 -0.20
0.40 -0.30 -0.20
-0.30 0.40 -0.20
0.40 -0.60 -0.20
-0.30 0.40 -0.20
0.40 0.10 -0.50
-0.60 -0.60 -0.20
0.40 1.00 -0.50
-0.30 -0.60 -0.20
0.40 0.10 -0.20
-0.30 -0.30 -0.20
0.40 -0.30 -0.50
-0.30 0.10 -0.20
0.40 0.10 -0.20
-0.30 0.10 -0.50
-0.30 0.40 -0.20
0.40 0.10 -0.20
-0.30 -0.30 -0.20
-0.30 0.10 -0.20
0.40 -0.60 -0.20
0.40 0.40 -0.50
0.40 0.40 -0.50
-0.60 -0.60 -0.20
0.40 0.40 -0.50
-0.30 -0.60 -0.20
0.40 0.10 -0.50
0.40 -0.30 -0.20
0.40 0.40 -0.50
0.40 -0.30 -0.50
0.40 -0.30 -0.20
-0.60 0.10 -0.20
-0.30 -0.60 -0.50
-0.30 0.40 -0.20
-0.30 -0.60 -0.20
-0.30 -0.60 -0.50
0.40 0.40 -0.20
-0.30 -1.20 -0.50
-0.30 0.40 -0.20
-0.30 -0.60 -0.20
-0.60 0.40 -0.20
-0.30 0.40 -0.20
-0.30 -0.60 -0.20
-0.30 1.00 -0.50
0.70 -0.60 -0.20
6.00 0.10 1.40
19.50 0.10 3.60
42.40 0.40 3.90
70.60 3.20 5.20
72.50 9.80 6.40
72.50 20.10 6.40
72.50 27.70 6.40
72.50 33.30 6.40
72.50 38.60 6.70
72.50 40.20 6.10
72.50 44.00 6.10
72.50 44.30 6.10
72.50 43.40 6.10
72.50 45.20 6.10
72.50 42.70 6.10
72.50 43.00 5.50
72.50 42.70 6.10
72.50 42.40 5.50
72.50 42.40 5.20
72.50 41.20 5.50
72.50 40.20 5.20
72.50 38.60 4.90
72.50 37.70 4.90
72.50 37.40 4.90
72.50 35.80 5.20
72.50 35.50 4.20
72.50 33.30 4.90
72.50 33.30 4.20
72.50 31.70 3.90
72.50 30.50 3.90
72.50 31.40 4.20
72.50 29.90 3.90
72.50 28.60 3.90
72.50 28.60 3.60
72.50 26.10 3.90
72.50 27.00 3.30
72.50 25.50 3.60
72.50 25.20 3.90
72.50 24.20 3.30
72.50 23.00 2.70
72.50 23.90 2.70
71.30 22.30 2.70
68.80 22.30 3.30
67.20 21.70 2.70
65.60 21.40 3.30
63.40 20.50 2.40
60.90 19.80 2.40
59.70 19.80 2.40
57.80 18.60 2.40
56.20 18.30 2.40
53.70 17.30 2.40
52.40 17.30 2.40
51.20 17.00 2.00
49.60 16.10 2.00
48.10 15.40 2.40
46.80 15.10 2.00
45.20 14.20 2.40
44.30 13.20 1.40
42.40 14.20 2.00
41.10 12.90 2.00
39.90 13.90 2.40
38.60 12.90 1.40
38.00 11.70 2.00
36.40 12.60 2.40
35.50 10.40 2.00
34.20 11.40 2.00
33.60 11.00 2.00
32.10 10.40 2.00
31.10 11.00 1.40
30.50 9.80 2.00
29.20 10.40 1.40
28.60 9.50 1.40
27.70 9.50 2.00
27.00 9.80 1.10
25.50 7.60 2.00
25.50 9.50 1.10
24.20 7.60 1.40
23.90 8.20 1.10
23.60 7.60 2.00
22.30 6.00 1.40
21.40 8.20 1.40
21.40 6.60 0.80
21.40 6.60 2.00
20.40 6.60 1.10
19.80 5.10 1.10
19.50 7.00 1.10
18.60 5.10 0.80
18.20 6.00 0.80
17.60 5.70 1.10
17.00 5.70 1.10
16.40 5.40 1.10
16.70 4.50 1.10
16.10 5.70 -0.20
15.10 5.10 0.80
14.80 5.10 1.10
14.80 5.10 0.80
13.90 3.80 0.80
13.90 5.40 0.80
13.20 2.90 0.80
13.20 5.10 0.80
12.60 4.50 0.80
12.60 3.80 0.80
11.00 4.10 1.10
11.00 3.80 0.80
10.70 3.80 0.80
10.40 3.80 -0.20
9.80 3.20 1.10
9.80 3.80 0.80
9.50 3.20 -0.20
9.10 3.80 1.10
8.50 3.20 -0.20
9.10 2.90 -0.20
8.20 2.90 0.80
8.20 3.20 0.80
7.90 2.90 -0.20
7.90 3.20 -0.20
7.00 1.60 0.80
7.60 3.20 -0.20
7.60 1.60 0.80
7.00 2.60 0.80
6.30 2.30 0.80
7.00 2.60 0.80
6.60 2.30 -0.20
6.60 2.60 -0.20
6.60 1.60 0.80
6.60 2.60 0.80
6.30 1.30 -0.20
5.40 1.60 -0.50
6.00 2.30 0.80
6.30 1.60 -0.20
5.40 2.30 -0.20
5.40 2.60 -0.20
5.40 1.30 0.80
5.10 2.30 -0.20
5.10 1.60 -0.20
5.10 1.60 0.80
5.10 1.60 0.80
5.10 1.60 -0.20
4.80 1.60 -0.20
4.80 1.30 -0.20
4.10 1.60 -0.20
4.80 1.60 -0.20
3.80 1.60 -0.20
4.10 1.30 -0.20
3.50 1.00 -0.20
3.80 2.60 0.80
3.50 1.00 -0.20
3.50 1.60 -0.50
3.80 1.00 -0.20
3.50 1.00 -0.20
2025 2 5 9 37 31 565
192.94 203.37 203.81 25.20 10.30 10.40 93.64 36.41 42.16 41.22 271.42 79.19 268.94 192.89 209.04 208.55
0.40 0.20 -0.30
-0.30 -0.40 -0.30
0.40 0.20 -0.60
-0.30 -0.10 -0.60
0.40 -0.70 -0.60
-0.30 0.20 -0.60
-0.30 -0.10 -0.60
-0.30 0.20 -0.60
0.40 0.20 -0.60
-0.30 -0.10 -0.60
0.40 0.20 -0.30
0.40 -0.10 -0.30
-0.30 0.90 -0.30
-0.30 -0.40 -0.30
-0.30 1.20 -0.60
-0.30 0.20 -0.30
0.40 -0.10 -0.60
-0.30 0.20 -0.30
0.40 -0.70 -0.60
-0.30 1.20 -0.30
-0.30 -0.40 -0.30
-0.30 -0.10 -0.30
0.40 1.20 -0.30
-0.60 -1.30 -0.30
0.40 1.20 -0.60
-0.30 -0.40 -0.60
-0.30 -0.10 -0.90
0.40 1.20 -0.30
0.70 -0.70 -0.60
-0.30 0.20 -0.60
0.40 -0.10 -0.60
-0.30 0.20 -0.30
0.40 -0.10 -0.30
0.40 -0.40 -0.60
-0.30 -0.10 -0.60
-0.30 -0.40 -0.30
0.40 0.20 -0.60
-0.30 -0.70 -0.60
0.70 0.90 -0.30
-0.60 0.90 -0.30
-0.30 -0.40 -0.30
-0.30 0.90 -0.60
-0.30 -0.40 -0.30
-0.30 -0.10 -0.60
0.40 0.90 -0.60
-0.60 -0.40 -0.30
-0.30 0.90 -0.60
-0.60 -0.10 -0.30
0.70 -0.10 -0.30
2.60 0.90 -0.60
6.30 -0.40 -0.30
9.80 0.90 2.20
13.50 1.50 4.70
16.40 2.70 6.90
21.10 5.30 8.20
22.30 5.30 9.10
24.20 8.10 9.40
24.80 8.40 10.40
25.20 9.70 9.70
24.20 10.00 10.40
24.20 9.70 10.40
24.20 10.00 9.70
23.60 10.00 9.40
23.60 9.70 9.40
23.60 10.30 9.40
22.00 9.30 9.40
22.00 10.30 9.10
20.80 9.70 8.50
20.80 9.70 9.70
19.80 9.30 10.40
19.50 8.70 9.40
19.20 8.40 9.10
19.20 8.40 8.50
18.60 7.50 8.50
17.90 8.10 8.20
17.60 8.10 7.90
17.60 7.50 7.90
17.00 7.50 7.50
16.70 7.50 7.90
16.40 7.50 7.50
17.00 6.50 6.90
15.10 6.50 6.60
15.10 6.80 6.60
14.80 5.90 6.60
14.20 5.90 6.30
13.50 5.30 6.00
13.90 5.60 6.30
13.20 4.90 6.30
13.20 4.90 5.30
12.60 5.60 6.00
12.30 4.90 6.00
11.30 5.30 5.00
11.00 4.90 5.00
10.70 4.00 5.00
10.70 5.30 4.70
9.80 3.70 6.00
9.80 4.30 6.30
9.50 4.00 6.30
9.50 4.00 6.00
9.50 4.30 6.00
9.20 3.10 5.30
8.20 4.30 6.00
8.50 3.70 5.30
8.20 3.70 5.00
8.50 3.10 5.00
8.20 2.40 5.00
7.90 4.30 4.70
7.00 2.10 5.00
7.60 3.10 4.10
7.00 3.10 4.10
7.60 2.40 4.10
7.00 3.10 3.80
6.60 2.10 4.10
6.30 2.40 3.80
6.60 2.70 3.80
6.00 2.10 3.80
6.30 2.70 3.50
5.40 2.10 3.80
5.40 2.40 3.50
5.10 1.50 3.50
5.10 2.10 3.20
4.80 1.50 3.80
5.40 1.50 3.20
5.10 2.10 3.50
4.80 1.20 3.20
4.80 2.10 3.20
4.80 2.10 3.20
4.10 1.20 2.50
4.10 2.10 2.20
3.80 1.20 2.50
4.10 2.10 2.50
3.80 1.20 2.20
3.50 1.20 2.20
3.80 1.50 2.50
3.50 1.50 2.20
3.50 1.20 1.90
3.20 2.10 1.90
3.20 0.20 1.90
3.50 1.20 1.30
3.20 1.20 1.90
3.50 0.90 1.90
3.20 0.90 1.90
3.50 0.90 1.90
3.20 0.90 1.90
3.20 1.20 1.90
3.20 -0.10 1.30
2.60 1.20 1.00
2.60 0.20 1.30
2.30 1.20 1.30
2.30 0.20 1.30
3.50 0.20 1.00
2.60 1.20 1.30
3.20 0.20 1.90
2.30 0.90 1.00
2.60 0.90 1.30
2.60 0.20 1.00
2.60 1.50 1.00
1.90 -0.10 0.60
1.90 1.20 0.60
2.60 0.20 1.30
2.30 0.20 1.00
2.30 1.20 0.60
2.30 0.20 0.60
1.90 1.20 1.00
2.30 0.20 0.60
1.90 0.90 0.60
2.30 0.90 0.60
1.90 0.20 0.60
2.30 0.90 0.60
1.90 -0.10 1.00
1.00 1.20 0.60
0.70 0.20 1.00
1.90 0.20 0.60
1.90 0.90 0.60
1.00 0.20 0.60
0.70 0.90 -0.30
1.90 1.20 0.60
0.70 -0.10 -0.30
1.00 1.20 -0.30
0.70 -0.10 1.00
1.90 0.20 -0.30
0.40 1.20 -0.30
1.00 -0.40 -0.30
0.70 1.20 1.00
1.90 -0.10 -0.30
1.00 -0.10 0.60
1.00 1.20 -0.30
1.00 -0.10 0.60
1.00 1.20 -0.30
0.40 -0.10 -0.30
1.00 0.20 -0.30
0.40 0.20 0.60
1.90 -0.10 1.00
0.40 0.90 1.00
1.00 -0.10 0.60
0.70 0.20 1.00
1.00 -0.10 0.60
0.40 -0.10 0.60
0.70 1.20 1.00
0.40 -0.40 -0.30
2025 2 5 9 39 58 396
195.62 193.34 202.06 31.10 27.70 9.40 110.56 89.50 33.23 20.57 336.74 43.66 324.58 194.21 192.80 208.00
-0.30 -0.20 -0.30
0.40 -0.20 -0.30
-0.30 0.10 0.00
0.40 -0.50 -0.30
-0.30 0.40 0.90
0.70 0.10 -0.30
0.40 -0.20 0.00
0.40 1.00 0.90
-0.30 -1.50 0.00
0.40 1.00 -0.30
-0.30 -1.20 -0.30
0.40 0.40 -0.30
0.40 0.10 0.00
0.40 -0.50 0.00
0.40 0.40 -0.30
0.40 -0.20 0.00
0.40 0.10 0.00
0.40 -0.50 -0.30
-0.60 0.10 0.00
0.40 0.10 -0.30
-0.30 -0.50 0.00
0.40 0.40 0.00
-0.30 -0.50 -0.30
0.70 0.40 -0.30
0.40 -0.20 0.00
0.40 -0.20 -0.30
-0.30 1.00 -0.30
-0.30 -1.20 -0.30
-0.30 1.00 0.00
0.40 -0.20 0.90
-0.30 -0.20 0.00
-0.30 0.40 -0.30
-0.30 -1.20 -0.30
0.40 0.40 -0.30
-0.30 -0.50 0.00
0.40 0.10 -0.30
-0.30 -0.20 0.00
0.40 0.10 -0.30
-0.30 -0.20 0.00
-0.30 -0.50 0.00
-0.30 0.40 0.00
0.40 -0.20 -0.30
-0.30 0.10 0.00
0.40 0.40 -0.30
-0.60 -1.20 0.90
-0.30 1.00 0.90
-0.60 -0.50 -0.30
0.40 0.10 -0.30
-0.30 0.40 0.00
0.70 1.70 0.00
5.10 5.70 0.90
8.50 11.10 2.80
14.20 17.40 5.00
19.50 20.50 6.90
23.30 22.70 7.80
27.00 24.30 8.10
29.20 25.20 8.40
29.90 27.70 8.40
30.50 27.40 8.80
31.10 27.40 9.40
30.50 26.80 8.80
29.90 25.50 8.80
29.60 25.50 8.40
29.20 24.30 8.40
28.30 24.30 8.10
28.00 24.60 8.10
26.70 23.00 8.10
27.00 23.00 7.80
25.50 21.70 6.90
25.50 21.40 7.20
24.80 21.40 6.90
23.90 19.90 6.60
23.60 20.20 6.90
23.30 19.90 6.60
22.00 18.60 6.60
22.00 18.30 5.60
21.40 17.70 6.20
20.80 17.40 6.20
20.50 17.00 5.60
20.50 16.10 5.30
18.60 15.20 5.60
18.60 15.80 5.30
17.60 14.50 5.00
17.90 14.20 5.30
17.00 13.90 5.00
16.70 12.60 4.40
16.10 13.30 4.10
16.40 12.30 5.00
14.80 12.30 4.40
15.40 12.30 4.10
14.20 11.10 3.70
14.20 11.40 4.40
14.20 10.10 3.70
13.90 11.40 3.70
13.20 9.80 4.10
13.20 10.10 3.40
12.30 9.80 3.40
12.60 9.50 2.80
11.40 9.50 3.40
11.00 8.30 3.40
10.70 8.60 2.80
10.70 8.60 3.40
9.50 7.00 2.50
10.40 8.30 2.50
9.50 6.10 2.20
9.20 7.60 2.50
8.50 6.70 2.80
8.50 6.70 2.50
8.20 6.10 2.50
8.20 5.70 2.20
7.90 6.10 2.50
7.90 5.10 2.20
7.60 6.10 2.20
7.60 5.70 2.20
7.90 4.50 2.20
7.60 5.70 2.20
6.70 3.20 2.20
6.70 5.40 1.50
6.30 4.50 2.20
6.70 4.50 2.20
6.00 4.50 2.20
6.00 3.90 2.20
6.00 4.50 1.50
6.30 3.20 2.20
4.80 3.90 1.50
5.40 3.20 1.50
5.10 3.20 1.20
5.10 4.20 1.50
4.80 2.60 1.50
4.80 3.90 1.20
4.80 2.90 1.20
4.80 2.60 0.90
4.10 3.20 1.20
4.80 2.30 1.20
3.80 3.20 0.90
4.80 2.90 1.20
3.80 2.30 1.50
4.10 2.90 1.20
3.50 2.30 1.50
3.80 2.60 1.50
3.20 1.70 1.20
3.50 2.60 0.90
3.50 2.30 1.20
3.50 2.30 0.90
3.20 1.70 1.20
3.20 1.40 1.20
3.20 1.70 1.20
3.50 1.40 1.20
2.60 1.40 0.90
3.20 1.70 1.20
2.30 1.40 0.90
2.60 1.40 1.20
2.60 1.40 0.00
2.30 1.40 0.90
2.30 1.70 0.90
2.60 1.00 0.90
1.90 1.00 0.90
2.30 1.70 0.90
2.30 1.00 1.20
2.30 1.00 0.90
1.90 1.40 1.20
1.90 1.40 0.00
1.00 0.40 0.90
2.30 1.00 0.00
1.00 1.00 0.00
1.90 1.40 0.90
1.00 1.40 0.90
1.90 1.00 0.00
0.70 1.40 0.90
1.00 1.00 0.90
1.90 0.40 1.20
1.90 0.40 1.20
0.70 1.00 0.90
1.90 0.40 1.20
0.70 1.00 0.00
1.00 1.40 0.00
0.70 0.10 0.90
1.00 1.70 0.90
0.70 -0.20 1.20
1.00 0.40 0.90
0.70 1.00 0.00
0.70 0.10 0.90
0.70 1.40 1.20
1.00 0.10 0.00
0.40 0.40 0.90
1.00 1.40 0.90
0.70 -0.20 0.90
0.70 1.00 0.90
0.40 0.10 0.90
0.70 1.00 0.00
0.70 1.00 0.90
1.00 0.40 0.90
0.40 0.40 0.90
0.70 0.10 0.00
0.40 0.40 1.20
0.70 -0.20 0.90
0.40 0.10 0.00
0.70 1.00 0.00
0.40 -0.20 1.20
0.40 1.00 1.20
2025 2 5 9 50 8 487
194.44 193.74 212.30 26.50 39.80 40.60 99.10 131.82 144.55 61.77 321.26 41.99 329.43 193.94 191.37 206.93
0.20 -0.70 -0.20
-0.40 0.20 -0.20
0.20 -0.40 0.70
-0.40 -0.40 -0.20
0.20 0.90 -0.50
0.20 -1.30 0.70
0.20 0.90 -0.50
-0.40 -0.40 -0.20
0.20 -0.10 0.70
-0.40 -0.10 -0.50
0.20 -0.40 -0.20
-0.70 -0.10 -0.20
0.20 -0.40 -0.20
-0.40 -0.10 -0.20
-0.40 -0.40 -0.20
-0.40 -0.40 0.70
0.20 0.20 -0.20
-0.40 -0.70 -0.20
-0.40 -0.10 -0.20
-0.70 -0.10 -0.20
0.20 -0.40 -0.20
-0.70 -0.10 -0.20
-0.40 -0.10 -0.50
-0.40 -0.40 -0.20
0.20 -0.10 -0.20
0.20 -0.10 -0.20
-0.40 -0.40 -0.20
-0.70 -0.10 0.70
0.20 -0.40 -0.20
-0.40 -0.40 0.70
-0.40 -0.40 -0.20
-0.70 -1.30 -0.20
0.20 0.20 -0.50
-0.40 -0.40 -0.50
-0.40 -0.40 -0.20
0.20 -0.10 -0.20
-0.40 -0.70 -0.50
-0.70 0.20 -0.50
-0.40 -0.40 -0.20
-0.70 -0.70 -0.50
0.20 -0.40 -0.20
-0.40 -0.40 -0.50
-0.40 -0.40 -0.20
-0.40 -0.10 0.70
0.20 -0.10 -0.20
-0.40 -0.70 -0.50
-0.40 -0.10 -0.20
0.20 -0.70 0.70
1.80 -0.10 -0.50
3.00 2.80 -0.20
5.20 7.50 2.00
8.00 15.30 3.90
10.90 23.10 5.40
14.60 27.20 7.90
19.00 32.90 10.80
20.90 33.80 12.00
23.10 36.60 12.60
24.70 37.60 13.30
26.20 37.60 18.00
26.20 39.80 24.90
26.50 38.80 33.30
26.20 38.80 35.50
25.90 37.60 38.40
26.20 36.60 40.60
25.90 36.00 40.60
25.00 34.10 40.60
24.70 35.70 40.60
23.70 32.90 39.90
23.40 32.90 38.70
22.20 32.20 38.40
22.20 30.40 37.70
21.20 31.00 37.10
20.90 28.80 36.20
20.30 28.80 34.90
20.60 28.20 33.70
19.60 26.60 33.30
18.40 27.20 32.10
19.00 25.30 31.50
17.80 24.40 30.50
17.80 24.10 29.30
16.80 23.80 28.60
16.80 22.80 27.10
15.90 21.00 27.70
16.20 21.60 26.80
16.20 20.00 26.10
16.20 20.00 26.10
14.90 20.00 24.90
14.90 18.10 23.90
14.60 19.40 23.30
14.00 17.50 22.70
14.00 18.10 21.40
13.70 17.20 20.80
13.40 15.90 19.90
13.10 15.90 19.90
12.40 15.00 19.20
12.10 15.30 18.30
12.10 14.00 17.70
10.50 14.00 17.70
10.90 13.70 16.70
10.20 12.50 16.70
10.20 13.70 16.40
9.30 11.50 16.10
9.60 12.50 15.20
9.30 11.50 15.20
9.00 11.20 14.20
9.00 11.20 13.90
8.40 10.00 13.60
8.00 10.00 13.30
8.00 9.70 12.60
7.70 10.00 12.60
7.40 9.70 12.30
7.70 9.30 12.00
7.70 8.70 10.80
7.40 8.70 10.80
6.80 9.30 10.40
6.50 7.50 9.80
6.80 8.40 9.80
6.50 7.50 8.60
6.50 6.80 9.50
6.20 7.50 9.20
6.20 5.90 8.20
5.20 6.50 8.20
5.80 5.30 7.90
4.60 5.90 8.20
5.20 5.90 7.60
4.60 5.00 7.00
4.00 5.90 7.00
4.60 4.30 7.60
4.60 5.60 6.70
4.00 5.00 6.70
4.60 4.00 6.40
3.60 5.30 6.40
3.60 3.70 6.10
4.00 5.00 6.10
3.60 4.00 6.10
3.30 3.70 5.40
3.60 4.30 5.40
3.00 3.10 5.10
3.60 4.00 5.10
3.60 2.80 4.80
3.00 3.70 4.80
3.30 3.70 4.80
3.30 2.80 4.80
2.40 3.70 4.80
3.00 3.10 4.20
2.40 2.80 3.90
2.40 2.80 3.90
2.40 2.40 3.90
2.40 2.80 3.50
2.10 1.50 3.90
2.10 2.80 3.50
2.10 2.10 3.90
3.00 1.50 3.20
2.10 3.10 3.20
2.40 1.50 3.50
2.40 2.80 3.50
3.00 2.10 2.60
2.10 1.20 3.20
2.40 2.80 2.60
2.10 0.90 2.60
2.40 2.40 2.30
2.10 1.50 2.60
2.10 1.20 2.30
2.10 2.10 2.30
2.40 0.90 2.30
2.10 2.10 2.00
2.10 1.20 2.60
2.10 1.20 3.20
1.80 2.10 2.30
1.80 0.20 2.00
1.80 2.10 2.60
0.80 0.20 2.00
1.80 1.50 2.00
1.80 1.20 2.30
1.80 1.20 2.30
0.80 1.20 2.30
1.80 0.90 2.60
0.80 1.20 2.00
1.80 1.20 2.30
0.80 1.20 2.00
0.50 1.20 2.00
0.50 0.90 2.00
0.50 0.90 2.00
0.50 0.20 2.60
1.80 1.20 2.00
0.50 0.20 1.30
0.80 1.20 2.00
0.50 0.20 2.00
0.20 0.20 2.00
0.50 1.20 2.00
0.50 -0.40 2.00
0.50 1.20 2.30
0.50 1.20 1.30
0.20 0.20 1.30
0.80 0.90 1.30
0.20 0.20 2.00
0.50 1.50 1.00
0.50 0.20 1.30
0.50 1.20 1.30
0.20 -0.40 1.30
2025 2 5 9 54 17 612
196.67 194.96 197.60 72.40 48.30 14.30 404.78 162.87 51.18 5.74 12.10 18.66 335.65 193.62 191.67 199.55
-0.40 -0.30 -0.10
-0.40 0.30 0.80
0.30 0.00 -0.10
-0.40 -0.30 -0.10
0.30 0.30 0.80
-0.70 -0.70 0.80
0.30 0.30 -0.10
0.30 0.00 -0.10
0.30 -0.30 -0.40
0.30 0.30 0.80
0.30 0.00 -0.10
0.30 0.00 -0.10
0.30 0.30 -0.10
-0.40 -0.30 -0.10
-0.40 -0.30 -0.10
0.30 0.00 0.80
0.30 -0.30 -0.10
-0.70 0.00 -0.10
0.30 0.30 -0.40
-0.40 0.30 0.80
0.30 0.30 -0.40
-0.40 -0.30 -0.10
0.30 0.30 -0.10
0.30 0.00 -0.10
0.30 -0.70 -0.10
0.30 0.00 0.80
0.90 -0.30 -0.10
0.30 0.00 -0.10
-0.40 -0.30 -0.10
0.30 -0.30 0.80
0.30 0.90 -0.10
0.30 -0.30 -0.40
0.60 1.20 -0.10
0.30 0.00 0.80
0.30 0.90 -0.10
0.30 0.30 -0.10
0.30 -0.70 -0.10
0.30 0.90 0.80
0.30 0.30 -0.40
-0.70 0.00 0.80
0.60 0.00 -0.40
0.30 -0.30 0.80
0.60 0.90 -0.40
0.30 -0.30 -0.10
0.30 0.00 -0.40
0.30 -0.30 -0.10
0.30 0.30 0.80
-0.40 0.00 -0.10
0.30 -0.30 0.80
0.60 3.10 1.10
5.90 6.60 5.50
20.40 15.00 8.30
42.00 22.60 10.90
66.80 27.60 12.70
72.40 34.50 14.00
72.40 38.90 14.00
72.40 42.60 14.30
72.40 46.10 14.30
72.40 47.30 14.30
72.40 47.70 14.00
72.40 48.30 14.00
72.40 47.00 13.40
72.40 46.10 12.70
72.40 45.80 12.70
72.40 45.20 12.70
72.40 43.00 12.40
72.40 41.70 12.40
72.40 41.10 11.50
72.40 40.10 11.50
72.40 39.80 11.50
72.40 38.60 9.90
72.40 37.00 9.90
72.40 36.10 9.90
72.40 34.50 9.60
72.40 34.20 9.60
72.40 32.90 9.30
72.40 32.30 9.60
72.40 31.70 8.70
72.40 30.40 8.70
72.40 29.80 8.30
72.40 29.50 8.00
72.40 28.20 8.00
72.40 27.30 7.70
72.40 27.30 7.10
72.40 25.40 7.10
72.40 25.10 6.80
72.40 24.40 6.50
72.40 23.20 6.80
72.40 22.90 6.20
71.20 22.20 6.20
69.60 22.20 5.50
67.10 21.30 6.20
64.30 20.10 5.50
63.30 20.10 6.20
61.40 19.40 5.50
59.60 18.50 4.90
58.00 18.20 4.90
56.40 17.50 5.20
54.20 17.20 4.30
52.70 17.20 4.30
51.40 15.70 4.30
49.80 15.00 4.30
49.20 15.70 4.00
47.00 14.10 4.00
46.10 14.40 4.00
44.80 13.80 4.00
43.60 12.80 3.30
42.30 13.80 4.00
41.40 12.20 4.00
39.80 12.20 3.60
39.20 11.60 2.70
37.60 11.00 3.60
37.00 11.30 2.70
36.40 10.00 3.30
35.10 10.30 2.70
34.80 9.40 2.70
33.80 10.00 2.70
32.00 9.40 2.70
31.30 8.80 2.40
30.70 9.70 2.70
29.40 7.50 2.70
28.50 8.40 2.40
28.20 8.40 2.40
26.60 7.50 2.40
26.30 8.40 2.40
25.40 6.90 3.30
24.70 6.90 2.40
23.80 6.60 2.70
23.20 6.60 2.10
21.90 5.90 2.40
21.30 5.90 2.10
20.70 5.90 2.10
20.40 5.30 2.10
19.10 5.60 2.10
18.50 5.00 2.10
18.50 5.30 2.10
18.20 5.30 2.10
17.80 4.10 2.40
17.50 5.30 2.10
16.60 3.70 2.10
16.30 4.40 1.40
15.00 5.00 2.10
16.00 3.10 1.40
15.00 5.00 1.40
14.70 3.70 2.10
13.40 3.10 2.10
13.40 4.10 1.10
12.20 2.80 1.10
12.50 3.70 1.40
12.50 2.80 1.40
11.30 2.80 1.10
10.90 3.10 1.40
10.90 3.10 1.10
10.30 2.80 2.10
10.30 3.10 1.10
9.70 2.80 0.80
9.70 1.50 1.10
9.40 2.80 1.40
9.10 2.50 1.10
8.40 2.50 1.10
8.40 2.50 0.80
8.10 1.50 1.10
8.10 2.50 0.80
7.80 1.50 0.80
7.50 2.20 0.80
6.90 2.20 0.80
7.50 1.50 1.10
6.90 2.50 1.10
6.50 1.50 0.80
6.50 1.20 0.80
6.50 1.50 1.10
5.90 1.20 1.10
6.20 2.20 1.10
5.90 1.20 1.10
6.20 1.50 0.80
5.30 1.50 0.80
5.00 1.20 0.80
5.90 1.20 0.80
5.00 1.20 0.80
5.30 1.20 1.10
5.00 1.20 -0.10
4.70 1.20 1.10
5.30 0.90 -0.10
4.70 1.20 1.10
4.70 0.90 0.80
4.70 0.90 -0.10
4.70 1.50 -0.10
4.70 0.30 0.80
4.00 1.20 0.80
4.70 1.20 1.10
3.70 0.00 -0.10
3.70 0.90 0.80
3.70 0.30 0.80
3.70 0.30 0.80
3.70 1.20 -0.10
3.40 0.00 0.80
3.70 1.20 -0.40
3.40 0.00 0.80
3.10 1.20 0.80
3.40 0.00 -0.10
2025 2 5 9 55 5 2
199.21 210.88 195.51 10.80 12.50 18.10 40.80 39.48 66.05 37.81 201.88 39.77 170.51 206.97 214.10 197.05
-0.20 -0.70 0.90
0.50 0.30 -0.10
0.50 -0.40 1.20
0.50 0.00 0.90
0.50 0.30 -0.10
-0.20 -0.70 0.90
-0.20 0.30 0.90
0.80 0.30 -0.10
-0.20 -0.70 -0.10
0.50 0.00 -0.10
0.50 -0.40 0.90
0.50 0.00 0.90
-0.20 -0.40 -0.10
0.50 0.00 0.90
0.50 0.00 -0.10
0.50 -0.40 0.90
-0.20 0.30 -0.10
-0.20 -0.40 0.90
-0.20 0.00 -0.10
0.50 0.00 -0.40
0.50 -0.40 -0.10
-0.20 0.90 0.90
-0.20 -0.70 0.90
0.80 0.00 -0.10
0.50 0.00 -0.10
0.50 -0.40 0.90
0.50 0.30 -0.40
0.50 0.00 0.90
0.80 -0.40 0.90
0.50 0.30 0.90
-0.20 0.00 -0.10
0.50 0.00 0.90
0.80 0.00 0.90
-0.20 0.00 0.90
-0.20 -0.40 0.90
0.50 0.00 -0.40
-0.20 0.90 0.90
0.80 -0.70 0.90
0.50 -0.40 -0.10
0.50 0.30 0.90
-0.20 0.00 -0.10
0.50 0.00 -0.10
0.50 -0.40 0.90
0.80 0.30 0.90
-0.20 0.00 -0.10
-0.20 0.00 -0.10
-0.20 0.30 -0.10
0.50 -0.40 -0.10
0.50 0.00 0.90
-0.20 0.00 4.00
-0.50 -0.70 7.80
2.00 0.30 12.20
2.70 -0.40 15.30
4.90 1.50 16.60
5.50 1.50 17.20
7.70 4.40 17.80
7.70 8.40 18.10
9.60 8.10 17.20
9.90 9.70 17.80
10.80 9.70 17.80
10.50 10.90 17.20
9.90 11.60 16.90
9.90 10.30 16.90
10.80 12.50 16.60
9.90 10.30 16.30
10.50 10.90 15.60
9.60 11.60 15.30
9.90 10.30 15.00
9.60 11.60 14.40
9.60 10.90 14.40
8.60 9.70 13.70
8.60 10.30 13.40
8.30 9.70 13.40
8.30 9.70 12.80
7.70 9.70 12.50
8.60 9.40 12.20
7.10 8.70 12.20
7.70 9.40 11.50
7.10 8.10 10.60
7.10 8.70 10.00
6.70 8.40 10.00
6.70 7.50 10.00
6.70 8.10 9.70
6.40 7.50 9.40
6.10 6.90 9.40
6.40 6.90 8.70
5.20 6.90 8.70
5.50 5.60 8.10
5.20 6.90 8.40
5.50 5.60 7.80
5.50 5.30 8.10
4.90 5.90 7.80
4.90 4.00 7.20
5.20 5.60 7.20
4.20 5.30 7.20
4.90 4.40 6.50
4.20 5.30 6.50
4.20 4.00 6.50
4.20 5.30 6.50
3.90 4.40 5.60
3.60 4.00 5.60
3.60 5.00 5.60
3.90 3.10 5.60
3.90 4.40 5.30
3.60 3.10 5.30
3.90 4.40 5.60
3.60 3.70 5.30
3.90 2.50 4.30
3.30 4.00 4.30
3.60 2.50 4.30
3.30 3.70 4.30
2.70 3.10 4.30
2.70 1.50 4.00
3.30 3.70 4.00
2.70 1.50 4.00
2.70 3.10 4.00
2.40 3.10 4.00
2.70 2.20 4.00
2.40 2.80 3.40
2.70 2.80 2.80
2.40 2.20 4.00
2.40 2.80 3.40
2.40 2.20 3.40
2.70 2.20 3.40
2.40 1.50 3.40
2.00 1.50 2.80
2.00 1.20 3.40
2.00 2.20 2.40
1.10 2.50 2.40
1.10 1.50 2.80
2.00 1.50 2.80
2.00 1.50 2.40
2.00 1.50 2.80
2.00 2.20 2.10
2.00 0.30 2.10
2.00 1.50 2.10
1.10 1.20 2.10
1.10 1.50 2.10
1.10 1.50 2.10
1.10 0.30 1.20
0.80 1.50 2.10
1.10 1.20 1.50
1.10 0.30 2.10
1.10 2.20 1.50
1.10 0.00 2.10
0.80 1.50 1.50
0.80 0.90 2.10
2.00 0.90 1.50
0.80 1.20 1.50
0.80 0.90 1.50
0.50 1.20 1.50
0.80 1.20 1.20
0.80 0.90 1.50
0.80 1.20 1.20
0.50 0.00 1.50
1.10 1.20 0.90
0.80 0.90 1.20
1.10 0.00 1.20
0.80 0.90 1.20
0.80 0.90 1.20
0.80 0.30 1.20
0.80 1.20 0.90
0.50 0.00 1.50
0.80 0.90 0.90
0.80 0.90 1.20
0.80 -0.40 1.50
0.50 1.20 1.50
1.10 0.30 -0.10
1.10 0.90 1.20
0.80 0.00 1.20
1.10 -0.40 1.20
0.80 0.90 -0.10
0.80 -0.40 1.20
0.80 1.20 0.90
1.10 -0.40 0.90
0.80 1.20 0.90
0.80 0.30 1.20
0.80 0.00 0.90
0.80 1.20 1.20
0.50 -0.70 0.90
0.80 0.90 0.90
0.80 -0.40 0.90
0.80 -0.40 1.20
0.80 1.20 -0.10
0.80 -0.70 1.20
0.80 1.20 0.90
0.80 -0.40 0.90
0.80 0.90 -0.40
0.80 0.30 0.90
1.10 -0.70 -0.10
0.50 1.20 0.90
0.80 -0.40 -0.10
0.50 1.20 -0.10
0.80 0.30 0.90
0.50 -0.70 1.20
0.80 1.50 -0.10
0.50 -0.70 -0.10
0.80 1.20 0.90
-0.20 0.00 0.90
0.80 0.00 -0.10
2025 2 5 10 7 29 709
199.15 203.37 200.88 22.40 8.30 38.60 78.38 27.66 133.79 11.71 243.04 54.28 218.62 199.80 216.88 199.74
0.40 0.10 -0.30
-0.20 0.80 0.60
-0.20 -0.20 -0.30
0.40 0.10 0.60
0.40 0.80 -0.60
-0.20 -0.50 -0.30
0.40 1.10 -0.30
-0.20 -0.50 0.90
0.40 0.10 0.60
0.40 1.10 -0.30
0.40 -0.80 -0.60
-0.20 1.10 -0.30
0.40 -0.50 -0.30
-0.20 0.10 -0.30
0.40 0.80 -0.60
-0.20 -0.50 -0.30
0.40 1.10 -0.30
-0.50 -0.50 0.60
-0.20 0.80 -0.30
0.40 0.10 0.60
0.40 0.80 -0.30
-0.20 1.10 -0.60
-0.20 -0.50 -0.60
-0.20 0.80 0.60
0.40 -0.20 -0.30
-0.20 0.10 -0.60
0.40 0.10 -0.30
-0.20 -0.50 -0.30
-0.20 0.80 -0.30
0.40 -0.50 -0.30
-0.20 0.80 0.60
-0.20 -0.20 -0.30
-0.20 0.80 -0.60
-0.20 0.10 -0.60
0.40 -0.20 -0.30
-0.20 0.80 -0.30
-0.20 0.10 -0.30
-0.20 0.80 -0.60
0.40 -0.20 0.60
-0.20 0.80 -0.30
-0.20 0.10 -0.30
-0.20 -0.50 -0.30
-0.20 0.80 0.60
0.40 -0.20 0.90
0.40 0.10 -0.30
-0.50 -0.20 -0.30
-0.20 0.10 -0.30
-0.20 0.10 -0.30
0.40 -0.20 -0.30
-0.20 -0.20 0.60
0.70 -0.20 5.30
3.80 0.80 16.30
7.00 1.10 21.30
10.40 2.30 26.70
14.20 3.60 29.50
16.10 3.90 33.30
18.60 5.20 35.50
20.50 5.20 36.70
21.10 6.40 37.70
22.00 6.40 38.60
22.40 6.40 38.30
22.00 8.00 38.00
22.00 8.00 37.00
22.00 8.00 36.70
21.40 8.30 35.50
21.10 8.00 35.10
20.80 7.40 34.80
19.80 7.40 33.90
19.50 7.40 32.60
19.20 7.40 31.10
18.60 8.00 30.40
18.00 6.70 29.80
17.70 7.40 28.60
17.00 6.70 28.20
16.70 6.40 27.00
16.10 6.40 26.70
16.10 6.40 26.70
15.10 5.80 26.40
15.50 5.80 25.10
14.80 5.50 24.80
14.80 5.80 23.80
14.20 5.20 22.60
13.60 5.20 22.30
13.30 4.90 21.30
13.30 4.90 20.70
12.30 4.90 20.40
12.30 5.20 19.80
11.10 4.20 19.10
11.40 4.90 18.20
10.40 4.20 17.90
10.70 4.20 17.60
9.80 3.60 16.90
9.80 3.90 16.30
9.50 4.20 16.30
9.50 3.00 15.40
8.60 3.60 15.40
9.20 3.00 14.70
7.90 3.00 14.10
7.90 3.60 13.50
7.90 2.70 12.60
8.20 3.00 13.20
7.60 2.70 12.60
7.60 3.00 11.90
6.70 2.70 11.90
7.00 2.30 11.30
6.70 2.70 10.70
6.40 2.00 10.40
6.40 2.70 10.40
6.40 2.00 9.70
6.00 2.00 9.70
6.00 2.70 9.10
5.40 1.40 9.10
6.00 2.30 8.50
5.10 1.40 8.20
4.80 2.00 8.20
4.80 2.00 7.80
4.80 1.40 7.50
4.80 2.00 6.90
4.80 2.00 6.90
4.80 1.40 6.90
4.20 1.40 6.60
3.80 1.40 6.30
3.80 1.10 6.30
3.80 1.10 6.30
3.80 2.00 5.30
3.50 1.10 6.00
3.50 2.00 5.30
3.50 1.10 6.00
3.50 0.80 5.00
3.20 1.40 4.70
3.20 0.80 5.00
3.20 1.10 4.70
3.50 1.40 4.70
2.30 0.80 4.70
3.20 1.10 4.10
2.60 1.10 4.70
3.20 0.10 3.80
2.60 1.10 3.80
2.60 0.80 3.80
2.30 0.10 3.80
2.60 2.00 3.80
2.30 0.10 3.80
2.30 0.80 3.80
2.30 0.80 3.80
2.30 0.10 3.50
2.30 1.10 3.80
2.30 0.80 3.50
2.00 0.10 3.50
2.00 0.80 3.10
2.00 0.10 3.50
2.00 0.80 3.10
1.00 -0.20 3.10
1.00 0.80 2.50
2.00 -0.80 2.50
2.00 0.80 3.10
1.00 0.80 2.50
2.00 -0.20 2.20
2.00 0.80 2.20
2.00 -0.20 2.50
1.00 0.10 2.50
2.30 0.10 2.20
0.40 -0.20 2.20
1.00 0.10 2.20
0.70 -0.20 1.90
1.00 0.10 2.20
0.70 -0.20 2.20
1.00 0.10 1.90
0.70 0.10 1.90
2.00 0.10 1.30
0.70 0.80 1.30
0.70 -0.20 2.20
0.70 1.10 1.90
0.70 -0.20 1.30
0.40 -0.20 1.30
0.70 0.10 1.30
0.40 -0.20 1.30
0.70 1.10 1.30
0.70 -0.50 1.30
0.40 0.10 1.90
0.70 0.10 1.30
0.40 -0.20 0.90
0.40 0.10 1.30
0.40 0.10 1.30
0.40 -0.50 1.30
0.40 0.10 0.90
0.40 -0.20 1.30
0.40 -0.20 0.90
0.70 0.10 1.30
0.70 -0.20 1.30
0.40 0.80 0.90
0.70 0.10 0.90
0.40 -0.50 0.90
0.70 0.80 1.90
0.70 -0.50 1.30
0.70 0.10 0.90
0.40 -0.50 1.30
0.70 0.10 1.30
0.40 -0.20 1.30
0.40 -0.50 0.90
0.70 -0.20 1.30
2025 2 5 10 14 38 469
196.27 190.93 196.26 9.40 11.70 13.90 31.65 40.49 45.19 14.67 38.94 14.29 78.90 202.73 198.15 199.43
-0.60 -0.20 -0.50
-0.30 0.40 -0.50
-0.30 -0.20 -0.50
-0.30 0.10 -0.20
-0.30 -0.20 -0.20
-0.30 0.40 -0.20
-0.60 0.10 -0.20
-0.30 -0.20 -0.20
-0.60 0.10 -0.20
0.30 -0.60 -0.20
-0.60 0.10 -0.20
-0.30 0.10 -0.50
-0.30 -0.20 -0.20
0.30 1.00 -0.50
-0.30 -0.60 -0.50
-0.30 0.10 -0.20
0.30 0.10 -0.20
0.30 0.10 -0.50
0.30 0.40 -0.50
0.30 -0.20 -0.50
-0.60 0.10 -0.20
-0.60 0.10 -0.20
-0.30 0.10 -0.50
0.30 -0.20 -0.50
0.30 0.10 -0.50
-0.30 1.00 -0.50
-0.30 -0.60 -0.20
0.30 1.00 -0.20
-0.60 -0.20 -0.20
-0.30 -0.20 -0.20
0.30 1.00 -0.50
-0.60 -1.20 0.70
0.30 0.40 -0.20
-0.30 -0.20 -0.20
0.30 -0.60 -0.20
0.30 1.00 -0.50
-0.30 -0.60 0.70
0.60 0.40 -0.50
-0.30 -0.20 0.70
-0.30 -0.20 -0.20
0.30 1.00 -0.20
0.30 -0.20 -0.50
-0.30 0.40 -0.20
0.30 -0.60 -0.50
-0.30 -0.20 -0.20
0.30 1.00 -0.50
0.30 -0.60 -0.20
-0.30 1.00 -0.20
0.30 0.10 0.70
0.60 1.30 2.60
0.60 4.20 5.40
3.20 4.50 7.60
4.70 7.60 9.20
7.50 7.00 10.70
8.20 9.50 12.00
8.50 10.10 13.30
9.10 9.50 13.90
9.40 11.70 13.30
9.40 10.40 13.60
9.10 11.70 13.60
8.50 11.10 13.60
9.10 10.10 12.30
8.50 11.10 12.30
8.50 9.80 12.30
7.90 10.10 12.00
8.20 9.80 12.00
8.20 9.50 10.70
8.20 8.90 10.40
7.50 8.50 10.40
7.90 9.80 9.50
6.90 7.60 9.50
6.90 8.90 9.20
6.60 8.20 8.50
6.60 8.20 8.20
6.30 8.50 8.50
6.30 7.60 8.20
6.30 7.00 8.50
6.30 7.60 7.90
6.30 6.00 8.20
6.00 7.00 7.90
5.40 6.70 7.90
5.40 6.00 7.00
5.00 6.70 7.60
5.00 6.00 6.70
4.70 5.40 6.70
5.00 5.70 6.40
4.70 5.40 6.40
4.70 5.40 6.40
4.10 5.40 6.00
4.70 5.10 6.00
3.80 5.40 6.00
4.70 4.50 5.40
4.10 5.10 6.00
4.10 4.50 5.10
3.80 4.20 5.40
3.50 5.10 5.10
3.80 3.20 5.10
4.10 5.10 4.80
3.50 3.20 4.80
4.10 4.20 4.80
3.20 4.20 4.80
3.50 2.90 3.80
3.20 4.20 4.20
3.50 2.90 3.80
2.50 3.20 3.80
3.20 3.80 3.50
2.50 2.60 3.80
2.50 4.20 3.50
2.50 2.60 3.50
2.50 3.20 3.50
2.50 2.60 3.50
2.50 2.90 2.60
1.90 3.20 3.20
2.20 2.30 2.60
1.90 3.20 3.20
2.20 1.60 3.20
1.90 2.60 3.20
2.20 2.60 2.60
1.90 1.30 2.60
2.20 3.20 2.60
1.00 1.30 3.20
2.20 2.30 2.30
1.90 2.60 2.00
1.90 1.00 2.30
1.00 2.60 2.30
1.00 1.60 2.30
1.00 1.30 2.60
1.90 2.30 1.30
1.00 1.00 2.30
1.90 1.60 1.30
1.90 1.60 2.00
1.00 1.30 2.00
0.60 1.30 2.00
1.00 1.30 1.00
0.60 1.30 1.30
1.90 1.30 1.30
1.00 1.30 2.00
0.60 1.30 2.00
0.60 1.00 1.30
0.60 1.30 1.30
0.30 0.40 2.00
1.00 1.30 1.00
1.00 1.30 1.00
1.00 1.00 1.30
0.60 1.30 1.00
0.60 0.40 1.00
0.30 1.30 1.30
0.30 1.00 1.00
0.30 1.00 1.00
0.60 1.30 1.00
0.60 0.40 1.30
0.60 1.00 1.00
0.30 1.00 1.00
0.60 1.00 0.70
0.30 1.00 1.00
0.60 0.40 0.70
0.30 1.00 1.00
0.30 0.40 1.00
0.60 1.00 1.00
0.60 1.30 -0.20
0.30 0.40 0.70
0.30 1.00 0.70
0.30 0.40 0.70
0.60 0.40 0.70
0.30 1.30 0.70
0.30 0.40 0.70
0.30 1.00 1.00
0.30 0.40 0.70
0.30 0.10 1.00
0.60 1.30 0.70
0.30 0.40 1.00
0.30 0.40 -0.20
0.30 1.30 -0.20
0.30 0.10 -0.20
-0.30 1.00 0.70
0.30 0.40 0.70
-0.30 -0.20 0.70
0.30 1.30 1.00
0.60 -0.20 1.00
0.60 1.30 -0.20
0.30 0.40 0.70
0.30 1.00 0.70
0.30 1.00 0.70
0.30 -0.20 0.70
-0.30 1.60 -0.20
0.30 0.10 0.70
-0.30 1.30 0.70
-0.30 1.30 -0.50
-0.30 0.10 0.70
0.30 1.60 -0.20
-0.30 0.40 -0.20
0.30 1.30 -0.20
0.30 0.40 -0.20
0.30 1.30 0.70
0.30 1.00 -0.20
0.30 0.40 -0.20
0.30 1.00 -0.20
0.30 0.40 -0.20
-0.30 1.30 0.70
0.30 0.40 -0.20
2025 2 5 10 25 38 263
192.12 201.69 200.46 72.30 39.70 12.60 472.39 146.65 42.62 33.64 265.27 47.47 282.22 190.32 199.79 204.00
0.20 -1.10 1.00
0.50 1.10 -0.30
-0.80 -0.10 1.00
0.20 -0.10 0.60
0.20 0.20 1.00
0.20 -0.10 0.60
-0.50 -0.10 -0.30
0.20 -0.10 0.60
0.20 -0.50 0.60
-0.50 0.50 0.60
0.20 -0.10 -0.30
0.20 0.50 0.60
-0.50 -0.50 1.00
0.20 0.50 0.60
0.20 -0.50 -0.30
0.20 -0.50 0.60
-0.50 0.50 0.60
0.20 -0.50 -0.30
0.20 0.50 -0.30
0.50 -0.10 0.60
-0.50 -0.50 0.60
0.20 1.10 -0.30
0.20 -1.10 -0.30
0.20 0.20 0.60
-0.50 -0.10 0.60
0.20 0.50 0.60
0.20 1.10 0.60
0.20 -0.10 -0.60
-0.50 0.20 1.00
0.20 0.20 -0.30
-0.80 0.20 1.00
-0.50 0.20 0.60
0.20 -0.10 1.00
0.20 1.10 0.60
-0.50 -0.10 0.60
0.20 0.50 0.60
-0.50 0.20 -0.30
-0.50 0.20 0.60
-0.50 0.50 -0.30
-0.50 -0.50 -0.30
0.20 0.50 0.60
0.20 -0.10 -0.30
-0.80 -0.10 0.60
0.20 0.50 -0.60
-0.50 -0.10 -0.30
0.20 1.40 0.60
-0.50 -0.50 -0.30
0.20 0.50 -0.30
-0.50 -0.10 1.00
4.90 -0.10 -0.30
25.90 1.40 2.20
59.80 1.40 5.00
72.30 7.70 7.90
72.30 12.70 8.50
72.30 19.00 9.70
72.30 26.80 10.70
72.30 30.60 11.90
72.30 34.00 12.30
72.30 35.90 12.30
72.30 37.20 12.60
72.30 37.50 12.30
72.30 38.40 11.90
72.30 39.70 11.30
72.30 38.80 10.70
72.30 39.10 10.70
72.30 37.50 11.30
72.30 38.40 10.40
72.30 36.20 9.70
72.30 35.90 10.40
72.30 37.20 9.40
72.30 34.40 9.40
72.30 34.40 9.10
72.30 32.50 9.10
72.30 31.90 8.50
72.30 31.20 7.90
72.30 29.70 7.90
72.30 30.00 8.20
72.30 29.00 7.50
72.30 27.80 7.90
72.30 27.10 6.90
72.30 27.10 7.50
72.30 26.20 6.60
72.30 24.60 6.60
72.30 25.30 6.30
72.30 23.40 6.30
72.30 24.00 6.00
72.30 23.10 6.00
72.30 21.20 6.00
72.30 22.40 6.00
72.30 20.60 5.00
72.30 20.60 5.40
72.30 19.90 5.00
72.30 19.00 5.40
72.30 18.70 4.70
72.30 17.70 4.70
72.30 18.70 4.10
72.30 16.20 4.10
72.30 16.20 4.10
72.30 15.90 4.10
72.30 14.60 3.80
71.40 15.50 4.10
69.80 14.00 3.80
67.60 14.00 3.80
65.40 14.00 3.20
63.20 12.40 3.50
62.00 13.30 3.50
59.80 11.80 3.50
58.20 11.80 3.20
56.60 11.80 3.50
54.10 11.80 3.20
53.50 11.80 3.20
51.30 10.50 2.50
49.70 10.20 3.20
48.20 10.20 2.50
46.90 10.20 2.50
46.30 9.60 2.50
44.10 9.90 2.20
42.50 9.60 2.20
41.00 9.00 2.20
41.00 9.60 1.90
39.10 7.70 2.20
38.10 8.60 1.90
36.90 8.30 1.90
35.90 7.70 1.90
35.00 8.30 2.50
34.10 7.70 1.90
32.20 6.80 1.90
32.20 7.70 1.30
30.90 5.80 1.90
30.30 7.10 1.90
29.00 6.10 1.90
28.40 5.80 1.30
27.50 6.80 1.90
26.80 5.50 1.30
26.20 6.10 1.90
25.30 5.50 1.30
24.60 5.50 1.30
24.00 5.80 1.00
23.40 5.20 1.90
23.40 5.20 1.00
23.10 4.20 1.30
21.80 5.20 1.00
20.90 4.20 1.30
20.20 4.60 1.00
19.60 4.20 1.30
19.00 4.20 1.00
19.00 4.20 1.00
18.10 3.30 0.60
16.80 3.90 1.30
17.40 3.30 0.60
16.50 3.30 1.00
15.90 4.20 1.30
15.90 3.00 1.00
15.90 4.20 0.60
14.90 3.00 1.00
14.90 3.30 0.60
14.00 3.30 1.00
14.00 2.70 1.00
13.70 3.90 1.30
13.70 2.40 0.60
13.00 3.00 0.60
12.40 3.00 -0.30
11.20 2.70 0.60
12.10 3.30 1.00
10.80 2.70 0.60
10.80 3.00 0.60
10.50 1.70 1.00
10.50 3.00 1.00
9.60 2.40 0.60
9.30 3.00 0.60
10.20 2.70 0.60
8.30 1.70 -0.60
9.30 2.70 0.60
9.30 1.70 -0.30
8.30 1.70 0.60
8.30 2.40 -0.30
7.70 1.40 0.60
7.70 3.00 -0.30
7.40 1.40 0.60
6.80 2.70 -0.30
7.40 1.40 1.00
6.80 1.70 0.60
6.40 2.40 0.60
6.40 1.10 -0.30
6.10 1.40 -0.30
6.10 1.40 -0.30
6.10 1.40 0.60
6.10 2.40 0.60
6.10 0.50 -0.30
5.80 2.40 -0.30
5.20 1.40 0.60
5.20 1.40 -0.30
4.90 1.70 0.60
5.20 1.40 -0.60
4.60 1.40 -0.30
4.90 1.10 0.60
4.90 1.40 0.60
5.80 1.40 0.60
4.60 1.40 1.00
4.60 1.40 0.60
2025 2 5 10 25 48 54
200.52 192.20 206.36 72.50 71.60 16.60 261.79 458.86 61.10 31.83 6.56 43.85 344.12 196.26 190.00 208.00
0.40 0.10 0.60
-0.30 0.10 -0.30
0.40 0.40 -0.70
-0.30 0.10 -0.70
-0.30 0.10 -0.70
0.40 0.40 -0.30
-0.30 0.40 -0.30
0.40 -0.30 -0.70
-0.30 0.40 -0.30
-0.60 0.10 -0.30
0.40 0.40 -0.70
0.40 -0.30 -0.30
-0.30 0.10 -0.30
0.40 0.40 0.60
0.40 0.10 -0.70
-0.60 0.10 -0.70
-0.30 0.10 -0.30
-0.30 -0.30 -0.30
0.40 0.10 -0.70
-0.30 0.10 -0.70
-0.30 0.10 -0.30
-0.60 -0.30 -0.30
0.40 1.00 -0.30
-0.30 0.10 -0.70
0.40 0.40 -0.30
-0.30 0.10 -0.70
-0.30 -0.30 -0.70
-0.30 0.10 -0.30
-0.30 0.40 0.60
-0.30 -0.30 0.60
0.40 1.00 -0.70
-0.30 0.40 -0.70
-0.30 -0.30 -0.70
-0.30 0.40 -0.30
0.40 -0.30 -0.70
-0.30 0.40 -0.30
0.40 0.40 -0.30
-0.30 0.10 -0.70
-0.30 1.00 -0.70
-0.30 0.10 -0.70
-0.30 0.10 -0.70
0.40 -0.30 -0.30
0.40 0.40 -0.30
-0.30 0.10 -0.30
0.40 0.40 -0.30
-0.60 1.00 -0.30
0.40 0.10 -0.30
-0.30 1.00 -0.70
0.40 0.10 -0.30
0.40 2.90 -0.70
2.20 19.80 -0.70
7.90 51.20 0.90
19.80 71.60 5.00
30.50 71.60 9.10
41.50 71.60 11.30
52.10 71.60 13.50
60.00 71.60 15.00
65.00 71.60 16.30
69.40 71.60 16.00
72.50 71.60 16.30
72.50 71.60 16.60
72.50 71.60 16.30
72.50 71.60 15.30
72.50 71.60 15.00
71.60 71.60 15.00
69.70 71.60 15.00
68.10 71.60 14.70
67.20 71.60 13.80
64.40 71.60 14.10
62.80 71.60 13.80
61.50 71.60 13.80
59.30 71.60 13.50
58.40 71.60 13.80
56.80 71.60 13.50
55.30 71.60 12.50
53.70 71.60 13.20
52.40 71.60 12.50
51.20 71.60 12.50
50.50 71.60 12.20
49.60 71.60 11.30
48.00 71.60 11.30
47.10 71.60 10.60
46.50 71.60 9.70
44.30 71.60 10.60
42.70 71.60 9.70
41.10 71.60 9.70
39.90 71.60 9.40
39.30 71.60 9.10
38.30 71.60 9.10
37.70 71.60 9.10
36.70 71.60 8.10
35.20 71.60 7.80
33.90 71.60 7.80
32.70 71.60 7.80
32.00 71.60 7.50
31.10 71.60 7.50
29.80 71.60 6.60
28.60 71.60 6.90
28.30 70.30 6.60
27.60 68.80 6.60
27.00 67.20 6.20
26.10 64.70 6.60
25.50 64.40 6.20
24.80 61.60 5.90
23.90 60.00 5.30
23.30 57.80 5.90
23.30 56.80 5.00
21.10 54.60 5.00
21.10 52.80 5.00
20.40 52.50 5.30
19.80 50.30 4.70
18.50 48.70 4.70
19.20 47.40 4.70
17.60 45.60 4.10
17.60 45.60 4.70
16.70 43.00 4.70
16.40 41.50 4.10
16.00 41.20 4.70
15.10 39.90 3.70
14.80 37.70 3.70
14.80 37.40 4.10
14.20 35.80 4.10
13.50 35.50 3.70
13.20 34.30 4.10
12.60 32.40 3.70
12.60 32.70 3.70
12.60 31.10 3.70
10.70 30.50 3.40
11.00 30.20 3.70
10.40 28.30 3.40
10.40 28.60 3.10
9.80 27.40 3.40
9.80 27.00 3.10
9.50 26.70 3.40
9.50 25.20 3.10
9.10 24.50 2.50
9.10 23.30 2.50
8.50 23.90 2.50
8.20 22.30 3.10
8.20 21.40 2.50
7.90 21.70 2.50
6.90 19.80 2.50
7.60 20.50 1.90
6.60 19.50 2.50
6.90 18.60 2.50
6.60 18.60 3.10
6.60 17.00 1.90
6.60 17.60 1.90
6.00 15.70 1.90
5.40 16.10 2.20
6.60 15.40 1.90
6.00 15.10 1.90
5.40 15.10 1.90
5.10 14.20 2.20
5.40 14.50 1.90
5.10 13.20 1.20
5.10 12.90 2.20
4.70 13.20 1.20
4.70 11.70 0.90
4.70 12.60 1.20
4.10 11.70 1.20
4.10 10.40 1.90
4.10 12.30 1.20
3.80 9.80 1.20
4.70 11.40 0.90
4.10 9.80 1.20
4.70 9.80 1.20
4.70 11.40 1.20
4.10 8.80 0.90
3.50 9.50 1.20
4.10 9.50 0.90
3.80 8.50 0.60
3.50 9.50 0.90
3.50 7.60 1.20
3.80 8.50 0.90
3.20 7.00 0.90
4.10 7.60 0.90
2.50 7.60 0.90
3.20 6.60 0.90
3.20 7.00 0.90
2.50 6.00 0.60
2.50 6.60 0.90
3.20 6.00 -0.30
3.20 5.70 0.90
2.50 6.00 -0.30
2.50 5.10 0.60
2.50 5.70 0.60
3.20 5.40 0.60
2.50 5.10 -0.30
2.20 5.10 0.90
2.50 5.10 -0.30
1.90 4.10 -0.30
2.20 4.50 0.90
2.20 4.50 0.90
2.50 4.10 -0.30
2.20 4.50 -0.30
1.90 3.80 -0.30
1.90 4.50 0.60
2.20 4.50 -0.30
1.90 3.80 -0.30
2025 2 5 10 26 25 766
201.49 201.00 197.47 72.40 6.70 21.60 276.20 22.91 78.66 11.17 132.37 54.96 218.10 198.30 215.50 198.09
-0.40 0.10 -0.40
-0.40 1.00 -0.10
0.30 0.10 -0.10
-0.40 0.10 0.80
0.30 0.40 -0.40
-0.40 0.10 -0.10
0.30 0.40 0.80
-0.70 -0.50 -0.10
0.30 1.00 -0.10
-0.40 0.10 -0.40
0.30 0.10 0.80
-0.40 0.10 -0.10
-0.40 0.10 -0.40
0.30 0.40 -0.10
0.30 -0.20 -0.10
-0.40 -0.20 0.80
0.30 0.10 -0.40
0.30 0.10 -0.10
-0.40 0.40 -0.40
-0.40 -0.20 0.80
0.30 0.40 -0.40
-0.40 0.10 -0.10
-0.70 0.10 -0.10
-0.70 0.40 -0.10
0.30 0.10 -0.40
-0.70 0.10 -0.10
-0.40 -0.20 -0.10
0.30 -0.20 -0.40
-0.40 0.40 -0.10
-0.40 -0.50 0.80
0.30 0.10 -0.10
-0.40 0.10 -0.10
-0.40 -0.20 -0.10
-0.40 -0.20 0.80
0.30 0.40 -0.40
-0.40 0.40 0.80
0.30 -0.20 -0.10
-0.70 0.40 -0.10
-0.40 0.10 -0.10
0.30 0.10 -0.10
0.30 0.10 -0.10
-0.40 -0.20 -0.10
0.30 1.00 -0.40
-0.40 -0.50 0.80
0.30 0.10 -0.40
-0.40 0.40 -0.10
0.30 -0.50 -0.40
-0.40 0.40 0.80
0.30 0.40 -0.10
-0.40 0.10 2.70
0.60 0.40 7.10
5.00 0.10 12.50
16.90 1.70 14.30
29.40 3.20 18.10
42.00 4.20 20.00
54.20 4.20 21.60
64.90 5.80 21.60
72.10 5.40 21.20
72.40 6.10 21.60
72.40 6.70 21.60
72.40 6.10 20.60
72.40 6.70 20.90
72.40 6.10 20.90
72.40 5.80 20.00
72.40 6.70 18.70
72.40 5.40 18.70
72.40 6.10 18.40
72.40 5.40 18.10
71.20 5.80 17.80
69.30 6.10 16.80
67.70 5.40 16.50
64.90 5.40 16.50
63.60 5.40 15.60
62.10 5.10 15.30
59.90 5.40 15.00
58.00 5.10 15.30
56.70 5.40 15.00
55.20 4.20 14.30
54.20 5.40 14.00
52.30 3.90 13.70
51.40 4.20 12.80
49.80 4.20 12.50
49.20 3.90 12.10
47.00 3.90 12.10
46.10 3.20 11.50
44.80 3.20 10.90
43.20 3.90 10.60
41.40 2.90 10.60
40.70 2.90 9.90
39.20 2.90 9.60
37.90 3.20 9.30
36.70 2.30 9.30
36.00 3.20 8.70
34.80 2.30 8.70
33.80 2.30 8.10
32.60 3.20 8.40
31.90 1.70 7.70
30.40 2.90 7.10
30.40 2.30 7.10
29.10 1.70 7.10
28.20 3.20 7.10
26.90 1.40 7.10
26.60 2.90 6.80
26.30 1.70 7.10
25.40 2.30 6.50
24.70 1.70 6.80
24.10 1.70 6.20
23.20 2.30 6.20
22.20 2.30 6.20
21.00 1.70 5.60
21.00 1.40 5.60
20.30 1.70 5.60
19.70 2.30 5.20
18.50 0.40 5.20
19.10 2.30 4.90
18.10 0.40 5.20
17.50 1.70 4.30
17.50 1.40 4.30
16.60 1.00 4.30
15.90 1.70 4.30
16.30 0.40 4.00
15.30 1.40 4.00
15.00 1.00 4.00
14.70 0.10 4.00
14.10 1.70 3.40
13.80 1.40 3.70
13.80 1.70 3.40
13.10 1.00 3.70
13.10 0.40 3.70
12.20 1.40 3.40
12.20 0.40 2.70
11.20 1.00 3.40
10.90 1.40 2.70
10.30 0.10 2.70
10.60 1.40 2.70
10.30 0.40 2.70
9.70 0.40 2.40
9.40 1.00 2.40
9.00 0.40 3.40
8.40 0.40 2.70
9.00 0.40 2.10
8.10 0.10 2.40
8.10 0.10 2.10
7.80 1.00 2.10
7.50 0.10 1.50
6.80 0.40 2.10
7.50 0.40 1.50
6.80 0.10 2.10
6.50 1.40 1.50
6.50 0.10 2.10
6.20 1.00 1.50
5.90 1.00 2.10
5.30 -0.20 1.50
5.30 1.00 1.50
5.90 0.10 2.10
5.00 0.40 2.10
5.00 1.00 1.50
5.00 0.10 1.50
5.30 0.40 1.20
5.00 0.40 1.50
5.00 1.00 1.20
4.70 0.10 1.50
4.70 0.40 1.20
5.00 -0.20 1.20
4.70 0.40 1.20
4.70 0.10 1.20
4.70 -0.20 1.50
4.00 0.40 1.20
4.70 0.40 0.80
3.40 0.40 1.20
4.00 0.40 1.50
3.70 -0.20 2.10
3.70 1.40 1.20
3.70 -0.50 1.50
3.40 1.00 1.20
3.10 -0.50 2.10
3.70 0.10 0.80
3.10 1.00 1.20
3.10 -0.50 0.80
3.40 1.40 1.50
3.10 -0.20 0.80
2.10 0.10 1.20
3.10 0.40 1.20
2.50 -1.50 1.20
3.10 1.40 0.80
2.50 -0.50 1.20
2.50 0.40 1.20
2.50 0.10 1.20
2.50 -0.20 1.20
2.10 1.00 1.20
2.10 -0.20 1.20
2.10 0.40 1.20
2.10 -0.20 0.80
2.10 0.10 1.20
1.80 -0.20 1.20
0.90 -0.20 1.20
2.10 1.00 1.20
0.90 -0.50 1.20
2.10 1.40 0.80
0.90 -0.20 1.20
2025 2 5 10 27 29 534
190.22 192.15 193.57 10.30 18.80 12.00 33.82 61.28 42.14 9.98 287.63 7.10 24.17 196.38 193.98 197.03
-0.40 -0.30 -0.30
0.20 0.30 -0.60
-0.40 0.30 -0.30
0.20 -0.30 -0.60
-0.40 0.90 -0.30
0.20 -0.60 0.70
-0.40 0.30 0.70
0.20 0.00 -0.30
0.20 -0.30 -0.30
0.20 0.90 -0.30
0.20 -0.30 0.70
0.20 0.90 -0.30
-0.40 -0.30 -0.60
0.50 0.00 0.70
0.20 0.90 1.00
0.20 0.00 0.70
-0.40 0.30 0.70
0.20 0.30 0.70
0.20 0.00 0.70
0.20 0.90 -0.30
-0.40 -0.30 0.70
-0.40 0.30 -0.30
0.20 0.00 0.70
0.20 0.90 0.70
0.20 0.00 1.00
0.20 0.00 0.70
-0.40 0.90 -0.30
0.20 0.00 -0.30
-0.40 0.30 -0.30
0.50 0.30 0.70
-0.40 0.00 1.00
0.20 0.30 -0.30
0.20 0.00 -0.30
-0.40 0.30 -0.60
-0.40 0.90 0.70
0.20 0.00 0.70
-0.40 0.30 -0.30
0.20 0.90 -0.30
-0.40 -0.60 -0.60
0.20 0.30 -0.30
-0.40 0.00 -0.30
0.20 -0.30 -0.30
-0.40 0.00 0.70
0.20 0.30 -0.60
-0.40 0.00 -0.30
-0.40 0.90 -0.30
-0.40 0.00 0.70
-0.40 0.00 -0.30
0.20 1.30 1.30
2.10 2.50 4.10
3.70 4.40 7.60
6.20 9.40 7.90
7.50 11.60 9.50
8.10 14.10 10.40
8.40 15.70 11.30
9.30 15.70 11.30
9.30 16.90 11.30
9.60 18.20 12.00
9.30 16.90 12.00
10.30 18.80 11.30
9.30 17.30 10.70
9.30 17.60 10.40
9.00 17.30 10.70
9.00 15.70 9.80
8.40 17.30 10.40
8.40 15.40 9.80
8.10 15.70 9.50
8.10 15.10 9.10
7.80 13.80 8.50
8.10 14.10 8.50
6.80 12.90 8.50
7.80 13.80 7.90
6.50 12.20 7.90
7.50 12.50 7.60
6.50 11.60 7.90
6.50 11.00 7.00
6.50 12.90 7.00
6.50 10.40 7.00
6.20 11.30 6.60
6.50 11.30 6.30
5.90 9.40 6.30
5.90 11.00 6.30
4.90 8.50 6.60
5.30 10.00 6.00
4.90 9.40 6.00
5.30 8.80 5.40
4.90 9.40 6.00
4.90 8.20 5.40
4.60 8.50 5.40
4.60 8.20 5.10
4.60 7.50 5.10
4.60 7.50 4.80
4.00 6.00 4.80
4.00 7.50 4.10
3.70 6.00 5.10
3.70 6.60 3.80
3.40 6.00 4.10
3.40 5.30 3.80
3.40 6.60 4.10
4.00 5.30 3.50
3.10 5.30 3.80
3.40 5.30 3.20
3.10 5.00 3.80
3.10 5.30 3.50
2.40 5.00 3.50
2.40 4.40 3.20
2.40 4.10 3.50
2.40 4.40 3.50
2.40 4.10 3.20
2.40 4.10 3.20
2.40 3.80 2.60
3.10 3.10 3.20
2.40 4.10 2.60
2.40 3.10 2.60
2.10 3.10 2.20
2.40 3.80 2.60
2.10 2.80 2.60
2.40 3.10 2.20
2.10 3.10 2.20
0.90 2.80 1.90
1.80 2.80 2.20
2.10 3.10 1.90
2.10 2.50 2.20
2.10 3.10 1.90
0.90 2.50 1.90
1.80 2.50 1.90
1.80 2.50 2.20
2.10 2.50 1.90
0.90 2.20 1.90
0.90 2.80 1.90
0.90 1.60 1.90
2.10 2.50 1.30
0.90 2.20 1.90
1.80 2.50 1.30
1.80 2.80 1.90
0.90 1.60 1.90
0.50 2.50 1.30
1.80 2.20 1.30
0.90 2.50 1.90
1.80 2.20 1.30
0.90 1.60 1.90
0.50 2.50 1.30
0.50 1.30 1.90
2.10 2.20 1.30
0.50 1.30 1.30
1.80 1.30 1.30
0.50 2.50 1.30
0.50 1.30 1.00
0.20 1.60 1.30
0.90 1.30 1.30
0.20 0.90 1.90
0.50 1.60 1.00
0.20 0.00 1.90
0.90 2.20 1.00
0.50 0.00 1.00
0.50 1.30 0.70
0.20 0.90 1.30
0.50 0.90 1.30
0.20 1.30 1.00
0.90 0.30 1.00
0.20 1.30 1.30
0.20 0.90 1.00
0.20 0.30 1.00
0.50 1.30 1.00
0.50 0.00 0.70
0.50 1.60 0.70
0.20 0.00 0.70
0.90 0.30 0.70
0.20 0.90 1.00
-0.40 0.30 1.00
0.20 0.90 0.70
0.20 0.00 0.70
0.20 1.30 1.00
0.50 0.90 -0.30
0.20 0.30 0.70
0.20 1.30 0.70
0.20 0.00 0.70
0.20 1.30 -0.30
-0.40 0.00 0.70
0.20 0.90 -0.30
0.20 0.90 0.70
0.20 0.00 -0.30
-0.40 1.30 1.00
0.20 -0.30 0.70
-0.40 0.00 0.70
0.20 0.30 -0.30
-0.40 0.00 0.70
0.20 0.90 -0.30
0.20 0.30 0.70
0.20 0.30 -0.30
-0.40 0.00 0.70
-0.40 0.90 -0.30
-0.40 0.00 -0.30
0.50 0.30 -0.30
0.20 0.30 0.70
0.20 0.00 -0.30
0.20 0.90 -0.30
0.50 -0.30 1.00
0.20 0.00 0.70
0.20 0.90 -0.30
